performance_date_key,year_month,content_id,monthly_hours_viewed_m,monthly_views_m,completion_rate_pct,repeat_view_share_pct,monthly_amortization_usd_m,content_roi_multiplier
20210401,2021-04,1,185.99,25.83,88.7,14.3,0.59,1.56
20210501,2021-05,1,100.17,13.91,81.0,13.0,0.59,2.41
20210601,2021-06,1,34.38,4.78,78.0,14.2,0.59,2.7
20210701,2021-07,1,36.98,5.14,78.0,14.3,0.59,3.01
20210801,2021-08,1,25.88,3.59,78.0,23.6,0.59,3.22
20210901,2021-09,1,22.35,3.1,78.0,20.3,0.59,3.41
20211001,2021-10,1,17.87,2.48,78.0,15.6,0.59,3.56
20211101,2021-11,1,10.39,1.44,72.0,15.9,0.59,3.65
20211201,2021-12,1,9.92,1.38,72.0,18.5,0.59,3.73
20220101,2022-01,1,10.51,1.46,72.0,23.6,0.59,3.82
20220201,2022-02,1,9.33,1.3,72.0,21.6,0.59,3.9
20220301,2022-03,1,8.77,1.22,72.0,19.6,0.59,3.97
20220401,2022-04,1,8.53,1.18,72.0,14.8,0.59,4.05
20220501,2022-05,1,9.38,1.3,72.0,9.7,0.59,4.13
20220601,2022-06,1,8.58,1.19,72.0,18.4,0.59,4.2
20220701,2022-07,1,9.9,1.38,72.0,15.7,0.59,4.28
20220801,2022-08,1,10.01,1.39,72.0,20.9,0.59,4.36
20220901,2022-09,1,10.0,1.39,72.0,19.0,0.59,4.45
20221001,2022-10,1,8.32,1.16,72.0,18.3,0.59,4.52
20221101,2022-11,1,8.65,1.2,72.0,11.1,0.59,4.59
20221201,2022-12,1,10.22,1.42,72.0,18.0,0.59,4.68
20230101,2023-01,1,8.28,1.15,72.0,14.5,0.59,4.75
20230201,2023-02,1,9.22,1.28,72.0,11.6,0.59,4.82
20230301,2023-03,1,8.93,1.24,72.0,23.1,0.59,4.9
20230401,2023-04,1,8.18,1.14,72.0,10.9,0.59,4.97
20230501,2023-05,1,7.93,1.1,72.0,12.4,0.59,5.04
20230601,2023-06,1,9.88,1.37,72.0,22.6,0.59,5.12
20230701,2023-07,1,10.56,1.47,72.0,8.2,0.59,5.21
20230801,2023-08,1,9.76,1.36,72.0,16.8,0.59,5.29
20230901,2023-09,1,9.69,1.35,72.0,12.5,0.59,5.37
20231001,2023-10,1,10.03,1.39,72.0,22.5,0.59,5.46
20231101,2023-11,1,8.83,1.23,72.0,14.9,0.59,5.53
20231201,2023-12,1,9.45,1.31,72.0,22.6,0.59,5.61
20240101,2024-01,1,8.67,1.2,72.0,12.4,0.59,5.68
20240201,2024-02,1,9.16,1.27,72.0,10.3,0.59,5.76
20240301,2024-03,1,8.4,1.17,72.0,22.7,0.59,5.83
20240401,2024-04,1,8.49,1.18,72.0,20.3,0.0,5.9
20240501,2024-05,1,8.39,1.17,72.0,19.8,0.0,5.97
20240601,2024-06,1,8.26,1.15,72.0,15.8,0.0,6.04
20240701,2024-07,1,8.32,1.16,72.0,22.8,0.0,6.11
20240801,2024-08,1,9.13,1.27,72.0,10.1,0.0,6.19
20240901,2024-09,1,8.9,1.24,72.0,18.8,0.0,6.26
20241001,2024-10,1,8.24,1.14,72.0,21.0,0.0,6.33
20241101,2024-11,1,9.71,1.35,72.0,21.3,0.0,6.41
20241201,2024-12,1,8.08,1.12,72.0,20.0,0.0,6.48
20250101,2025-01,1,8.04,1.12,72.0,9.6,0.0,6.55
20250201,2025-02,1,10.24,1.42,72.0,15.6,0.0,6.64
20250301,2025-03,1,8.85,1.23,72.0,20.2,0.0,6.71
20250401,2025-04,1,9.65,1.34,72.0,16.7,0.0,6.79
20250501,2025-05,1,9.19,1.28,72.0,11.9,0.0,6.87
20250601,2025-06,1,8.78,1.22,72.0,12.1,0.0,6.94
20250701,2025-07,1,8.98,1.25,72.0,13.9,0.0,7.02
20250801,2025-08,1,9.59,1.33,72.0,22.3,0.0,7.1
20250901,2025-09,1,8.89,1.23,72.0,20.9,0.0,7.17
20251001,2025-10,1,10.29,1.43,72.0,16.5,0.0,7.26
20251101,2025-11,1,9.68,1.34,72.0,14.8,0.0,7.34
20251201,2025-12,1,8.32,1.16,72.0,14.0,0.0,7.41
20220401,2022-04,2,2809.2,390.17,89.4,23.4,7.5,1.87
20220501,2022-05,2,1794.34,249.21,88.3,16.9,7.5,3.07
20220601,2022-06,2,533.77,74.13,79.4,18.0,7.5,3.42
20220701,2022-07,2,434.98,60.41,79.4,22.8,7.5,3.71
20220801,2022-08,2,366.17,50.86,79.4,12.1,7.5,3.96
20220901,2022-09,2,340.85,47.34,79.4,8.3,7.5,4.19
20221001,2022-10,2,271.48,37.71,79.4,8.5,7.5,4.37
20221101,2022-11,2,156.45,21.73,73.0,18.7,7.5,4.47
20221201,2022-12,2,146.36,20.33,73.0,15.8,7.5,4.57
20230101,2023-01,2,176.21,24.47,73.0,10.8,7.5,4.69
20230201,2023-02,2,149.7,20.79,73.0,22.1,7.5,4.79
20230301,2023-03,2,136.44,18.95,73.0,8.2,7.5,4.88
20230401,2023-04,2,162.27,22.54,73.0,9.9,7.5,4.99
20230501,2023-05,2,174.84,24.28,73.0,17.5,7.5,5.1
20230601,2023-06,2,167.23,23.23,73.0,14.3,7.5,5.21
20230701,2023-07,2,148.92,20.68,73.0,11.5,7.5,5.31
20230801,2023-08,2,162.78,22.61,73.0,13.6,7.5,5.42
20230901,2023-09,2,167.0,23.19,73.0,17.2,7.5,5.53
20231001,2023-10,2,149.92,20.82,73.0,21.2,7.5,5.63
20231101,2023-11,2,161.32,22.41,73.0,10.6,7.5,5.74
20231201,2023-12,2,160.76,22.33,73.0,10.7,7.5,5.85
20240101,2024-01,2,134.24,18.64,73.0,13.7,7.5,5.94
20240201,2024-02,2,137.36,19.08,73.0,12.1,7.5,6.03
20240301,2024-03,2,177.23,24.62,73.0,20.7,7.5,6.15
20240401,2024-04,2,159.15,22.1,73.0,14.5,7.5,6.25
20240501,2024-05,2,163.19,22.67,73.0,23.8,7.5,6.36
20240601,2024-06,2,151.67,21.07,73.0,12.4,7.5,6.46
20240701,2024-07,2,171.55,23.83,73.0,15.6,7.5,6.58
20240801,2024-08,2,167.77,23.3,73.0,21.1,7.5,6.69
20240901,2024-09,2,178.05,24.73,73.0,18.1,7.5,6.81
20241001,2024-10,2,142.71,19.82,73.0,22.2,7.5,6.9
20241101,2024-11,2,164.78,22.89,73.0,22.3,7.5,7.01
20241201,2024-12,2,169.19,23.5,73.0,21.8,7.5,7.13
20250101,2025-01,2,144.06,20.01,73.0,12.0,7.5,7.22
20250201,2025-02,2,151.27,21.01,73.0,12.7,7.5,7.32
20250301,2025-03,2,152.82,21.22,73.0,9.7,7.5,7.42
20250401,2025-04,2,166.57,23.13,73.0,20.9,0.0,7.54
20250501,2025-05,2,177.82,24.7,73.0,10.4,0.0,7.65
20250601,2025-06,2,142.75,19.83,73.0,12.6,0.0,7.75
20250701,2025-07,2,164.1,22.79,73.0,20.3,0.0,7.86
20250801,2025-08,2,175.7,24.4,73.0,21.6,0.0,7.98
20250901,2025-09,2,148.75,20.66,73.0,16.5,0.0,8.07
20251001,2025-10,2,139.43,19.37,73.0,12.4,0.0,8.17
20251101,2025-11,2,165.61,23.0,73.0,13.4,0.0,8.28
20251201,2025-12,2,146.28,20.32,73.0,11.1,0.0,8.38
20221001,2022-10,3,301.49,47.11,87.6,13.2,0.97,1.55
20221101,2022-11,3,160.46,25.07,80.3,12.0,0.97,2.38
20221201,2022-12,3,74.61,11.66,78.2,18.2,0.97,2.76
20230101,2023-01,3,48.27,7.54,78.2,9.7,0.97,3.01
20230201,2023-02,3,50.21,7.85,78.2,20.5,0.97,3.27
20230301,2023-03,3,39.43,6.16,78.2,11.8,0.97,3.47
20230401,2023-04,3,37.86,5.92,78.2,15.8,0.97,3.66
20230501,2023-05,3,16.7,2.61,72.2,19.0,0.97,3.75
20230601,2023-06,3,14.94,2.33,72.2,14.0,0.97,3.83
20230701,2023-07,3,13.68,2.14,72.2,13.0,0.97,3.9
20230801,2023-08,3,14.88,2.33,72.2,13.7,0.97,3.97
20230901,2023-09,3,17.43,2.72,72.2,20.8,0.97,4.06
20231001,2023-10,3,13.58,2.12,72.2,20.8,0.97,4.13
20231101,2023-11,3,14.91,2.33,72.2,13.0,0.97,4.21
20231201,2023-12,3,17.07,2.67,72.2,12.0,0.97,4.3
20240101,2024-01,3,17.52,2.74,72.2,10.1,0.97,4.39
20240201,2024-02,3,16.09,2.51,72.2,13.6,0.97,4.47
20240301,2024-03,3,17.21,2.69,72.2,20.3,0.97,4.56
20240401,2024-04,3,17.33,2.71,72.2,20.1,0.97,4.65
20240501,2024-05,3,14.23,2.22,72.2,12.9,0.97,4.72
20240601,2024-06,3,15.61,2.44,72.2,13.1,0.97,4.8
20240701,2024-07,3,17.44,2.73,72.2,22.0,0.97,4.89
20240801,2024-08,3,15.35,2.4,72.2,22.4,0.97,4.97
20240901,2024-09,3,17.53,2.74,72.2,18.5,0.97,5.06
20241001,2024-10,3,13.61,2.13,72.2,17.5,0.97,5.13
20241101,2024-11,3,13.66,2.13,72.2,22.6,0.97,5.2
20241201,2024-12,3,15.28,2.39,72.2,13.0,0.97,5.28
20250101,2025-01,3,16.23,2.54,72.2,22.1,0.97,5.36
20250201,2025-02,3,16.01,2.5,72.2,12.3,0.97,5.44
20250301,2025-03,3,17.22,2.69,72.2,12.2,0.97,5.53
20250401,2025-04,3,15.65,2.45,72.2,8.7,0.97,5.61
20250501,2025-05,3,16.51,2.58,72.2,19.7,0.97,5.7
20250601,2025-06,3,17.12,2.67,72.2,16.9,0.97,5.79
20250701,2025-07,3,15.13,2.36,72.2,19.9,0.97,5.86
20250801,2025-08,3,13.87,2.17,72.2,22.9,0.97,5.94
20250901,2025-09,3,18.15,2.84,72.2,14.4,0.97,6.03
20251001,2025-10,3,15.58,2.43,72.2,21.4,0.0,6.11
20251101,2025-11,3,16.33,2.55,72.2,12.2,0.0,6.19
20251201,2025-12,3,17.23,2.69,72.2,15.3,0.0,6.28
20210901,2021-09,4,1018.44,565.8,87.8,20.6,5.56,0.92
20211001,2021-10,4,509.64,283.13,79.9,15.2,5.56,1.38
20211101,2021-11,4,205.84,114.36,74.6,22.2,5.56,1.56
20211201,2021-12,4,201.91,112.17,74.6,12.5,5.56,1.74
20220101,2022-01,4,176.73,98.18,74.6,16.3,5.56,1.9
20220201,2022-02,4,132.0,73.33,74.6,14.6,5.56,2.02
20220301,2022-03,4,121.43,67.46,74.6,20.4,5.56,2.13
20220401,2022-04,4,37.75,20.97,69.5,21.6,5.56,2.16
20220501,2022-05,4,40.99,22.77,69.5,21.6,5.56,2.2
20220601,2022-06,4,40.17,22.32,69.5,16.5,5.56,2.24
20220701,2022-07,4,38.22,21.23,69.5,11.3,5.56,2.27
20220801,2022-08,4,34.59,19.22,69.5,19.9,5.56,2.3
20220901,2022-09,4,31.43,17.46,69.5,15.2,5.56,2.33
20221001,2022-10,4,40.57,22.54,69.5,19.6,5.56,2.37
20221101,2022-11,4,36.16,20.09,69.5,22.2,5.56,2.4
20221201,2022-12,4,33.88,18.82,69.5,20.5,5.56,2.43
20230101,2023-01,4,41.78,23.21,69.5,12.0,5.56,2.47
20230201,2023-02,4,40.72,22.62,69.5,18.4,5.56,2.5
20230301,2023-03,4,37.43,20.79,69.5,19.0,5.56,2.54
20230401,2023-04,4,35.26,19.59,69.5,19.7,5.56,2.57
20230501,2023-05,4,38.73,21.52,69.5,11.8,5.56,2.6
20230601,2023-06,4,40.35,22.42,69.5,13.5,5.56,2.64
20230701,2023-07,4,35.14,19.52,69.5,19.0,5.56,2.67
20230801,2023-08,4,36.19,20.11,69.5,8.0,5.56,2.7
20230901,2023-09,4,36.51,20.28,69.5,9.6,5.56,2.74
20231001,2023-10,4,34.24,19.02,69.5,15.5,5.56,2.77
20231101,2023-11,4,38.64,21.47,69.5,16.8,5.56,2.8
20231201,2023-12,4,32.73,18.18,69.5,10.7,5.56,2.83
20240101,2024-01,4,37.64,20.91,69.5,20.6,5.56,2.87
20240201,2024-02,4,36.69,20.38,69.5,22.0,5.56,2.9
20240301,2024-03,4,38.0,21.11,69.5,18.2,5.56,2.93
20240401,2024-04,4,32.42,18.01,69.5,22.7,5.56,2.96
20240501,2024-05,4,40.72,22.62,69.5,17.0,5.56,3.0
20240601,2024-06,4,39.28,21.82,69.5,19.2,5.56,3.03
20240701,2024-07,4,34.36,19.09,69.5,20.9,5.56,3.07
20240801,2024-08,4,35.85,19.92,69.5,20.4,5.56,3.1
20240901,2024-09,4,38.66,21.48,69.5,14.2,0.0,3.13
20241001,2024-10,4,38.41,21.34,69.5,14.5,0.0,3.17
20241101,2024-11,4,36.63,20.35,69.5,20.9,0.0,3.2
20241201,2024-12,4,36.1,20.06,69.5,17.6,0.0,3.23
20250101,2025-01,4,34.04,18.91,69.5,21.8,0.0,3.26
20250201,2025-02,4,33.6,18.67,69.5,21.9,0.0,3.29
20250301,2025-03,4,33.43,18.57,69.5,21.4,0.0,3.32
20250401,2025-04,4,31.4,17.44,69.5,19.2,0.0,3.35
20250501,2025-05,4,39.98,22.21,69.5,19.3,0.0,3.39
20250601,2025-06,4,40.88,22.71,69.5,23.0,0.0,3.43
20250701,2025-07,4,32.43,18.02,69.5,17.2,0.0,3.45
20250801,2025-08,4,35.32,19.62,69.5,23.8,0.0,3.49
20250901,2025-09,4,34.98,19.43,69.5,19.8,0.0,3.52
20251001,2025-10,4,31.98,17.77,69.5,19.4,0.0,3.55
20251101,2025-11,4,39.34,21.86,69.5,22.9,0.0,3.58
20251201,2025-12,4,42.01,23.34,69.5,20.0,0.0,3.62
20221101,2022-11,5,288.1,160.06,81.1,14.3,1.11,1.3
20221201,2022-12,5,155.57,86.43,81.1,23.2,1.11,2.0
20230101,2023-01,5,54.38,30.21,76.2,18.7,1.11,2.24
20230201,2023-02,5,41.65,23.14,76.2,22.2,1.11,2.43
20230301,2023-03,5,45.92,25.51,76.2,12.0,1.11,2.64
20230401,2023-04,5,30.83,17.13,76.2,18.5,1.11,2.77
20230501,2023-05,5,31.62,17.57,76.2,11.1,1.11,2.92
20230601,2023-06,5,10.62,5.9,70.7,11.2,1.11,2.96
20230701,2023-07,5,12.16,6.76,70.7,17.3,1.11,3.02
20230801,2023-08,5,12.98,7.21,70.7,20.8,1.11,3.08
20230901,2023-09,5,10.44,5.8,70.7,15.4,1.11,3.12
20231001,2023-10,5,11.5,6.39,70.7,12.9,1.11,3.18
20231101,2023-11,5,10.16,5.64,70.7,20.2,1.11,3.22
20231201,2023-12,5,10.91,6.06,70.7,23.1,1.11,3.27
20240101,2024-01,5,10.78,5.99,70.7,8.5,1.11,3.32
20240201,2024-02,5,12.06,6.7,70.7,10.2,1.11,3.37
20240301,2024-03,5,10.01,5.56,70.7,22.1,1.11,3.42
20240401,2024-04,5,12.93,7.18,70.7,22.9,1.11,3.48
20240501,2024-05,5,10.02,5.57,70.7,20.8,1.11,3.52
20240601,2024-06,5,11.69,6.49,70.7,22.8,1.11,3.57
20240701,2024-07,5,12.83,7.13,70.7,14.6,1.11,3.63
20240801,2024-08,5,10.29,5.72,70.7,14.6,1.11,3.68
20240901,2024-09,5,11.21,6.23,70.7,15.0,1.11,3.73
20241001,2024-10,5,10.88,6.04,70.7,19.9,1.11,3.78
20241101,2024-11,5,11.02,6.12,70.7,10.6,1.11,3.83
20241201,2024-12,5,12.58,6.99,70.7,13.2,1.11,3.88
20250101,2025-01,5,10.79,5.99,70.7,22.8,1.11,3.93
20250201,2025-02,5,10.01,5.56,70.7,13.6,1.11,3.98
20250301,2025-03,5,13.0,7.22,70.7,19.5,1.11,4.04
20250401,2025-04,5,11.6,6.44,70.7,11.4,1.11,4.09
20250501,2025-05,5,9.73,5.41,70.7,15.9,1.11,4.13
20250601,2025-06,5,10.02,5.57,70.7,8.9,1.11,4.18
20250701,2025-07,5,11.52,6.4,70.7,17.2,1.11,4.23
20250801,2025-08,5,11.56,6.42,70.7,18.0,1.11,4.28
20250901,2025-09,5,11.72,6.51,70.7,12.5,1.11,4.33
20251001,2025-10,5,11.72,6.51,70.7,12.4,1.11,4.39
20251101,2025-11,5,9.95,5.53,70.7,21.4,0.0,4.43
20251201,2025-12,5,11.41,6.34,70.7,17.3,0.0,4.48
20220501,2022-05,6,1411.31,88.21,89.4,18.4,3.61,1.95
20220601,2022-06,6,733.36,45.84,85.3,9.2,3.61,2.97
20220701,2022-07,6,263.63,16.48,79.2,16.0,3.61,3.33
20220801,2022-08,6,201.6,12.6,79.2,14.9,3.61,3.61
20220901,2022-09,6,225.57,14.1,79.2,12.8,3.61,3.93
20221001,2022-10,6,173.83,10.86,79.2,17.4,3.61,4.17
20221101,2022-11,6,161.47,10.09,79.2,9.7,3.61,4.39
20221201,2022-12,6,65.81,4.11,72.9,19.6,3.61,4.48
20230101,2023-01,6,80.1,5.01,72.9,12.8,3.61,4.59
20230201,2023-02,6,78.76,4.92,72.9,9.2,3.61,4.7
20230301,2023-03,6,67.71,4.23,72.9,10.1,3.61,4.8
20230401,2023-04,6,81.62,5.1,72.9,8.6,3.61,4.91
20230501,2023-05,6,75.49,4.72,72.9,13.3,3.61,5.01
20230601,2023-06,6,80.93,5.06,72.9,17.3,3.61,5.12
20230701,2023-07,6,77.44,4.84,72.9,21.3,3.61,5.23
20230801,2023-08,6,79.64,4.98,72.9,18.6,3.61,5.34
20230901,2023-09,6,70.49,4.41,72.9,12.8,3.61,5.44
20231001,2023-10,6,74.05,4.63,72.9,16.1,3.61,5.54
20231101,2023-11,6,79.39,4.96,72.9,10.0,3.61,5.65
20231201,2023-12,6,76.72,4.79,72.9,10.3,3.61,5.76
20240101,2024-01,6,62.24,3.89,72.9,14.2,3.61,5.84
20240201,2024-02,6,76.65,4.79,72.9,18.6,3.61,5.95
20240301,2024-03,6,77.3,4.83,72.9,8.3,3.61,6.06
20240401,2024-04,6,68.53,4.28,72.9,16.3,3.61,6.15
20240501,2024-05,6,62.47,3.9,72.9,11.2,3.61,6.24
20240601,2024-06,6,75.52,4.72,72.9,18.6,3.61,6.34
20240701,2024-07,6,80.57,5.04,72.9,11.2,3.61,6.46
20240801,2024-08,6,62.96,3.94,72.9,9.9,3.61,6.54
20240901,2024-09,6,69.79,4.36,72.9,18.5,3.61,6.64
20241001,2024-10,6,71.43,4.46,72.9,15.7,3.61,6.74
20241101,2024-11,6,63.3,3.96,72.9,21.4,3.61,6.83
20241201,2024-12,6,65.12,4.07,72.9,16.8,3.61,6.92
20250101,2025-01,6,80.93,5.06,72.9,22.9,3.61,7.03
20250201,2025-02,6,70.9,4.43,72.9,14.0,3.61,7.13
20250301,2025-03,6,65.0,4.06,72.9,8.1,3.61,7.22
20250401,2025-04,6,77.27,4.83,72.9,17.5,3.61,7.32
20250501,2025-05,6,81.46,5.09,72.9,16.1,0.0,7.44
20250601,2025-06,6,66.52,4.16,72.9,20.0,0.0,7.53
20250701,2025-07,6,82.47,5.15,72.9,11.9,0.0,7.64
20250801,2025-08,6,74.55,4.66,72.9,19.9,0.0,7.75
20250901,2025-09,6,72.61,4.54,72.9,20.0,0.0,7.85
20251001,2025-10,6,68.51,4.28,72.9,18.0,0.0,7.94
20251101,2025-11,6,66.71,4.17,72.9,22.5,0.0,8.03
20251201,2025-12,6,76.18,4.76,72.9,17.7,0.0,8.14
20220301,2022-03,7,1140.36,89.09,87.0,12.0,3.89,1.47
20220401,2022-04,7,651.67,50.91,78.2,8.8,3.89,2.3
20220501,2022-05,7,227.16,17.75,76.8,21.5,3.89,2.6
20220601,2022-06,7,166.37,13.0,76.8,20.1,3.89,2.81
20220701,2022-07,7,153.22,11.97,76.8,17.4,3.89,3.01
20220801,2022-08,7,112.23,8.77,76.8,19.4,3.89,3.15
20220901,2022-09,7,112.41,8.78,76.8,9.2,3.89,3.3
20221001,2022-10,7,42.68,3.33,71.1,15.9,3.89,3.35
20221101,2022-11,7,42.73,3.34,71.1,22.6,3.89,3.41
20221201,2022-12,7,41.01,3.2,71.1,15.0,3.89,3.46
20230101,2023-01,7,52.21,4.08,71.1,8.0,3.89,3.53
20230201,2023-02,7,48.2,3.77,71.1,20.8,3.89,3.59
20230301,2023-03,7,51.33,4.01,71.1,20.8,3.89,3.65
20230401,2023-04,7,39.59,3.09,71.1,15.1,3.89,3.7
20230501,2023-05,7,41.01,3.2,71.1,9.3,3.89,3.76
20230601,2023-06,7,39.56,3.09,71.1,15.3,3.89,3.81
20230701,2023-07,7,50.49,3.94,71.1,11.3,3.89,3.87
20230801,2023-08,7,46.09,3.6,71.1,16.7,3.89,3.93
20230901,2023-09,7,44.98,3.51,71.1,13.3,3.89,3.99
20231001,2023-10,7,41.36,3.23,71.1,19.3,3.89,4.04
20231101,2023-11,7,49.06,3.83,71.1,16.9,3.89,4.11
20231201,2023-12,7,48.52,3.79,71.1,21.3,3.89,4.17
20240101,2024-01,7,49.14,3.84,71.1,23.1,3.89,4.23
20240201,2024-02,7,49.66,3.88,71.1,12.0,3.89,4.3
20240301,2024-03,7,48.07,3.76,71.1,16.0,3.89,4.36
20240401,2024-04,7,44.43,3.47,71.1,11.8,3.89,4.41
20240501,2024-05,7,50.53,3.95,71.1,8.5,3.89,4.48
20240601,2024-06,7,39.71,3.1,71.1,23.4,3.89,4.53
20240701,2024-07,7,40.99,3.2,71.1,22.7,3.89,4.58
20240801,2024-08,7,51.95,4.06,71.1,8.0,3.89,4.65
20240901,2024-09,7,46.76,3.65,71.1,17.6,3.89,4.71
20241001,2024-10,7,43.55,3.4,71.1,15.3,3.89,4.77
20241101,2024-11,7,51.14,4.0,71.1,14.0,3.89,4.83
20241201,2024-12,7,48.6,3.8,71.1,20.5,3.89,4.89
20250101,2025-01,7,40.22,3.14,71.1,20.1,3.89,4.95
20250201,2025-02,7,40.17,3.14,71.1,18.7,3.89,5.0
20250301,2025-03,7,49.33,3.85,71.1,11.3,0.0,5.06
20250401,2025-04,7,52.48,4.1,71.1,14.8,0.0,5.13
20250501,2025-05,7,48.72,3.81,71.1,16.7,0.0,5.19
20250601,2025-06,7,39.54,3.09,71.1,21.6,0.0,5.24
20250701,2025-07,7,39.22,3.06,71.1,8.7,0.0,5.29
20250801,2025-08,7,51.37,4.01,71.1,19.4,0.0,5.36
20250901,2025-09,7,52.94,4.14,71.1,8.5,0.0,5.43
20251001,2025-10,7,52.61,4.11,71.1,19.9,0.0,5.49
20251101,2025-11,7,49.5,3.87,71.1,11.7,0.0,5.56
20251201,2025-12,7,50.88,3.98,71.1,11.4,0.0,5.62
20220801,2022-08,8,284.64,29.65,84.2,21.2,1.25,1.14
20220901,2022-09,8,172.07,17.92,78.4,8.7,1.25,1.83
20221001,2022-10,8,54.2,5.65,75.6,21.9,1.25,2.04
20221101,2022-11,8,45.47,4.74,75.6,14.0,1.25,2.23
20221201,2022-12,8,42.28,4.4,75.6,16.0,1.25,2.39
20230101,2023-01,8,35.19,3.67,75.6,8.8,1.25,2.54
20230201,2023-02,8,26.19,2.73,75.6,18.0,1.25,2.64
20230301,2023-03,8,11.13,1.16,70.2,22.1,1.25,2.68
20230401,2023-04,8,10.79,1.12,70.2,14.6,1.25,2.73
20230501,2023-05,8,11.74,1.22,70.2,21.1,1.25,2.77
20230601,2023-06,8,10.28,1.07,70.2,22.4,1.25,2.82
20230701,2023-07,8,10.96,1.14,70.2,15.5,1.25,2.86
20230801,2023-08,8,11.98,1.25,70.2,19.3,1.25,2.91
20230901,2023-09,8,12.27,1.28,70.2,15.7,1.25,2.96
20231001,2023-10,8,11.29,1.18,70.2,23.3,1.25,3.0
20231101,2023-11,8,11.08,1.15,70.2,19.8,1.25,3.05
20231201,2023-12,8,9.54,0.99,70.2,15.2,1.25,3.08
20240101,2024-01,8,9.48,0.99,70.2,21.0,1.25,3.12
20240201,2024-02,8,12.17,1.27,70.2,17.6,1.25,3.17
20240301,2024-03,8,9.39,0.98,70.2,8.5,1.25,3.21
20240401,2024-04,8,11.16,1.16,70.2,22.1,1.25,3.25
20240501,2024-05,8,11.3,1.18,70.2,13.0,1.25,3.3
20240601,2024-06,8,9.52,0.99,70.2,20.8,1.25,3.34
20240701,2024-07,8,10.47,1.09,70.2,19.7,1.25,3.38
20240801,2024-08,8,10.02,1.04,70.2,10.7,1.25,3.42
20240901,2024-09,8,11.72,1.22,70.2,15.2,1.25,3.47
20241001,2024-10,8,10.78,1.12,70.2,15.2,1.25,3.51
20241101,2024-11,8,10.38,1.08,70.2,12.7,1.25,3.55
20241201,2024-12,8,10.95,1.14,70.2,9.7,1.25,3.59
20250101,2025-01,8,9.95,1.04,70.2,9.6,1.25,3.63
20250201,2025-02,8,10.55,1.1,70.2,13.1,1.25,3.68
20250301,2025-03,8,11.81,1.23,70.2,8.3,1.25,3.72
20250401,2025-04,8,11.2,1.17,70.2,8.6,1.25,3.77
20250501,2025-05,8,10.38,1.08,70.2,9.6,1.25,3.81
20250601,2025-06,8,12.52,1.3,70.2,12.3,1.25,3.86
20250701,2025-07,8,10.93,1.14,70.2,12.4,1.25,3.9
20250801,2025-08,8,9.81,1.02,70.2,22.4,0.0,3.94
20250901,2025-09,8,11.83,1.23,70.2,15.9,0.0,3.99
20251001,2025-10,8,9.86,1.03,70.2,14.7,0.0,4.03
20251101,2025-11,8,9.89,1.03,70.2,22.1,0.0,4.07
20251201,2025-12,8,9.99,1.04,70.2,11.6,0.0,4.11
20230201,2023-02,9,250.85,44.79,80.9,20.6,0.83,1.51
20230301,2023-03,9,144.41,25.79,80.7,21.8,0.83,2.37
20230401,2023-04,9,40.53,7.24,77.0,19.8,0.83,2.61
20230501,2023-05,9,37.78,6.75,77.0,8.5,0.83,2.84
20230601,2023-06,9,38.28,6.84,77.0,22.8,0.83,3.07
20230701,2023-07,9,30.69,5.48,77.0,9.0,0.83,3.26
20230801,2023-08,9,24.18,4.32,77.0,17.2,0.83,3.4
20230901,2023-09,9,11.12,1.99,71.2,19.4,0.83,3.47
20231001,2023-10,9,10.28,1.84,71.2,9.5,0.83,3.53
20231101,2023-11,9,9.53,1.7,71.2,21.5,0.83,3.59
20231201,2023-12,9,9.71,1.73,71.2,21.1,0.83,3.64
20240101,2024-01,9,10.31,1.84,71.2,23.4,0.83,3.71
20240201,2024-02,9,11.08,1.98,71.2,20.2,0.83,3.77
20240301,2024-03,9,11.35,2.03,71.2,16.5,0.83,3.84
20240401,2024-04,9,10.1,1.8,71.2,8.6,0.83,3.9
20240501,2024-05,9,10.21,1.82,71.2,20.6,0.83,3.96
20240601,2024-06,9,10.69,1.91,71.2,17.2,0.83,4.03
20240701,2024-07,9,9.65,1.72,71.2,15.6,0.83,4.08
20240801,2024-08,9,9.92,1.77,71.2,15.4,0.83,4.14
20240901,2024-09,9,8.93,1.59,71.2,17.1,0.83,4.2
20241001,2024-10,9,10.91,1.95,71.2,10.6,0.83,4.26
20241101,2024-11,9,9.23,1.65,71.2,17.2,0.83,4.32
20241201,2024-12,9,9.2,1.64,71.2,10.8,0.83,4.37
20250101,2025-01,9,10.55,1.88,71.2,21.2,0.83,4.44
20250201,2025-02,9,9.76,1.74,71.2,10.7,0.83,4.5
20250301,2025-03,9,11.71,2.09,71.2,8.8,0.83,4.57
20250401,2025-04,9,10.08,1.8,71.2,19.7,0.83,4.63
20250501,2025-05,9,11.14,1.99,71.2,9.3,0.83,4.69
20250601,2025-06,9,10.23,1.83,71.2,12.0,0.83,4.75
20250701,2025-07,9,11.83,2.11,71.2,21.9,0.83,4.83
20250801,2025-08,9,10.12,1.81,71.2,12.5,0.83,4.89
20250901,2025-09,9,10.17,1.82,71.2,20.6,0.83,4.95
20251001,2025-10,9,9.34,1.67,71.2,10.7,0.83,5.0
20251101,2025-11,9,11.04,1.97,71.2,9.9,0.83,5.07
20251201,2025-12,9,10.91,1.95,71.2,8.7,0.83,5.13
20231201,2023-12,10,1242.0,194.06,91.3,11.3,3.83,1.62
20240101,2024-01,10,816.98,127.65,79.8,16.5,3.83,2.69
20240201,2024-02,10,295.57,46.18,78.6,16.6,3.83,3.07
20240301,2024-03,10,262.86,41.07,78.6,17.5,3.83,3.41
20240401,2024-04,10,174.85,27.32,78.6,8.6,3.83,3.64
20240501,2024-05,10,184.99,28.9,78.6,23.5,3.83,3.88
20240601,2024-06,10,138.96,21.71,78.6,9.4,3.83,4.06
20240701,2024-07,10,73.95,11.55,72.5,13.8,3.83,4.16
20240801,2024-08,10,76.98,12.03,72.5,18.1,3.83,4.26
20240901,2024-09,10,70.71,11.05,72.5,13.4,3.83,4.35
20241001,2024-10,10,60.76,9.49,72.5,23.0,3.83,4.43
20241101,2024-11,10,61.35,9.59,72.5,20.2,3.83,4.51
20241201,2024-12,10,75.16,11.74,72.5,17.2,3.83,4.61
20250101,2025-01,10,71.7,11.2,72.5,21.5,3.83,4.7
20250201,2025-02,10,78.2,12.22,72.5,16.8,3.83,4.81
20250301,2025-03,10,70.66,11.04,72.5,18.1,3.83,4.9
20250401,2025-04,10,66.33,10.36,72.5,16.1,3.83,4.99
20250501,2025-05,10,61.77,9.65,72.5,15.9,3.83,5.07
20250601,2025-06,10,64.44,10.07,72.5,13.0,3.83,5.15
20250701,2025-07,10,71.8,11.22,72.5,9.0,3.83,5.24
20250801,2025-08,10,59.53,9.3,72.5,16.3,3.83,5.32
20250901,2025-09,10,76.12,11.89,72.5,11.4,3.83,5.42
20251001,2025-10,10,74.2,11.59,72.5,20.3,3.83,5.52
20251101,2025-11,10,67.69,10.58,72.5,12.0,3.83,5.61
20251201,2025-12,10,61.31,9.58,72.5,13.6,3.83,5.69
20240701,2024-07,11,114.09,20.37,88.6,13.7,0.42,1.37
20240801,2024-08,11,74.73,13.34,77.4,14.1,0.42,2.27
20240901,2024-09,11,28.48,5.09,77.6,10.4,0.42,2.61
20241001,2024-10,11,19.3,3.45,77.6,9.4,0.42,2.84
20241101,2024-11,11,18.57,3.32,77.6,17.6,0.42,3.06
20241201,2024-12,11,13.81,2.47,77.6,13.0,0.42,3.23
20250101,2025-01,11,14.84,2.65,77.6,21.6,0.42,3.41
20250201,2025-02,11,5.79,1.03,71.7,22.3,0.42,3.48
20250301,2025-03,11,5.84,1.04,71.7,20.4,0.42,3.55
20250401,2025-04,11,5.1,0.91,71.7,14.3,0.42,3.61
20250501,2025-05,11,5.74,1.02,71.7,15.6,0.42,3.68
20250601,2025-06,11,6.35,1.13,71.7,17.3,0.42,3.75
20250701,2025-07,11,5.3,0.95,71.7,11.0,0.42,3.82
20250801,2025-08,11,6.1,1.09,71.7,9.3,0.42,3.89
20250901,2025-09,11,6.05,1.08,71.7,8.4,0.42,3.96
20251001,2025-10,11,6.77,1.21,71.7,11.6,0.42,4.04
20251101,2025-11,11,6.5,1.16,71.7,22.1,0.42,4.12
20251201,2025-12,11,6.68,1.19,71.7,14.4,0.42,4.2
20231201,2023-12,12,211.6,26.45,90.6,18.8,0.69,1.52
20240101,2024-01,12,95.97,12.0,83.6,18.0,0.69,2.21
20240201,2024-02,12,45.07,5.63,77.0,22.9,0.69,2.54
20240301,2024-03,12,28.63,3.58,77.0,19.6,0.69,2.75
20240401,2024-04,12,30.54,3.82,77.0,16.1,0.69,2.97
20240501,2024-05,12,23.37,2.92,77.0,12.0,0.69,3.13
20240601,2024-06,12,18.79,2.35,77.0,9.2,0.69,3.27
20240701,2024-07,12,8.66,1.08,71.2,21.5,0.69,3.33
20240801,2024-08,12,8.57,1.07,71.2,19.8,0.69,3.39
20240901,2024-09,12,7.9,0.99,71.2,16.9,0.69,3.45
20241001,2024-10,12,8.88,1.11,71.2,9.7,0.69,3.51
20241101,2024-11,12,7.89,0.99,71.2,15.3,0.69,3.57
20241201,2024-12,12,8.53,1.07,71.2,17.2,0.69,3.63
20250101,2025-01,12,8.06,1.01,71.2,17.9,0.69,3.69
20250201,2025-02,12,8.81,1.1,71.2,15.5,0.69,3.75
20250301,2025-03,12,8.07,1.01,71.2,23.7,0.69,3.81
20250401,2025-04,12,8.56,1.07,71.2,13.2,0.69,3.87
20250501,2025-05,12,8.5,1.06,71.2,22.5,0.69,3.93
20250601,2025-06,12,7.62,0.95,71.2,22.9,0.69,3.99
20250701,2025-07,12,8.94,1.12,71.2,13.4,0.69,4.05
20250801,2025-08,12,9.31,1.16,71.2,12.1,0.69,4.12
20250901,2025-09,12,8.74,1.09,71.2,10.1,0.69,4.18
20251001,2025-10,12,9.05,1.13,71.2,15.5,0.69,4.25
20251101,2025-11,12,7.66,0.96,71.2,17.9,0.69,4.3
20251201,2025-12,12,9.66,1.21,71.2,8.2,0.69,4.37
20230501,2023-05,13,475.98,264.43,84.4,17.9,1.94,1.22
20230601,2023-06,13,281.47,156.37,77.1,11.8,1.94,1.95
20230701,2023-07,13,101.86,56.59,76.0,22.1,1.94,2.21
20230801,2023-08,13,85.07,47.26,76.0,21.1,1.94,2.43
20230901,2023-09,13,64.12,35.62,76.0,22.9,1.94,2.59
20231001,2023-10,13,60.39,33.55,76.0,15.8,1.94,2.75
20231101,2023-11,13,43.69,24.27,76.0,22.0,1.94,2.86
20231201,2023-12,13,20.86,11.59,70.5,21.9,1.94,2.91
20240101,2024-01,13,18.1,10.06,70.5,14.5,1.94,2.96
20240201,2024-02,13,18.11,10.06,70.5,19.5,1.94,3.01
20240301,2024-03,13,19.45,10.81,70.5,22.2,1.94,3.06
20240401,2024-04,13,18.44,10.24,70.5,22.0,1.94,3.11
20240501,2024-05,13,21.61,12.01,70.5,13.1,1.94,3.16
20240601,2024-06,13,16.13,8.96,70.5,23.3,1.94,3.2
20240701,2024-07,13,19.93,11.07,70.5,11.9,1.94,3.25
20240801,2024-08,13,19.59,10.88,70.5,14.3,1.94,3.3
20240901,2024-09,13,21.72,12.07,70.5,23.2,1.94,3.36
20241001,2024-10,13,17.68,9.82,70.5,11.8,1.94,3.41
20241101,2024-11,13,19.34,10.74,70.5,21.2,1.94,3.45
20241201,2024-12,13,16.41,9.12,70.5,19.5,1.94,3.5
20250101,2025-01,13,17.12,9.51,70.5,15.0,1.94,3.54
20250201,2025-02,13,19.17,10.65,70.5,12.4,1.94,3.59
20250301,2025-03,13,17.19,9.55,70.5,16.6,1.94,3.63
20250401,2025-04,13,19.24,10.69,70.5,23.6,1.94,3.68
20250501,2025-05,13,20.68,11.49,70.5,10.1,1.94,3.74
20250601,2025-06,13,17.73,9.85,70.5,8.7,1.94,3.78
20250701,2025-07,13,18.95,10.53,70.5,8.4,1.94,3.83
20250801,2025-08,13,21.53,11.96,70.5,23.0,1.94,3.89
20250901,2025-09,13,20.32,11.29,70.5,20.7,1.94,3.94
20251001,2025-10,13,19.76,10.98,70.5,16.9,1.94,3.99
20251101,2025-11,13,16.3,9.06,70.5,17.7,1.94,4.03
20251201,2025-12,13,18.11,10.06,70.5,12.5,1.94,4.08
20231201,2023-12,14,224.0,124.44,80.1,14.9,1.11,1.01
20240101,2024-01,14,138.71,77.06,78.3,15.2,1.11,1.63
20240201,2024-02,14,40.77,22.65,75.0,12.4,1.11,1.82
20240301,2024-03,14,39.02,21.68,75.0,20.1,1.11,1.99
20240401,2024-04,14,30.96,17.2,75.0,14.9,1.11,2.13
20240501,2024-05,14,26.56,14.76,75.0,20.8,1.11,2.25
20240601,2024-06,14,23.13,12.85,75.0,15.7,1.11,2.35
20240701,2024-07,14,9.26,5.14,69.8,12.9,1.11,2.4
20240801,2024-08,14,7.52,4.18,69.8,22.5,1.11,2.43
20240901,2024-09,14,8.05,4.47,69.8,14.9,1.11,2.47
20241001,2024-10,14,8.75,4.86,69.8,12.1,1.11,2.51
20241101,2024-11,14,8.89,4.94,69.8,23.9,1.11,2.55
20241201,2024-12,14,7.95,4.42,69.8,19.3,1.11,2.58
20250101,2025-01,14,7.14,3.97,69.8,8.4,1.11,2.61
20250201,2025-02,14,8.37,4.65,69.8,22.8,1.11,2.65
20250301,2025-03,14,7.61,4.23,69.8,18.9,1.11,2.69
20250401,2025-04,14,8.2,4.56,69.8,8.7,1.11,2.72
20250501,2025-05,14,7.47,4.15,69.8,13.0,1.11,2.76
20250601,2025-06,14,9.07,5.04,69.8,10.8,1.11,2.8
20250701,2025-07,14,9.4,5.22,69.8,8.8,1.11,2.84
20250801,2025-08,14,7.49,4.16,69.8,20.1,1.11,2.87
20250901,2025-09,14,7.05,3.92,69.8,18.3,1.11,2.9
20251001,2025-10,14,7.92,4.4,69.8,10.5,1.11,2.94
20251101,2025-11,14,8.65,4.81,69.8,21.3,1.11,2.98
20251201,2025-12,14,7.08,3.93,69.8,21.0,1.11,3.01
20241001,2024-10,15,108.79,17.0,86.6,21.0,0.56,0.98
20241101,2024-11,15,64.19,10.03,79.9,10.1,0.56,1.56
20241201,2024-12,15,26.0,4.06,75.6,14.2,0.56,1.79
20250101,2025-01,15,19.27,3.01,75.6,9.5,0.56,1.96
20250201,2025-02,15,20.09,3.14,75.6,10.5,0.56,2.15
20250301,2025-03,15,15.99,2.5,75.6,10.4,0.56,2.29
20250401,2025-04,15,15.17,2.37,75.6,18.7,0.56,2.43
20250501,2025-05,15,5.45,0.85,70.2,19.6,0.56,2.47
20250601,2025-06,15,4.14,0.65,70.2,12.7,0.56,2.51
20250701,2025-07,15,4.97,0.78,70.2,21.6,0.56,2.56
20250801,2025-08,15,4.79,0.75,70.2,22.2,0.56,2.6
20250901,2025-09,15,4.32,0.68,70.2,21.0,0.56,2.64
20251001,2025-10,15,4.16,0.65,70.2,23.5,0.56,2.68
20251101,2025-11,15,5.41,0.85,70.2,13.8,0.56,2.72
20251201,2025-12,15,5.54,0.87,70.2,16.0,0.56,2.77
20230401,2023-04,16,626.68,348.16,86.1,10.3,1.81,1.74
20230501,2023-05,16,336.26,186.81,84.5,8.1,1.81,2.67
20230601,2023-06,16,124.65,69.25,77.6,10.0,1.81,3.01
20230701,2023-07,16,85.94,47.74,77.6,20.0,1.81,3.25
20230801,2023-08,16,72.84,40.47,77.6,13.8,1.81,3.45
20230901,2023-09,16,76.16,42.31,77.6,16.1,1.81,3.66
20231001,2023-10,16,64.38,35.77,77.6,21.3,1.81,3.84
20231101,2023-11,16,27.63,15.35,71.7,8.1,1.81,3.92
20231201,2023-12,16,22.19,12.33,71.7,12.9,1.81,3.98
20240101,2024-01,16,28.17,15.65,71.7,10.6,1.81,4.06
20240201,2024-02,16,27.52,15.29,71.7,16.7,1.81,4.13
20240301,2024-03,16,24.0,13.33,71.7,14.6,1.81,4.2
20240401,2024-04,16,29.61,16.45,71.7,17.4,1.81,4.28
20240501,2024-05,16,27.77,15.43,71.7,14.5,1.81,4.36
20240601,2024-06,16,28.49,15.83,71.7,14.7,1.81,4.44
20240701,2024-07,16,27.49,15.27,71.7,19.7,1.81,4.51
20240801,2024-08,16,26.11,14.51,71.7,9.4,1.81,4.59
20240901,2024-09,16,23.96,13.31,71.7,11.1,1.81,4.65
20241001,2024-10,16,24.69,13.72,71.7,17.2,1.81,4.72
20241101,2024-11,16,22.33,12.41,71.7,13.4,1.81,4.78
20241201,2024-12,16,22.99,12.77,71.7,17.1,1.81,4.85
20250101,2025-01,16,22.91,12.73,71.7,17.9,1.81,4.91
20250201,2025-02,16,28.06,15.59,71.7,15.9,1.81,4.99
20250301,2025-03,16,22.64,12.58,71.7,9.7,1.81,5.05
20250401,2025-04,16,22.36,12.42,71.7,13.9,1.81,5.11
20250501,2025-05,16,23.27,12.93,71.7,14.2,1.81,5.18
20250601,2025-06,16,23.11,12.84,71.7,21.7,1.81,5.24
20250701,2025-07,16,25.95,14.42,71.7,10.6,1.81,5.31
20250801,2025-08,16,25.51,14.17,71.7,14.3,1.81,5.38
20250901,2025-09,16,24.8,13.78,71.7,18.6,1.81,5.45
20251001,2025-10,16,22.09,12.27,71.7,22.1,1.81,5.51
20251101,2025-11,16,28.94,16.08,71.7,16.9,1.81,5.59
20251201,2025-12,16,28.69,15.94,71.7,11.7,1.81,5.67
20240801,2024-08,17,985.89,154.05,85.0,15.9,3.33,1.48
20240901,2024-09,17,472.12,73.77,84.7,8.3,3.33,2.19
20241001,2024-10,17,173.77,27.15,76.4,12.4,3.33,2.45
20241101,2024-11,17,132.98,20.78,76.4,18.9,3.33,2.65
20241201,2024-12,17,113.23,17.69,76.4,12.4,3.33,2.82
20250101,2025-01,17,107.99,16.87,76.4,19.6,3.33,2.98
20250201,2025-02,17,81.38,12.72,76.4,16.3,3.33,3.1
20250301,2025-03,17,37.15,5.8,70.8,17.9,3.33,3.16
20250401,2025-04,17,35.99,5.62,70.8,18.9,3.33,3.21
20250501,2025-05,17,40.67,6.35,70.8,12.6,3.33,3.27
20250601,2025-06,17,40.95,6.4,70.8,11.2,3.33,3.33
20250701,2025-07,17,37.76,5.9,70.8,9.7,3.33,3.39
20250801,2025-08,17,34.85,5.45,70.8,9.7,3.33,3.44
20250901,2025-09,17,39.76,6.21,70.8,16.4,3.33,3.5
20251001,2025-10,17,33.71,5.27,70.8,14.2,3.33,3.55
20251101,2025-11,17,34.61,5.41,70.8,13.9,3.33,3.6
20251201,2025-12,17,35.67,5.57,70.8,22.0,3.33,3.66
20241001,2024-10,18,1329.84,207.79,87.0,15.6,4.44,1.5
20241101,2024-11,18,797.66,124.63,84.7,16.9,4.44,2.39
20241201,2024-12,18,297.2,46.44,77.2,9.9,4.44,2.73
20250101,2025-01,18,245.36,38.34,77.2,17.4,4.44,3.0
20250201,2025-02,18,177.93,27.8,77.2,10.0,4.44,3.2
20250301,2025-03,18,178.87,27.95,77.2,8.9,4.44,3.41
20250401,2025-04,18,115.6,18.06,77.2,21.5,4.44,3.54
20250501,2025-05,18,55.64,8.69,71.4,16.2,4.44,3.6
20250601,2025-06,18,53.64,8.38,71.4,9.6,4.44,3.66
20250701,2025-07,18,65.04,10.16,71.4,15.8,4.44,3.73
20250801,2025-08,18,64.97,10.15,71.4,9.9,4.44,3.8
20250901,2025-09,18,51.26,8.01,71.4,13.8,4.44,3.86
20251001,2025-10,18,63.66,9.95,71.4,14.3,4.44,3.93
20251101,2025-11,18,64.48,10.07,71.4,14.9,4.44,4.01
20251201,2025-12,18,55.58,8.68,71.4,10.1,4.44,4.07
20210901,2021-09,19,310.21,12.93,85.9,12.8,0.78,1.99
20211001,2021-10,19,142.14,5.92,82.4,13.1,0.78,2.91
20211101,2021-11,19,50.61,2.11,79.0,13.1,0.78,3.23
20211201,2021-12,19,45.46,1.89,79.0,16.6,0.78,3.53
20220101,2022-01,19,36.71,1.53,79.0,17.2,0.78,3.76
20220201,2022-02,19,39.76,1.66,79.0,23.8,0.78,4.02
20220301,2022-03,19,27.27,1.14,79.0,22.4,0.78,4.19
20220401,2022-04,19,15.75,0.66,72.8,18.4,0.78,4.29
20220501,2022-05,19,16.93,0.71,72.8,8.4,0.78,4.4
20220601,2022-06,19,16.75,0.7,72.8,20.2,0.78,4.51
20220701,2022-07,19,15.49,0.65,72.8,9.8,0.78,4.61
20220801,2022-08,19,16.89,0.7,72.8,18.6,0.78,4.72
20220901,2022-09,19,15.28,0.64,72.8,8.3,0.78,4.82
20221001,2022-10,19,13.52,0.56,72.8,13.1,0.78,4.9
20221101,2022-11,19,15.05,0.63,72.8,22.2,0.78,5.0
20221201,2022-12,19,16.63,0.69,72.8,11.6,0.78,5.11
20230101,2023-01,19,14.8,0.62,72.8,15.2,0.78,5.2
20230201,2023-02,19,13.46,0.56,72.8,16.1,0.78,5.29
20230301,2023-03,19,14.46,0.6,72.8,19.1,0.78,5.38
20230401,2023-04,19,15.9,0.66,72.8,15.5,0.78,5.48
20230501,2023-05,19,16.99,0.71,72.8,22.4,0.78,5.59
20230601,2023-06,19,15.69,0.65,72.8,19.0,0.78,5.69
20230701,2023-07,19,15.22,0.63,72.8,24.0,0.78,5.79
20230801,2023-08,19,14.64,0.61,72.8,8.5,0.78,5.89
20230901,2023-09,19,16.24,0.68,72.8,22.1,0.78,5.99
20231001,2023-10,19,15.69,0.65,72.8,18.6,0.78,6.09
20231101,2023-11,19,13.4,0.56,72.8,10.7,0.78,6.18
20231201,2023-12,19,15.36,0.64,72.8,15.5,0.78,6.28
20240101,2024-01,19,13.8,0.58,72.8,9.8,0.78,6.36
20240201,2024-02,19,14.24,0.59,72.8,19.7,0.78,6.46
20240301,2024-03,19,13.26,0.55,72.8,21.1,0.78,6.54
20240401,2024-04,19,17.32,0.72,72.8,8.6,0.78,6.65
20240501,2024-05,19,13.56,0.57,72.8,8.4,0.78,6.74
20240601,2024-06,19,16.65,0.69,72.8,14.9,0.78,6.85
20240701,2024-07,19,14.99,0.62,72.8,8.9,0.78,6.94
20240801,2024-08,19,17.08,0.71,72.8,10.4,0.78,7.05
20240901,2024-09,19,15.25,0.64,72.8,23.1,0.0,7.15
20241001,2024-10,19,15.16,0.63,72.8,12.7,0.0,7.25
20241101,2024-11,19,13.57,0.57,72.8,23.8,0.0,7.34
20241201,2024-12,19,13.46,0.56,72.8,24.0,0.0,7.42
20250101,2025-01,19,17.17,0.72,72.8,22.9,0.0,7.53
20250201,2025-02,19,14.12,0.59,72.8,20.8,0.0,7.62
20250301,2025-03,19,16.46,0.69,72.8,23.8,0.0,7.73
20250401,2025-04,19,15.2,0.63,72.8,14.8,0.0,7.83
20250501,2025-05,19,15.68,0.65,72.8,16.9,0.0,7.93
20250601,2025-06,19,14.26,0.59,72.8,17.3,0.0,8.02
20250701,2025-07,19,13.22,0.55,72.8,19.0,0.0,8.1
20250801,2025-08,19,14.68,0.61,72.8,14.8,0.0,8.2
20250901,2025-09,19,15.16,0.63,72.8,20.8,0.0,8.3
20251001,2025-10,19,14.12,0.59,72.8,17.9,0.0,8.39
20251101,2025-11,19,13.65,0.57,72.8,21.7,0.0,8.48
20251201,2025-12,19,14.18,0.59,72.8,12.8,0.0,8.57
20230801,2023-08,20,286.3,35.79,88.3,17.0,0.97,1.47
20230901,2023-09,20,148.16,18.52,83.4,11.2,0.97,2.23
20231001,2023-10,20,54.26,6.78,78.0,8.8,0.97,2.51
20231101,2023-11,20,61.6,7.7,78.0,12.5,0.97,2.83
20231201,2023-12,20,50.74,6.34,78.0,14.1,0.97,3.09
20240101,2024-01,20,33.47,4.18,78.0,9.9,0.97,3.26
20240201,2024-02,20,35.52,4.44,78.0,18.8,0.97,3.45
20240301,2024-03,20,16.37,2.05,72.0,22.6,0.97,3.53
20240401,2024-04,20,15.3,1.91,72.0,16.4,0.97,3.61
20240501,2024-05,20,17.38,2.17,72.0,13.0,0.97,3.7
20240601,2024-06,20,15.56,1.95,72.0,18.8,0.97,3.78
20240701,2024-07,20,17.18,2.15,72.0,12.7,0.97,3.87
20240801,2024-08,20,13.67,1.71,72.0,14.3,0.97,3.94
20240901,2024-09,20,13.84,1.73,72.0,23.1,0.97,4.01
20241001,2024-10,20,16.53,2.07,72.0,9.6,0.97,4.09
20241101,2024-11,20,14.04,1.75,72.0,12.7,0.97,4.17
20241201,2024-12,20,16.27,2.03,72.0,22.3,0.97,4.25
20250101,2025-01,20,17.09,2.14,72.0,18.5,0.97,4.34
20250201,2025-02,20,15.35,1.92,72.0,20.6,0.97,4.42
20250301,2025-03,20,17.0,2.12,72.0,13.0,0.97,4.5
20250401,2025-04,20,16.82,2.1,72.0,14.5,0.97,4.59
20250501,2025-05,20,13.56,1.7,72.0,18.0,0.97,4.66
20250601,2025-06,20,15.28,1.91,72.0,13.5,0.97,4.74
20250701,2025-07,20,16.99,2.12,72.0,14.9,0.97,4.83
20250801,2025-08,20,16.27,2.03,72.0,15.5,0.97,4.91
20250901,2025-09,20,13.22,1.65,72.0,13.4,0.97,4.98
20251001,2025-10,20,14.22,1.78,72.0,18.1,0.97,5.05
20251101,2025-11,20,17.21,2.15,72.0,12.7,0.97,5.14
20251201,2025-12,20,13.75,1.72,72.0,16.2,0.97,5.21
20240301,2024-03,21,157.29,87.38,86.5,15.8,0.5,1.57
20240401,2024-04,21,107.3,59.61,77.5,22.9,0.5,2.65
20240501,2024-05,21,36.56,20.31,78.8,18.7,0.5,3.01
20240601,2024-06,21,29.32,16.29,78.8,8.3,0.5,3.3
20240701,2024-07,21,24.46,13.59,78.8,8.2,0.5,3.55
20240801,2024-08,21,25.38,14.1,78.8,12.6,0.5,3.8
20240901,2024-09,21,19.31,10.73,78.8,12.7,0.5,4.0
20241001,2024-10,21,9.74,5.41,72.6,18.9,0.5,4.09
20241101,2024-11,21,9.26,5.14,72.6,15.1,0.5,4.19
20241201,2024-12,21,8.39,4.66,72.6,12.1,0.5,4.27
20250101,2025-01,21,9.25,5.14,72.6,19.2,0.5,4.36
20250201,2025-02,21,8.99,4.99,72.6,21.4,0.5,4.45
20250301,2025-03,21,9.6,5.33,72.6,16.7,0.5,4.55
20250401,2025-04,21,10.49,5.83,72.6,13.9,0.5,4.65
20250501,2025-05,21,8.66,4.81,72.6,8.1,0.5,4.74
20250601,2025-06,21,10.58,5.88,72.6,12.3,0.5,4.85
20250701,2025-07,21,10.1,5.61,72.6,11.7,0.5,4.95
20250801,2025-08,21,10.24,5.69,72.6,17.9,0.5,5.05
20250901,2025-09,21,8.91,4.95,72.6,22.0,0.5,5.14
20251001,2025-10,21,9.23,5.13,72.6,20.2,0.5,5.23
20251101,2025-11,21,8.92,4.96,72.6,23.3,0.5,5.32
20251201,2025-12,21,10.12,5.62,72.6,8.6,0.5,5.42
20240701,2024-07,22,265.3,147.39,83.5,8.9,1.39,0.96
20240801,2024-08,22,129.03,71.68,74.4,22.2,1.39,1.42
20240901,2024-09,22,50.95,28.31,74.4,22.7,1.39,1.6
20241001,2024-10,22,37.78,20.99,74.4,21.4,1.39,1.74
20241101,2024-11,22,40.46,22.48,74.4,23.9,1.39,1.88
20241201,2024-12,22,30.55,16.97,74.4,18.0,1.39,1.99
20250101,2025-01,22,27.22,15.12,74.4,23.2,1.39,2.09
20250201,2025-02,22,8.88,4.93,69.3,23.5,1.39,2.12
20250301,2025-03,22,7.65,4.25,69.3,14.6,1.39,2.15
20250401,2025-04,22,8.51,4.73,69.3,12.6,1.39,2.18
20250501,2025-05,22,8.73,4.85,69.3,21.6,1.39,2.21
20250601,2025-06,22,7.96,4.42,69.3,13.9,1.39,2.24
20250701,2025-07,22,7.48,4.16,69.3,19.4,1.39,2.27
20250801,2025-08,22,8.99,4.99,69.3,13.7,1.39,2.3
20250901,2025-09,22,9.5,5.28,69.3,21.0,1.39,2.34
20251001,2025-10,22,9.12,5.07,69.3,22.3,1.39,2.37
20251101,2025-11,22,8.17,4.54,69.3,14.7,1.39,2.4
20251201,2025-12,22,9.58,5.32,69.3,14.7,1.39,2.43
20241201,2024-12,23,894.79,497.11,85.2,12.4,4.17,1.07
20250101,2025-01,23,445.9,247.72,74.1,12.3,4.17,1.61
20250201,2025-02,23,148.42,82.46,75.0,13.9,4.17,1.79
20250301,2025-03,23,136.68,75.93,75.0,19.9,4.17,1.95
20250401,2025-04,23,140.95,78.31,75.0,23.0,4.17,2.12
20250501,2025-05,23,111.81,62.12,75.0,18.3,4.17,2.25
20250601,2025-06,23,102.06,56.7,75.0,13.9,4.17,2.38
20250701,2025-07,23,32.9,18.28,69.8,21.9,4.17,2.42
20250801,2025-08,23,31.6,17.56,69.8,21.8,4.17,2.45
20250901,2025-09,23,33.28,18.49,69.8,20.9,4.17,2.49
20251001,2025-10,23,28.33,15.74,69.8,17.9,4.17,2.53
20251101,2025-11,23,33.45,18.58,69.8,12.8,4.17,2.57
20251201,2025-12,23,34.15,18.97,69.8,22.1,4.17,2.61
20240601,2024-06,24,877.33,156.67,86.0,19.6,2.78,1.58
20240701,2024-07,24,449.63,80.29,86.2,16.2,2.78,2.39
20240801,2024-08,24,207.33,37.02,78.4,13.2,2.78,2.76
20240901,2024-09,24,177.93,31.77,78.4,17.1,2.78,3.08
20241001,2024-10,24,120.51,21.52,78.4,22.5,2.78,3.3
20241101,2024-11,24,127.33,22.74,78.4,14.2,2.78,3.53
20241201,2024-12,24,85.13,15.2,78.4,12.5,2.78,3.68
20250101,2025-01,24,45.16,8.06,72.3,22.9,2.78,3.76
20250201,2025-02,24,48.59,8.68,72.3,20.8,2.78,3.85
20250301,2025-03,24,50.76,9.06,72.3,10.1,2.78,3.94
20250401,2025-04,24,53.15,9.49,72.3,10.5,2.78,4.04
20250501,2025-05,24,40.71,7.27,72.3,18.5,2.78,4.11
20250601,2025-06,24,53.87,9.62,72.3,20.4,2.78,4.21
20250701,2025-07,24,51.18,9.14,72.3,9.4,2.78,4.3
20250801,2025-08,24,52.88,9.44,72.3,16.7,2.78,4.39
20250901,2025-09,24,54.03,9.65,72.3,20.9,2.78,4.49
20251001,2025-10,24,50.56,9.03,72.3,11.9,2.78,4.58
20251101,2025-11,24,45.97,8.21,72.3,12.7,2.78,4.67
20251201,2025-12,24,48.32,8.63,72.3,17.1,2.78,4.75
20240401,2024-04,25,362.33,75.49,92.0,10.8,1.25,1.45
20240501,2024-05,25,210.06,43.76,86.7,16.8,1.25,2.29
20240601,2024-06,25,73.13,15.24,78.0,11.3,1.25,2.58
20240701,2024-07,25,63.31,13.19,78.0,22.7,1.25,2.84
20240801,2024-08,25,59.38,12.37,78.0,23.1,1.25,3.07
20240901,2024-09,25,48.8,10.17,78.0,11.3,1.25,3.27
20241001,2024-10,25,37.51,7.81,78.0,23.8,1.25,3.42
20241101,2024-11,25,16.69,3.48,72.0,8.1,1.25,3.48
20241201,2024-12,25,21.84,4.55,72.0,14.5,1.25,3.57
20250101,2025-01,25,21.8,4.54,72.0,22.4,1.25,3.66
20250201,2025-02,25,16.97,3.54,72.0,18.9,1.25,3.73
20250301,2025-03,25,20.75,4.32,72.0,19.8,1.25,3.81
20250401,2025-04,25,21.48,4.47,72.0,18.5,1.25,3.9
20250501,2025-05,25,18.33,3.82,72.0,21.6,1.25,3.97
20250601,2025-06,25,18.31,3.81,72.0,23.9,1.25,4.04
20250701,2025-07,25,22.47,4.68,72.0,20.0,1.25,4.13
20250801,2025-08,25,21.27,4.43,72.0,16.7,1.25,4.22
20250901,2025-09,25,21.14,4.4,72.0,19.3,1.25,4.3
20251001,2025-10,25,22.35,4.66,72.0,22.1,1.25,4.39
20251101,2025-11,25,18.76,3.91,72.0,10.7,1.25,4.47
20251201,2025-12,25,17.51,3.65,72.0,12.6,1.25,4.54
20221001,2022-10,26,62.46,6.01,82.8,23.3,0.29,1.09
20221101,2022-11,26,30.93,2.97,79.3,22.1,0.29,1.63
20221201,2022-12,26,11.03,1.06,75.2,8.6,0.29,1.82
20230101,2023-01,26,10.65,1.02,75.2,11.0,0.29,2.01
20230201,2023-02,26,7.51,0.72,75.2,20.3,0.29,2.14
20230301,2023-03,26,7.24,0.7,75.2,13.7,0.29,2.27
20230401,2023-04,26,6.65,0.64,75.2,8.9,0.29,2.38
20230501,2023-05,26,2.02,0.19,69.9,15.7,0.29,2.42
20230601,2023-06,26,2.36,0.23,69.9,23.8,0.29,2.46
20230701,2023-07,26,2.21,0.21,69.9,17.8,0.29,2.5
20230801,2023-08,26,2.5,0.24,69.9,13.9,0.29,2.54
20230901,2023-09,26,1.99,0.19,69.9,21.1,0.29,2.58
20231001,2023-10,26,2.25,0.22,69.9,22.2,0.29,2.62
20231101,2023-11,26,2.33,0.22,69.9,14.9,0.29,2.66
20231201,2023-12,26,1.99,0.19,69.9,16.2,0.29,2.69
20240101,2024-01,26,2.19,0.21,69.9,19.0,0.29,2.73
20240201,2024-02,26,2.56,0.25,69.9,12.0,0.29,2.78
20240301,2024-03,26,2.57,0.25,69.9,18.9,0.29,2.82
20240401,2024-04,26,2.04,0.2,69.9,13.1,0.29,2.86
20240501,2024-05,26,2.17,0.21,69.9,17.9,0.29,2.89
20240601,2024-06,26,1.93,0.19,69.9,11.0,0.29,2.93
20240701,2024-07,26,2.38,0.23,69.9,17.0,0.29,2.97
20240801,2024-08,26,1.99,0.19,69.9,10.5,0.29,3.0
20240901,2024-09,26,1.95,0.19,69.9,17.9,0.29,3.04
20241001,2024-10,26,2.56,0.25,69.9,15.7,0.29,3.08
20241101,2024-11,26,2.33,0.22,69.9,10.3,0.29,3.12
20241201,2024-12,26,2.22,0.21,69.9,9.2,0.29,3.16
20250101,2025-01,26,2.48,0.24,69.9,12.4,0.29,3.21
20250201,2025-02,26,2.19,0.21,69.9,17.8,0.29,3.24
20250301,2025-03,26,2.53,0.24,69.9,15.7,0.29,3.29
20250401,2025-04,26,2.31,0.22,69.9,8.6,0.29,3.33
20250501,2025-05,26,2.17,0.21,69.9,18.1,0.29,3.37
20250601,2025-06,26,2.48,0.24,69.9,17.7,0.29,3.41
20250701,2025-07,26,2.32,0.22,69.9,23.6,0.29,3.45
20250801,2025-08,26,1.91,0.18,69.9,17.5,0.29,3.48
20250901,2025-09,26,2.3,0.22,69.9,21.9,0.29,3.52
20251001,2025-10,26,2.54,0.24,69.9,20.6,0.0,3.57
20251101,2025-11,26,1.95,0.19,69.9,10.8,0.0,3.6
20251201,2025-12,26,2.38,0.23,69.9,17.2,0.0,3.64
20231201,2023-12,27,143.94,22.49,87.2,10.2,0.51,1.41
20240101,2024-01,27,74.04,11.57,73.5,17.9,0.51,2.13
20240201,2024-02,27,24.28,3.79,76.2,13.8,0.51,2.37
20240301,2024-03,27,19.86,3.1,76.2,20.2,0.51,2.56
20240401,2024-04,27,18.7,2.92,76.2,22.1,0.51,2.75
20240501,2024-05,27,15.88,2.48,76.2,12.9,0.51,2.9
20240601,2024-06,27,14.76,2.31,76.2,11.3,0.51,3.05
20240701,2024-07,27,4.51,0.7,70.7,23.6,0.51,3.09
20240801,2024-08,27,5.6,0.87,70.7,21.7,0.51,3.15
20240901,2024-09,27,6.01,0.94,70.7,17.8,0.51,3.2
20241001,2024-10,27,4.58,0.72,70.7,11.6,0.51,3.25
20241101,2024-11,27,5.67,0.89,70.7,19.5,0.51,3.3
20241201,2024-12,27,5.68,0.89,70.7,8.9,0.51,3.36
20250101,2025-01,27,5.09,0.8,70.7,19.3,0.51,3.41
20250201,2025-02,27,5.86,0.92,70.7,10.8,0.51,3.47
20250301,2025-03,27,5.79,0.9,70.7,21.3,0.51,3.52
20250401,2025-04,27,4.47,0.7,70.7,23.3,0.51,3.57
20250501,2025-05,27,5.24,0.82,70.7,11.8,0.51,3.62
20250601,2025-06,27,4.75,0.74,70.7,21.9,0.51,3.67
20250701,2025-07,27,4.64,0.72,70.7,10.5,0.51,3.71
20250801,2025-08,27,5.27,0.82,70.7,22.0,0.51,3.76
20250901,2025-09,27,5.6,0.87,70.7,13.1,0.51,3.82
20251001,2025-10,27,5.51,0.86,70.7,21.8,0.51,3.87
20251101,2025-11,27,5.78,0.9,70.7,22.9,0.51,3.93
20251201,2025-12,27,5.05,0.79,70.7,15.0,0.51,3.98
20220901,2022-09,28,72.39,40.22,86.6,12.8,0.28,1.28
20221001,2022-10,28,33.46,18.59,75.1,8.7,0.28,1.87
20221101,2022-11,28,14.78,8.21,75.6,16.6,0.28,2.13
20221201,2022-12,28,12.03,6.68,75.6,8.8,0.28,2.34
20230101,2023-01,28,9.82,5.46,75.6,17.6,0.28,2.51
20230201,2023-02,28,9.0,5.0,75.6,23.6,0.28,2.67
20230301,2023-03,28,7.49,4.16,75.6,10.7,0.28,2.81
20230401,2023-04,28,2.55,1.42,70.2,15.2,0.28,2.85
20230501,2023-05,28,2.53,1.41,70.2,13.2,0.28,2.9
20230601,2023-06,28,2.33,1.29,70.2,18.4,0.28,2.94
20230701,2023-07,28,2.65,1.47,70.2,12.3,0.28,2.98
20230801,2023-08,28,2.52,1.4,70.2,14.4,0.28,3.03
20230901,2023-09,28,2.48,1.38,70.2,17.8,0.28,3.07
20231001,2023-10,28,2.33,1.29,70.2,13.8,0.28,3.11
20231101,2023-11,28,2.32,1.29,70.2,14.2,0.28,3.15
20231201,2023-12,28,2.12,1.18,70.2,23.5,0.28,3.19
20240101,2024-01,28,2.2,1.22,70.2,16.3,0.28,3.23
20240201,2024-02,28,2.46,1.37,70.2,22.8,0.28,3.27
20240301,2024-03,28,2.71,1.51,70.2,15.2,0.28,3.32
20240401,2024-04,28,2.59,1.44,70.2,12.3,0.28,3.37
20240501,2024-05,28,2.44,1.36,70.2,23.1,0.28,3.41
20240601,2024-06,28,2.68,1.49,70.2,9.7,0.28,3.46
20240701,2024-07,28,2.18,1.21,70.2,19.9,0.28,3.5
20240801,2024-08,28,2.85,1.58,70.2,16.1,0.28,3.55
20240901,2024-09,28,2.85,1.58,70.2,21.2,0.28,3.6
20241001,2024-10,28,2.18,1.21,70.2,20.7,0.28,3.63
20241101,2024-11,28,2.72,1.51,70.2,10.0,0.28,3.68
20241201,2024-12,28,2.31,1.28,70.2,8.9,0.28,3.72
20250101,2025-01,28,2.27,1.26,70.2,21.1,0.28,3.76
20250201,2025-02,28,2.47,1.37,70.2,23.4,0.28,3.81
20250301,2025-03,28,2.6,1.44,70.2,20.0,0.28,3.85
20250401,2025-04,28,2.39,1.33,70.2,9.0,0.28,3.89
20250501,2025-05,28,2.51,1.39,70.2,16.7,0.28,3.94
20250601,2025-06,28,2.74,1.52,70.2,14.4,0.28,3.99
20250701,2025-07,28,2.47,1.37,70.2,15.2,0.28,4.03
20250801,2025-08,28,2.64,1.47,70.2,16.4,0.28,4.08
20250901,2025-09,28,2.31,1.28,70.2,9.3,0.0,4.12
20251001,2025-10,28,2.67,1.48,70.2,10.3,0.0,4.17
20251101,2025-11,28,2.83,1.57,70.2,10.7,0.0,4.22
20251201,2025-12,28,2.25,1.25,70.2,18.2,0.0,4.26
20241101,2024-11,29,97.11,53.95,90.6,8.6,0.32,1.52
20241201,2024-12,29,53.97,29.98,84.0,21.5,0.32,2.36
20250101,2025-01,29,17.98,9.99,79.0,15.7,0.32,2.65
20250201,2025-02,29,15.92,8.84,79.0,11.4,0.32,2.9
20250301,2025-03,29,11.04,6.13,79.0,19.3,0.32,3.07
20250401,2025-04,29,9.28,5.16,79.0,17.7,0.32,3.21
20250501,2025-05,29,8.04,4.47,79.0,15.5,0.32,3.34
20250601,2025-06,29,3.88,2.16,72.8,17.2,0.32,3.4
20250701,2025-07,29,4.24,2.36,72.8,22.3,0.32,3.47
20250801,2025-08,29,3.95,2.19,72.8,16.2,0.32,3.53
20250901,2025-09,29,4.3,2.39,72.8,23.0,0.32,3.6
20251001,2025-10,29,4.68,2.6,72.8,21.0,0.32,3.67
20251101,2025-11,29,5.01,2.78,72.8,14.7,0.32,3.75
20251201,2025-12,29,4.73,2.63,72.8,12.3,0.32,3.82
20250201,2025-02,30,343.18,33.0,92.0,8.0,0.86,2.01
20250301,2025-03,30,217.68,20.93,87.1,21.4,0.86,3.28
20250401,2025-04,30,80.46,7.74,80.8,19.5,0.86,3.75
20250501,2025-05,30,72.28,6.95,80.8,20.2,0.86,4.17
20250601,2025-06,30,49.14,4.72,80.8,22.7,0.86,4.46
20250701,2025-07,30,48.25,4.64,80.8,18.2,0.86,4.74
20250801,2025-08,30,39.46,3.79,80.8,14.1,0.86,4.97
20250901,2025-09,30,20.6,1.98,74.1,18.2,0.86,5.09
20251001,2025-10,30,24.94,2.4,74.1,15.9,0.86,5.24
20251101,2025-11,30,22.83,2.2,74.1,8.7,0.86,5.37
20251201,2025-12,30,23.77,2.29,74.1,10.9,0.86,5.51
20220501,2022-05,31,68.04,37.8,91.6,13.3,0.44,0.77
20220601,2022-06,31,46.84,26.02,82.4,21.8,0.44,1.3
20220701,2022-07,31,14.16,7.87,75.8,19.5,0.44,1.46
20220801,2022-08,31,13.49,7.49,75.8,19.0,0.44,1.61
20220901,2022-09,31,11.15,6.19,75.8,17.7,0.44,1.74
20221001,2022-10,31,8.56,4.76,75.8,17.0,0.44,1.84
20221101,2022-11,31,7.97,4.43,75.8,15.5,0.44,1.93
20221201,2022-12,31,3.06,1.7,70.3,15.2,0.44,1.96
20230101,2023-01,31,2.88,1.6,70.3,12.9,0.44,1.99
20230201,2023-02,31,2.75,1.53,70.3,19.3,0.44,2.03
20230301,2023-03,31,3.08,1.71,70.3,19.6,0.44,2.06
20230401,2023-04,31,3.2,1.78,70.3,19.0,0.44,2.1
20230501,2023-05,31,2.65,1.47,70.3,12.3,0.44,2.13
20230601,2023-06,31,2.89,1.61,70.3,21.0,0.44,2.16
20230701,2023-07,31,3.3,1.83,70.3,23.1,0.44,2.2
20230801,2023-08,31,2.89,1.61,70.3,16.3,0.44,2.23
20230901,2023-09,31,2.71,1.51,70.3,14.5,0.44,2.26
20231001,2023-10,31,2.67,1.48,70.3,12.6,0.44,2.29
20231101,2023-11,31,2.82,1.57,70.3,23.9,0.44,2.32
20231201,2023-12,31,2.56,1.42,70.3,10.1,0.44,2.35
20240101,2024-01,31,2.67,1.48,70.3,22.5,0.44,2.38
20240201,2024-02,31,3.3,1.83,70.3,22.5,0.44,2.42
20240301,2024-03,31,3.16,1.76,70.3,12.9,0.44,2.45
20240401,2024-04,31,3.19,1.77,70.3,15.7,0.44,2.49
20240501,2024-05,31,3.21,1.78,70.3,11.1,0.44,2.53
20240601,2024-06,31,3.01,1.67,70.3,20.8,0.44,2.56
20240701,2024-07,31,2.75,1.53,70.3,8.4,0.44,2.59
20240801,2024-08,31,3.34,1.86,70.3,9.5,0.44,2.63
20240901,2024-09,31,2.82,1.57,70.3,23.0,0.44,2.66
20241001,2024-10,31,3.1,1.72,70.3,9.2,0.44,2.7
20241101,2024-11,31,2.73,1.52,70.3,9.6,0.44,2.73
20241201,2024-12,31,3.25,1.81,70.3,14.0,0.44,2.76
20250101,2025-01,31,3.43,1.91,70.3,14.8,0.44,2.8
20250201,2025-02,31,3.27,1.82,70.3,19.7,0.44,2.84
20250301,2025-03,31,3.0,1.67,70.3,14.5,0.44,2.87
20250401,2025-04,31,2.68,1.49,70.3,23.1,0.44,2.9
20250501,2025-05,31,3.16,1.76,70.3,16.2,0.0,2.94
20250601,2025-06,31,2.63,1.46,70.3,12.3,0.0,2.97
20250701,2025-07,31,2.59,1.44,70.3,17.5,0.0,3.0
20250801,2025-08,31,3.08,1.71,70.3,16.1,0.0,3.03
20250901,2025-09,31,3.16,1.76,70.3,23.1,0.0,3.07
20251001,2025-10,31,2.65,1.47,70.3,20.5,0.0,3.1
20251101,2025-11,31,3.33,1.85,70.3,21.8,0.0,3.14
20251201,2025-12,31,3.17,1.76,70.3,15.3,0.0,3.17
20240101,2024-01,32,57.19,4.77,84.9,21.5,0.23,1.23
20240201,2024-02,32,26.98,2.25,84.5,18.7,0.23,1.8
20240301,2024-03,32,10.52,0.88,75.6,21.6,0.23,2.03
20240401,2024-04,32,8.83,0.74,75.6,17.0,0.23,2.22
20240501,2024-05,32,6.54,0.55,75.6,21.4,0.23,2.36
20240601,2024-06,32,6.59,0.55,75.6,8.2,0.23,2.5
20240701,2024-07,32,6.32,0.53,75.6,15.8,0.23,2.64
20240801,2024-08,32,1.95,0.16,70.2,15.5,0.23,2.68
20240901,2024-09,32,1.9,0.16,70.2,12.1,0.23,2.72
20241001,2024-10,32,2.11,0.18,70.2,22.9,0.23,2.76
20241101,2024-11,32,2.31,0.19,70.2,13.2,0.23,2.81
20241201,2024-12,32,1.96,0.16,70.2,23.1,0.23,2.85
20250101,2025-01,32,2.27,0.19,70.2,15.0,0.23,2.9
20250201,2025-02,32,2.29,0.19,70.2,20.7,0.23,2.95
20250301,2025-03,32,2.1,0.18,70.2,20.1,0.23,3.0
20250401,2025-04,32,2.31,0.19,70.2,18.9,0.23,3.05
20250501,2025-05,32,2.19,0.18,70.2,10.6,0.23,3.09
20250601,2025-06,32,2.06,0.17,70.2,15.1,0.23,3.14
20250701,2025-07,32,2.17,0.18,70.2,20.0,0.23,3.18
20250801,2025-08,32,1.83,0.15,70.2,23.6,0.23,3.22
20250901,2025-09,32,2.19,0.18,70.2,9.1,0.23,3.27
20251001,2025-10,32,1.84,0.15,70.2,17.4,0.23,3.31
20251101,2025-11,32,1.75,0.15,70.2,9.1,0.23,3.35
20251201,2025-12,32,1.75,0.15,70.2,8.5,0.23,3.38
20210301,2021-03,33,34.66,5.42,84.7,17.4,0.2,0.87
20210401,2021-04,33,20.97,3.28,80.6,11.4,0.2,1.39
20210501,2021-05,33,7.07,1.1,76.0,22.6,0.2,1.57
20210601,2021-06,33,5.87,0.92,76.0,11.1,0.2,1.71
20210701,2021-07,33,5.06,0.79,76.0,10.1,0.2,1.84
20210801,2021-08,33,3.93,0.61,76.0,10.9,0.2,1.94
20210901,2021-09,33,3.92,0.61,76.0,18.1,0.2,2.04
20211001,2021-10,33,1.5,0.23,70.5,12.8,0.2,2.07
20211101,2021-11,33,1.25,0.2,70.5,8.3,0.2,2.11
20211201,2021-12,33,1.42,0.22,70.5,23.6,0.2,2.14
20220101,2022-01,33,1.26,0.2,70.5,17.9,0.2,2.17
20220201,2022-02,33,1.57,0.25,70.5,23.0,0.2,2.21
20220301,2022-03,33,1.43,0.22,70.5,11.5,0.2,2.25
20220401,2022-04,33,1.61,0.25,70.5,16.9,0.2,2.29
20220501,2022-05,33,1.3,0.2,70.5,13.6,0.2,2.32
20220601,2022-06,33,1.55,0.24,70.5,20.6,0.2,2.36
20220701,2022-07,33,1.51,0.24,70.5,18.8,0.2,2.4
20220801,2022-08,33,1.52,0.24,70.5,19.1,0.2,2.44
20220901,2022-09,33,1.56,0.24,70.5,16.7,0.2,2.47
20221001,2022-10,33,1.48,0.23,70.5,11.7,0.2,2.51
20221101,2022-11,33,1.27,0.2,70.5,11.5,0.2,2.54
20221201,2022-12,33,1.61,0.25,70.5,15.9,0.2,2.58
20230101,2023-01,33,1.53,0.24,70.5,15.4,0.2,2.62
20230201,2023-02,33,1.51,0.24,70.5,12.6,0.2,2.66
20230301,2023-03,33,1.37,0.21,70.5,10.6,0.2,2.69
20230401,2023-04,33,1.48,0.23,70.5,22.0,0.2,2.73
20230501,2023-05,33,1.53,0.24,70.5,19.2,0.2,2.77
20230601,2023-06,33,1.51,0.24,70.5,12.4,0.2,2.81
20230701,2023-07,33,1.24,0.19,70.5,8.4,0.2,2.84
20230801,2023-08,33,1.36,0.21,70.5,9.3,0.2,2.87
20230901,2023-09,33,1.54,0.24,70.5,22.1,0.2,2.91
20231001,2023-10,33,1.47,0.23,70.5,15.7,0.2,2.95
20231101,2023-11,33,1.61,0.25,70.5,16.6,0.2,2.99
20231201,2023-12,33,1.59,0.25,70.5,21.4,0.2,3.03
20240101,2024-01,33,1.35,0.21,70.5,19.6,0.2,3.06
20240201,2024-02,33,1.37,0.21,70.5,10.0,0.2,3.09
20240301,2024-03,33,1.39,0.22,70.5,10.3,0.0,3.13
20240401,2024-04,33,1.6,0.25,70.5,16.2,0.0,3.17
20240501,2024-05,33,1.49,0.23,70.5,19.2,0.0,3.21
20240601,2024-06,33,1.6,0.25,70.5,22.8,0.0,3.25
20240701,2024-07,33,1.4,0.22,70.5,13.4,0.0,3.28
20240801,2024-08,33,1.56,0.24,70.5,18.1,0.0,3.32
20240901,2024-09,33,1.54,0.24,70.5,11.4,0.0,3.36
20241001,2024-10,33,1.53,0.24,70.5,15.8,0.0,3.4
20241101,2024-11,33,1.22,0.19,70.5,21.1,0.0,3.43
20241201,2024-12,33,1.31,0.2,70.5,17.9,0.0,3.46
20250101,2025-01,33,1.58,0.25,70.5,15.8,0.0,3.5
20250201,2025-02,33,1.62,0.25,70.5,17.7,0.0,3.54
20250301,2025-03,33,1.52,0.24,70.5,23.2,0.0,3.58
20250401,2025-04,33,1.46,0.23,70.5,23.1,0.0,3.62
20250501,2025-05,33,1.26,0.2,70.5,23.5,0.0,3.65
20250601,2025-06,33,1.4,0.22,70.5,12.0,0.0,3.68
20250701,2025-07,33,1.24,0.19,70.5,14.6,0.0,3.71
20250801,2025-08,33,1.33,0.21,70.5,8.1,0.0,3.75
20250901,2025-09,33,1.49,0.23,70.5,23.2,0.0,3.78
20251001,2025-10,33,1.22,0.19,70.5,12.2,0.0,3.81
20251101,2025-11,33,1.44,0.22,70.5,23.9,0.0,3.85
20251201,2025-12,33,1.27,0.2,70.5,13.8,0.0,3.88
20221201,2022-12,34,78.04,43.36,81.6,19.8,0.41,0.96
20230101,2023-01,34,36.85,20.47,82.7,11.7,0.41,1.42
20230201,2023-02,34,13.69,7.61,74.4,11.8,0.41,1.59
20230301,2023-03,34,13.71,7.62,74.4,15.5,0.41,1.75
20230401,2023-04,34,11.84,6.58,74.4,12.1,0.41,1.9
20230501,2023-05,34,9.15,5.08,74.4,13.4,0.41,2.01
20230601,2023-06,34,7.14,3.97,74.4,15.2,0.41,2.1
20230701,2023-07,34,2.81,1.56,69.3,22.3,0.41,2.14
20230801,2023-08,34,2.32,1.29,69.3,18.6,0.41,2.16
20230901,2023-09,34,2.7,1.5,69.3,20.5,0.41,2.2
20231001,2023-10,34,2.9,1.61,69.3,17.5,0.41,2.23
20231101,2023-11,34,2.61,1.45,69.3,19.5,0.41,2.27
20231201,2023-12,34,2.76,1.53,69.3,23.5,0.41,2.3
20240101,2024-01,34,2.71,1.51,69.3,10.8,0.41,2.33
20240201,2024-02,34,2.63,1.46,69.3,12.0,0.41,2.37
20240301,2024-03,34,2.27,1.26,69.3,12.9,0.41,2.39
20240401,2024-04,34,2.8,1.56,69.3,20.2,0.41,2.43
20240501,2024-05,34,2.56,1.42,69.3,11.3,0.41,2.46
20240601,2024-06,34,2.26,1.26,69.3,18.5,0.41,2.49
20240701,2024-07,34,2.46,1.37,69.3,18.0,0.41,2.52
20240801,2024-08,34,2.74,1.52,69.3,16.8,0.41,2.55
20240901,2024-09,34,2.73,1.52,69.3,17.0,0.41,2.59
20241001,2024-10,34,2.53,1.41,69.3,11.8,0.41,2.62
20241101,2024-11,34,2.82,1.57,69.3,17.2,0.41,2.65
20241201,2024-12,34,2.38,1.32,69.3,9.1,0.41,2.68
20250101,2025-01,34,2.21,1.23,69.3,10.5,0.41,2.71
20250201,2025-02,34,2.66,1.48,69.3,14.2,0.41,2.74
20250301,2025-03,34,2.8,1.56,69.3,17.2,0.41,2.77
20250401,2025-04,34,2.43,1.35,69.3,21.8,0.41,2.8
20250501,2025-05,34,2.5,1.39,69.3,22.2,0.41,2.84
20250601,2025-06,34,2.36,1.31,69.3,15.5,0.41,2.86
20250701,2025-07,34,2.65,1.47,69.3,11.0,0.41,2.9
20250801,2025-08,34,2.5,1.39,69.3,10.2,0.41,2.93
20250901,2025-09,34,2.88,1.6,69.3,13.9,0.41,2.96
20251001,2025-10,34,2.65,1.47,69.3,20.9,0.41,3.0
20251101,2025-11,34,2.8,1.56,69.3,8.2,0.41,3.03
20251201,2025-12,34,2.69,1.49,69.3,14.9,0.0,3.06
20230101,2023-01,35,471.47,36.83,81.8,8.7,1.67,1.41
20230201,2023-02,35,247.61,19.34,85.0,20.0,1.67,2.15
20230301,2023-03,35,88.75,6.93,77.6,8.3,1.67,2.42
20230401,2023-04,35,89.95,7.03,77.6,17.6,1.67,2.68
20230501,2023-05,35,68.89,5.38,77.6,22.0,1.67,2.89
20230601,2023-06,35,69.28,5.41,77.6,20.6,1.67,3.1
20230701,2023-07,35,60.15,4.7,77.6,21.8,1.67,3.28
20230801,2023-08,35,22.93,1.79,71.7,21.6,1.67,3.35
20230901,2023-09,35,22.48,1.76,71.7,23.8,1.67,3.41
20231001,2023-10,35,23.29,1.82,71.7,8.7,1.67,3.48
20231101,2023-11,35,21.56,1.68,71.7,23.7,1.67,3.55
20231201,2023-12,35,24.47,1.91,71.7,11.8,1.67,3.62
20240101,2024-01,35,21.02,1.64,71.7,13.2,1.67,3.68
20240201,2024-02,35,24.33,1.9,71.7,9.9,1.67,3.76
20240301,2024-03,35,24.78,1.94,71.7,13.1,1.67,3.83
20240401,2024-04,35,25.06,1.96,71.7,23.1,1.67,3.91
20240501,2024-05,35,21.35,1.67,71.7,20.0,1.67,3.97
20240601,2024-06,35,24.11,1.88,71.7,22.3,1.67,4.04
20240701,2024-07,35,20.38,1.59,71.7,14.2,1.67,4.1
20240801,2024-08,35,26.91,2.1,71.7,17.3,1.67,4.18
20240901,2024-09,35,23.49,1.84,71.7,13.1,1.67,4.25
20241001,2024-10,35,26.26,2.05,71.7,18.4,1.67,4.33
20241101,2024-11,35,23.43,1.83,71.7,13.2,1.67,4.4
20241201,2024-12,35,27.22,2.13,71.7,8.1,1.67,4.48
20250101,2025-01,35,23.29,1.82,71.7,15.5,1.67,4.55
20250201,2025-02,35,22.12,1.73,71.7,9.9,1.67,4.62
20250301,2025-03,35,27.25,2.13,71.7,10.0,1.67,4.7
20250401,2025-04,35,23.08,1.8,71.7,8.9,1.67,4.77
20250501,2025-05,35,27.08,2.12,71.7,14.2,1.67,4.85
20250601,2025-06,35,26.02,2.03,71.7,18.5,1.67,4.93
20250701,2025-07,35,26.43,2.06,71.7,17.9,1.67,5.01
20250801,2025-08,35,20.91,1.63,71.7,9.6,1.67,5.07
20250901,2025-09,35,26.73,2.09,71.7,15.1,1.67,5.15
20251001,2025-10,35,27.51,2.15,71.7,13.7,1.67,5.23
20251101,2025-11,35,24.62,1.92,71.7,14.1,1.67,5.3
20251201,2025-12,35,23.93,1.87,71.7,8.8,1.67,5.38
20240501,2024-05,36,58.2,4.55,86.5,18.1,0.25,1.18
20240601,2024-06,36,34.27,2.68,80.3,20.6,0.25,1.87
20240701,2024-07,36,12.22,0.95,75.6,20.2,0.25,2.12
20240801,2024-08,36,10.23,0.8,75.6,12.1,0.25,2.32
20240901,2024-09,36,7.86,0.61,75.6,23.2,0.25,2.48
20241001,2024-10,36,7.62,0.6,75.6,9.2,0.25,2.64
20241101,2024-11,36,6.55,0.51,75.6,22.1,0.25,2.77
20241201,2024-12,36,2.44,0.19,70.2,21.5,0.25,2.82
20250101,2025-01,36,2.42,0.19,70.2,22.5,0.25,2.87
20250201,2025-02,36,2.16,0.17,70.2,22.0,0.25,2.91
20250301,2025-03,36,2.22,0.17,70.2,17.2,0.25,2.96
20250401,2025-04,36,2.02,0.16,70.2,14.1,0.25,3.0
20250501,2025-05,36,2.07,0.16,70.2,18.1,0.25,3.04
20250601,2025-06,36,2.37,0.19,70.2,18.6,0.25,3.09
20250701,2025-07,36,2.33,0.18,70.2,17.8,0.25,3.13
20250801,2025-08,36,1.91,0.15,70.2,19.1,0.25,3.17
20250901,2025-09,36,2.41,0.19,70.2,11.8,0.25,3.22
20251001,2025-10,36,2.11,0.16,70.2,13.6,0.25,3.26
20251101,2025-11,36,2.34,0.18,70.2,23.7,0.25,3.31
20251201,2025-12,36,2.4,0.19,70.2,8.4,0.25,3.36
20240801,2024-08,37,22.18,1.73,83.1,20.1,0.15,0.75
20240901,2024-09,37,14.03,1.1,75.7,17.2,0.15,1.23
20241001,2024-10,37,4.91,0.38,75.4,22.8,0.15,1.4
20241101,2024-11,37,3.74,0.29,75.4,16.7,0.15,1.52
20241201,2024-12,37,3.49,0.27,75.4,10.2,0.15,1.64
20250101,2025-01,37,2.83,0.22,75.4,8.3,0.15,1.74
20250201,2025-02,37,2.36,0.18,75.4,9.1,0.15,1.82
20250301,2025-03,37,0.94,0.07,70.0,22.4,0.15,1.85
20250401,2025-04,37,0.93,0.07,70.0,8.7,0.15,1.88
20250501,2025-05,37,0.92,0.07,70.0,15.7,0.15,1.91
20250601,2025-06,37,0.89,0.07,70.0,11.5,0.15,1.94
20250701,2025-07,37,0.95,0.07,70.0,18.0,0.15,1.98
20250801,2025-08,37,0.81,0.06,70.0,15.8,0.15,2.0
20250901,2025-09,37,0.77,0.06,70.0,11.9,0.15,2.03
20251001,2025-10,37,0.77,0.06,70.0,8.6,0.15,2.06
20251101,2025-11,37,0.86,0.07,70.0,22.9,0.15,2.08
20251201,2025-12,37,1.01,0.08,70.0,17.8,0.15,2.12
20221101,2022-11,38,150.74,20.94,86.9,8.6,0.88,0.86
20221201,2022-12,38,94.34,13.1,81.5,13.7,0.88,1.4
20230101,2023-01,38,29.74,4.13,74.4,18.5,0.88,1.57
20230201,2023-02,38,29.86,4.15,74.4,21.2,0.88,1.74
20230301,2023-03,38,24.23,3.37,74.4,9.6,0.88,1.87
20230401,2023-04,38,21.92,3.04,74.4,14.0,0.88,2.0
20230501,2023-05,38,19.36,2.69,74.4,15.3,0.88,2.11
20230601,2023-06,38,4.94,0.69,69.3,14.1,0.88,2.14
20230701,2023-07,38,5.22,0.72,69.3,13.0,0.88,2.17
20230801,2023-08,38,4.71,0.65,69.3,23.6,0.88,2.19
20230901,2023-09,38,5.89,0.82,69.3,17.7,0.88,2.23
20231001,2023-10,38,5.62,0.78,69.3,20.1,0.88,2.26
20231101,2023-11,38,4.83,0.67,69.3,8.4,0.88,2.29
20231201,2023-12,38,4.76,0.66,69.3,14.1,0.88,2.31
20240101,2024-01,38,6.29,0.87,69.3,21.0,0.88,2.35
20240201,2024-02,38,5.66,0.79,69.3,16.0,0.88,2.38
20240301,2024-03,38,5.13,0.71,69.3,10.8,0.88,2.41
20240401,2024-04,38,5.77,0.8,69.3,17.4,0.88,2.44
20240501,2024-05,38,6.2,0.86,69.3,16.9,0.88,2.48
20240601,2024-06,38,5.47,0.76,69.3,14.9,0.88,2.51
20240701,2024-07,38,5.01,0.7,69.3,14.7,0.88,2.54
20240801,2024-08,38,4.73,0.66,69.3,16.2,0.88,2.57
20240901,2024-09,38,5.39,0.75,69.3,10.2,0.88,2.6
20241001,2024-10,38,4.82,0.67,69.3,12.0,0.88,2.62
20241101,2024-11,38,4.98,0.69,69.3,11.0,0.88,2.65
20241201,2024-12,38,5.66,0.79,69.3,10.7,0.88,2.68
20250101,2025-01,38,6.24,0.87,69.3,21.1,0.88,2.72
20250201,2025-02,38,5.76,0.8,69.3,8.5,0.88,2.75
20250301,2025-03,38,4.96,0.69,69.3,18.8,0.88,2.78
20250401,2025-04,38,6.21,0.86,69.3,16.6,0.88,2.82
20250501,2025-05,38,4.87,0.68,69.3,23.2,0.88,2.84
20250601,2025-06,38,5.36,0.74,69.3,10.6,0.88,2.87
20250701,2025-07,38,5.88,0.82,69.3,19.0,0.88,2.91
20250801,2025-08,38,6.01,0.83,69.3,13.4,0.88,2.94
20250901,2025-09,38,5.18,0.72,69.3,20.9,0.88,2.97
20251001,2025-10,38,5.75,0.8,69.3,21.2,0.88,3.0
20251101,2025-11,38,5.59,0.78,69.3,11.5,0.0,3.04
20251201,2025-12,38,4.82,0.67,69.3,9.3,0.0,3.06
20211001,2021-10,39,109.19,60.66,86.8,10.0,0.67,0.82
20211101,2021-11,39,65.05,36.14,84.6,20.1,0.67,1.3
20211201,2021-12,39,24.9,13.83,75.8,15.2,0.67,1.49
20220101,2022-01,39,19.38,10.77,75.8,16.1,0.67,1.63
20220201,2022-02,39,16.19,8.99,75.8,16.9,0.67,1.75
20220301,2022-03,39,14.31,7.95,75.8,14.7,0.67,1.86
20220401,2022-04,39,13.75,7.64,75.8,21.6,0.67,1.96
20220501,2022-05,39,4.1,2.28,70.3,23.4,0.67,1.99
20220601,2022-06,39,5.13,2.85,70.3,21.7,0.67,2.03
20220701,2022-07,39,4.97,2.76,70.3,16.8,0.67,2.07
20220801,2022-08,39,4.71,2.62,70.3,23.9,0.67,2.1
20220901,2022-09,39,4.44,2.47,70.3,11.9,0.67,2.14
20221001,2022-10,39,4.17,2.32,70.3,19.6,0.67,2.17
20221101,2022-11,39,3.98,2.21,70.3,21.9,0.67,2.2
20221201,2022-12,39,3.9,2.17,70.3,23.8,0.67,2.23
20230101,2023-01,39,4.0,2.22,70.3,8.2,0.67,2.26
20230201,2023-02,39,4.17,2.32,70.3,22.7,0.67,2.29
20230301,2023-03,39,4.99,2.77,70.3,14.7,0.67,2.33
20230401,2023-04,39,4.84,2.69,70.3,20.1,0.67,2.36
20230501,2023-05,39,4.78,2.66,70.3,23.4,0.67,2.4
20230601,2023-06,39,4.48,2.49,70.3,16.2,0.67,2.43
20230701,2023-07,39,4.43,2.46,70.3,8.1,0.67,2.46
20230801,2023-08,39,4.75,2.64,70.3,14.8,0.67,2.5
20230901,2023-09,39,4.3,2.39,70.3,14.6,0.67,2.53
20231001,2023-10,39,4.57,2.54,70.3,14.2,0.67,2.57
20231101,2023-11,39,3.96,2.2,70.3,10.0,0.67,2.59
20231201,2023-12,39,4.46,2.48,70.3,17.0,0.67,2.63
20240101,2024-01,39,4.49,2.49,70.3,13.6,0.67,2.66
20240201,2024-02,39,4.77,2.65,70.3,16.7,0.67,2.7
20240301,2024-03,39,4.08,2.27,70.3,15.6,0.67,2.73
20240401,2024-04,39,4.26,2.37,70.3,8.4,0.67,2.76
20240501,2024-05,39,4.17,2.32,70.3,11.1,0.67,2.79
20240601,2024-06,39,5.07,2.82,70.3,18.5,0.67,2.83
20240701,2024-07,39,4.54,2.52,70.3,19.2,0.67,2.86
20240801,2024-08,39,4.02,2.23,70.3,9.8,0.67,2.89
20240901,2024-09,39,4.81,2.67,70.3,13.7,0.67,2.93
20241001,2024-10,39,4.17,2.32,70.3,13.1,0.0,2.96
20241101,2024-11,39,4.94,2.74,70.3,21.3,0.0,3.0
20241201,2024-12,39,4.3,2.39,70.3,8.7,0.0,3.03
20250101,2025-01,39,4.81,2.67,70.3,16.9,0.0,3.06
20250201,2025-02,39,4.05,2.25,70.3,9.9,0.0,3.09
20250301,2025-03,39,4.41,2.45,70.3,18.2,0.0,3.13
20250401,2025-04,39,4.32,2.4,70.3,14.4,0.0,3.16
20250501,2025-05,39,4.65,2.58,70.3,19.6,0.0,3.19
20250601,2025-06,39,5.18,2.88,70.3,11.8,0.0,3.23
20250701,2025-07,39,4.88,2.71,70.3,19.3,0.0,3.27
20250801,2025-08,39,4.06,2.26,70.3,21.2,0.0,3.3
20250901,2025-09,39,4.91,2.73,70.3,12.9,0.0,3.34
20251001,2025-10,39,4.87,2.71,70.3,21.7,0.0,3.37
20251101,2025-11,39,5.17,2.87,70.3,8.6,0.0,3.41
20251201,2025-12,39,4.19,2.33,70.3,15.6,0.0,3.44
20231001,2023-10,40,78.03,16.26,88.5,13.7,0.24,1.61
20231101,2023-11,40,49.31,10.27,83.9,14.3,0.24,2.63
20231201,2023-12,40,16.64,3.47,78.6,21.1,0.24,2.98
20240101,2024-01,40,13.74,2.86,78.6,17.9,0.24,3.26
20240201,2024-02,40,12.1,2.52,78.6,16.2,0.24,3.51
20240301,2024-03,40,11.86,2.47,78.6,8.3,0.24,3.76
20240401,2024-04,40,7.97,1.66,78.6,23.3,0.24,3.92
20240501,2024-05,40,3.8,0.79,72.5,16.2,0.24,4.0
20240601,2024-06,40,3.67,0.76,72.5,11.2,0.24,4.08
20240701,2024-07,40,4.56,0.95,72.5,14.9,0.24,4.17
20240801,2024-08,40,4.57,0.95,72.5,18.6,0.24,4.27
20240901,2024-09,40,3.81,0.79,72.5,20.9,0.24,4.35
20241001,2024-10,40,4.11,0.86,72.5,17.8,0.24,4.43
20241101,2024-11,40,4.39,0.91,72.5,16.8,0.24,4.52
20241201,2024-12,40,4.06,0.85,72.5,20.5,0.24,4.61
20250101,2025-01,40,4.7,0.98,72.5,18.1,0.24,4.7
20250201,2025-02,40,4.83,1.01,72.5,17.5,0.24,4.8
20250301,2025-03,40,4.37,0.91,72.5,9.7,0.24,4.89
20250401,2025-04,40,4.18,0.87,72.5,16.4,0.24,4.98
20250501,2025-05,40,4.55,0.95,72.5,17.5,0.24,5.07
20250601,2025-06,40,4.51,0.94,72.5,14.4,0.24,5.17
20250701,2025-07,40,4.78,1.0,72.5,17.9,0.24,5.27
20250801,2025-08,40,4.12,0.86,72.5,23.2,0.24,5.35
20250901,2025-09,40,4.62,0.96,72.5,11.5,0.24,5.45
20251001,2025-10,40,3.68,0.77,72.5,13.4,0.24,5.52
20251101,2025-11,40,4.15,0.86,72.5,23.9,0.24,5.61
20251201,2025-12,40,4.54,0.95,72.5,12.0,0.24,5.7
20240701,2024-07,41,208.26,115.7,89.5,14.1,0.86,1.21
20240801,2024-08,41,120.29,66.83,82.0,14.9,0.86,1.91
20240901,2024-09,41,54.28,30.16,77.0,15.5,0.86,2.23
20241001,2024-10,41,45.37,25.21,77.0,23.1,0.86,2.49
20241101,2024-11,41,31.86,17.7,77.0,9.9,0.86,2.68
20241201,2024-12,41,28.46,15.81,77.0,13.7,0.86,2.85
20250101,2025-01,41,24.68,13.71,77.0,8.4,0.86,2.99
20250201,2025-02,41,10.63,5.91,71.2,14.0,0.86,3.05
20250301,2025-03,41,10.78,5.99,71.2,18.1,0.86,3.11
20250401,2025-04,41,11.62,6.46,71.2,8.2,0.86,3.18
20250501,2025-05,41,10.9,6.06,71.2,17.4,0.86,3.25
20250601,2025-06,41,10.6,5.89,71.2,8.1,0.86,3.31
20250701,2025-07,41,9.36,5.2,71.2,23.8,0.86,3.36
20250801,2025-08,41,10.91,6.06,71.2,16.7,0.86,3.43
20250901,2025-09,41,11.25,6.25,71.2,10.1,0.86,3.49
20251001,2025-10,41,11.49,6.38,71.2,15.8,0.86,3.56
20251101,2025-11,41,10.84,6.02,71.2,19.7,0.86,3.62
20251201,2025-12,41,11.77,6.54,71.2,18.7,0.86,3.69
20230401,2023-04,42,49.05,5.11,86.1,16.0,0.24,1.0
20230501,2023-05,42,28.87,3.01,80.5,17.0,0.24,1.59
20230601,2023-06,42,9.7,1.01,75.6,22.4,0.24,1.79
20230701,2023-07,42,8.16,0.85,75.6,14.9,0.24,1.96
20230801,2023-08,42,7.24,0.75,75.6,18.0,0.24,2.11
20230901,2023-09,42,6.04,0.63,75.6,16.8,0.24,2.23
20231001,2023-10,42,5.93,0.62,75.6,11.1,0.24,2.35
20231101,2023-11,42,1.84,0.19,70.2,23.6,0.24,2.39
20231201,2023-12,42,2.12,0.22,70.2,19.0,0.24,2.43
20240101,2024-01,42,1.99,0.21,70.2,17.8,0.24,2.47
20240201,2024-02,42,2.45,0.26,70.2,9.4,0.24,2.52
20240301,2024-03,42,2.15,0.22,70.2,18.5,0.24,2.57
20240401,2024-04,42,2.36,0.25,70.2,14.4,0.24,2.62
20240501,2024-05,42,2.21,0.23,70.2,13.6,0.24,2.66
20240601,2024-06,42,2.18,0.23,70.2,8.3,0.24,2.71
20240701,2024-07,42,2.08,0.22,70.2,13.8,0.24,2.75
20240801,2024-08,42,2.46,0.26,70.2,12.2,0.24,2.8
20240901,2024-09,42,2.38,0.25,70.2,20.0,0.24,2.85
20241001,2024-10,42,1.83,0.19,70.2,11.3,0.24,2.88
20241101,2024-11,42,2.29,0.24,70.2,18.7,0.24,2.93
20241201,2024-12,42,1.89,0.2,70.2,14.6,0.24,2.97
20250101,2025-01,42,2.07,0.22,70.2,18.2,0.24,3.01
20250201,2025-02,42,1.85,0.19,70.2,17.6,0.24,3.05
20250301,2025-03,42,2.22,0.23,70.2,15.5,0.24,3.1
20250401,2025-04,42,1.86,0.19,70.2,23.6,0.24,3.13
20250501,2025-05,42,2.06,0.21,70.2,10.5,0.24,3.18
20250601,2025-06,42,1.95,0.2,70.2,9.3,0.24,3.22
20250701,2025-07,42,2.06,0.21,70.2,19.4,0.24,3.26
20250801,2025-08,42,1.89,0.2,70.2,13.3,0.24,3.3
20250901,2025-09,42,2.3,0.24,70.2,19.5,0.24,3.34
20251001,2025-10,42,2.41,0.25,70.2,12.7,0.24,3.39
20251101,2025-11,42,2.33,0.24,70.2,23.8,0.24,3.44
20251201,2025-12,42,2.29,0.24,70.2,15.5,0.24,3.49
20240901,2024-09,43,172.86,12.71,81.6,9.3,1.02,0.85
20241001,2024-10,43,106.28,7.81,81.4,22.2,1.02,1.37
20241101,2024-11,43,32.95,2.42,76.4,18.6,1.02,1.53
20241201,2024-12,43,32.34,2.38,76.4,14.1,1.02,1.69
20250101,2025-01,43,28.55,2.1,76.4,12.1,1.02,1.83
20250201,2025-02,43,25.75,1.89,76.4,12.3,1.02,1.96
20250301,2025-03,43,21.91,1.61,76.4,9.9,1.02,2.07
20250401,2025-04,43,7.6,0.56,70.8,9.6,1.02,2.11
20250501,2025-05,43,7.86,0.58,70.8,11.7,1.02,2.14
20250601,2025-06,43,8.92,0.66,70.8,21.6,1.02,2.19
20250701,2025-07,43,9.09,0.67,70.8,20.1,1.02,2.23
20250801,2025-08,43,8.21,0.6,70.8,21.6,1.02,2.27
20250901,2025-09,43,7.98,0.59,70.8,23.8,1.02,2.31
20251001,2025-10,43,6.9,0.51,70.8,8.5,1.02,2.35
20251101,2025-11,43,8.97,0.66,70.8,22.6,1.02,2.39
20251201,2025-12,43,7.55,0.56,70.8,8.5,1.02,2.43
20240201,2024-02,44,362.46,28.32,92.0,19.0,0.91,2.0
20240301,2024-03,44,204.82,16.0,85.8,18.9,0.91,3.13
20240401,2024-04,44,80.57,6.29,79.4,23.1,0.91,3.58
20240501,2024-05,44,59.91,4.68,79.4,11.8,0.91,3.91
20240601,2024-06,44,53.47,4.18,79.4,16.6,0.91,4.2
20240701,2024-07,44,40.31,3.15,79.4,10.5,0.91,4.43
20240801,2024-08,44,39.5,3.09,79.4,10.3,0.91,4.64
20240901,2024-09,44,21.11,1.65,73.0,11.3,0.91,4.76
20241001,2024-10,44,19.57,1.53,73.0,23.2,0.91,4.87
20241101,2024-11,44,16.23,1.27,73.0,21.9,0.91,4.96
20241201,2024-12,44,17.13,1.34,73.0,11.0,0.91,5.05
20250101,2025-01,44,16.77,1.31,73.0,11.6,0.91,5.15
20250201,2025-02,44,19.89,1.55,73.0,17.9,0.91,5.26
20250301,2025-03,44,18.72,1.46,73.0,20.5,0.91,5.36
20250401,2025-04,44,21.8,1.7,73.0,21.2,0.91,5.48
20250501,2025-05,44,16.92,1.32,73.0,18.0,0.91,5.57
20250601,2025-06,44,19.79,1.55,73.0,11.4,0.91,5.68
20250701,2025-07,44,21.47,1.68,73.0,15.6,0.91,5.8
20250801,2025-08,44,18.42,1.44,73.0,13.3,0.91,5.9
20250901,2025-09,44,20.61,1.61,73.0,11.6,0.91,6.02
20251001,2025-10,44,18.69,1.46,73.0,17.0,0.91,6.12
20251101,2025-11,44,21.56,1.68,73.0,12.8,0.91,6.24
20251201,2025-12,44,20.97,1.64,73.0,20.6,0.91,6.35
20210601,2021-06,45,34.74,3.1,81.2,12.3,0.16,1.1
20210701,2021-07,45,19.23,1.72,75.4,18.2,0.16,1.7
20210801,2021-08,45,7.35,0.66,76.2,17.0,0.16,1.94
20210901,2021-09,45,7.73,0.69,76.2,21.3,0.16,2.18
20211001,2021-10,45,6.23,0.56,76.2,12.3,0.16,2.38
20211101,2021-11,45,4.15,0.37,76.2,18.1,0.16,2.51
20211201,2021-12,45,3.62,0.32,76.2,9.6,0.16,2.62
20220101,2022-01,45,1.65,0.15,70.7,11.5,0.16,2.67
20220201,2022-02,45,1.75,0.16,70.7,15.6,0.16,2.73
20220301,2022-03,45,1.81,0.16,70.7,17.1,0.16,2.79
20220401,2022-04,45,1.84,0.16,70.7,23.6,0.16,2.85
20220501,2022-05,45,1.44,0.13,70.7,19.3,0.16,2.89
20220601,2022-06,45,1.76,0.16,70.7,23.6,0.16,2.95
20220701,2022-07,45,1.64,0.15,70.7,8.7,0.16,3.0
20220801,2022-08,45,1.76,0.16,70.7,14.5,0.16,3.05
20220901,2022-09,45,1.8,0.16,70.7,17.4,0.16,3.11
20221001,2022-10,45,1.61,0.14,70.7,18.5,0.16,3.16
20221101,2022-11,45,1.56,0.14,70.7,19.0,0.16,3.21
20221201,2022-12,45,1.68,0.15,70.7,19.5,0.16,3.26
20230101,2023-01,45,1.8,0.16,70.7,8.8,0.16,3.32
20230201,2023-02,45,1.7,0.15,70.7,9.2,0.16,3.37
20230301,2023-03,45,1.73,0.15,70.7,15.3,0.16,3.43
20230401,2023-04,45,1.61,0.14,70.7,14.2,0.16,3.48
20230501,2023-05,45,1.54,0.14,70.7,8.5,0.16,3.53
20230601,2023-06,45,1.5,0.13,70.7,8.5,0.16,3.58
20230701,2023-07,45,1.73,0.15,70.7,16.8,0.16,3.63
20230801,2023-08,45,1.77,0.16,70.7,12.7,0.16,3.69
20230901,2023-09,45,1.56,0.14,70.7,10.0,0.16,3.74
20231001,2023-10,45,1.84,0.16,70.7,9.4,0.16,3.79
20231101,2023-11,45,1.59,0.14,70.7,18.6,0.16,3.84
20231201,2023-12,45,1.46,0.13,70.7,8.4,0.16,3.89
20240101,2024-01,45,1.68,0.15,70.7,22.7,0.16,3.94
20240201,2024-02,45,1.61,0.14,70.7,20.2,0.16,3.99
20240301,2024-03,45,1.64,0.15,70.7,13.9,0.16,4.05
20240401,2024-04,45,1.85,0.17,70.7,18.6,0.16,4.1
20240501,2024-05,45,1.53,0.14,70.7,15.5,0.16,4.15
20240601,2024-06,45,1.84,0.16,70.7,18.2,0.0,4.21
20240701,2024-07,45,1.61,0.14,70.7,12.3,0.0,4.26
20240801,2024-08,45,1.78,0.16,70.7,21.8,0.0,4.32
20240901,2024-09,45,1.48,0.13,70.7,10.6,0.0,4.36
20241001,2024-10,45,1.79,0.16,70.7,12.4,0.0,4.42
20241101,2024-11,45,1.62,0.14,70.7,15.1,0.0,4.47
20241201,2024-12,45,1.81,0.16,70.7,18.0,0.0,4.53
20250101,2025-01,45,1.4,0.12,70.7,23.5,0.0,4.57
20250201,2025-02,45,1.44,0.13,70.7,22.2,0.0,4.62
20250301,2025-03,45,1.6,0.14,70.7,13.6,0.0,4.67
20250401,2025-04,45,1.42,0.13,70.7,22.8,0.0,4.71
20250501,2025-05,45,1.83,0.16,70.7,24.0,0.0,4.77
20250601,2025-06,45,1.69,0.15,70.7,16.7,0.0,4.83
20250701,2025-07,45,1.73,0.15,70.7,18.3,0.0,4.88
20250801,2025-08,45,1.69,0.15,70.7,17.8,0.0,4.93
20250901,2025-09,45,1.57,0.14,70.7,11.9,0.0,4.98
20251001,2025-10,45,1.48,0.13,70.7,12.6,0.0,5.03
20251101,2025-11,45,1.71,0.15,70.7,11.8,0.0,5.08
20251201,2025-12,45,1.76,0.16,70.7,16.0,0.0,5.14
20240201,2024-02,46,115.29,12.01,89.7,14.9,0.7,0.82
20240301,2024-03,46,62.73,6.53,75.3,18.3,0.7,1.27
20240401,2024-04,46,23.5,2.45,73.6,19.9,0.7,1.43
20240501,2024-05,46,20.34,2.12,73.6,19.3,0.7,1.58
20240601,2024-06,46,17.1,1.78,73.6,10.7,0.7,1.7
20240701,2024-07,46,11.9,1.24,73.6,18.5,0.7,1.78
20240801,2024-08,46,13.41,1.4,73.6,15.0,0.7,1.88
20240901,2024-09,46,3.58,0.37,68.7,13.1,0.7,1.91
20241001,2024-10,46,3.47,0.36,68.7,8.9,0.7,1.93
20241101,2024-11,46,3.04,0.32,68.7,8.9,0.7,1.95
20241201,2024-12,46,3.45,0.36,68.7,18.0,0.7,1.98
20250101,2025-01,46,2.99,0.31,68.7,16.2,0.7,2.0
20250201,2025-02,46,3.79,0.39,68.7,22.6,0.7,2.02
20250301,2025-03,46,3.57,0.37,68.7,18.7,0.7,2.05
20250401,2025-04,46,3.7,0.39,68.7,12.5,0.7,2.08
20250501,2025-05,46,3.07,0.32,68.7,14.0,0.7,2.1
20250601,2025-06,46,3.93,0.41,68.7,11.2,0.7,2.13
20250701,2025-07,46,3.24,0.34,68.7,14.9,0.7,2.15
20250801,2025-08,46,3.03,0.32,68.7,8.5,0.7,2.17
20250901,2025-09,46,3.67,0.38,68.7,18.5,0.7,2.2
20251001,2025-10,46,3.85,0.4,68.7,14.0,0.7,2.22
20251101,2025-11,46,3.6,0.37,68.7,17.9,0.7,2.25
20251201,2025-12,46,3.12,0.32,68.7,15.7,0.7,2.27
20240301,2024-03,47,139.37,77.43,84.0,10.8,0.75,0.93
20240401,2024-04,47,77.99,43.33,85.0,14.2,0.75,1.44
20240501,2024-05,47,32.47,18.04,74.6,13.2,0.75,1.66
20240601,2024-06,47,26.92,14.96,74.6,14.7,0.75,1.84
20240701,2024-07,47,21.5,11.94,74.6,21.6,0.75,1.98
20240801,2024-08,47,18.63,10.35,74.6,15.9,0.75,2.1
20240901,2024-09,47,13.16,7.31,74.6,10.5,0.75,2.19
20241001,2024-10,47,5.39,2.99,69.5,15.0,0.75,2.23
20241101,2024-11,47,4.45,2.47,69.5,13.8,0.75,2.26
20241201,2024-12,47,5.1,2.83,69.5,19.2,0.75,2.29
20250101,2025-01,47,4.78,2.66,69.5,8.2,0.75,2.32
20250201,2025-02,47,4.67,2.59,69.5,16.2,0.75,2.35
20250301,2025-03,47,5.19,2.88,69.5,19.2,0.75,2.39
20250401,2025-04,47,5.11,2.84,69.5,16.5,0.75,2.42
20250501,2025-05,47,4.57,2.54,69.5,13.3,0.75,2.45
20250601,2025-06,47,4.41,2.45,69.5,13.5,0.75,2.48
20250701,2025-07,47,4.48,2.49,69.5,22.7,0.75,2.51
20250801,2025-08,47,4.95,2.75,69.5,8.7,0.75,2.54
20250901,2025-09,47,5.65,3.14,69.5,8.9,0.75,2.58
20251001,2025-10,47,4.59,2.55,69.5,9.1,0.75,2.61
20251101,2025-11,47,4.76,2.64,69.5,18.5,0.75,2.64
20251201,2025-12,47,5.4,3.0,69.5,13.4,0.75,2.68
20210301,2021-03,48,126.0,15.75,87.3,23.1,0.41,1.52
20210401,2021-04,48,76.72,9.59,83.0,12.8,0.41,2.45
20210501,2021-05,48,25.02,3.13,77.6,20.3,0.41,2.75
20210601,2021-06,48,20.87,2.61,77.6,16.2,0.41,3.0
20210701,2021-07,48,16.73,2.09,77.6,16.0,0.41,3.21
20210801,2021-08,48,16.44,2.06,77.6,15.1,0.41,3.4
20210901,2021-09,48,14.56,1.82,77.6,23.5,0.41,3.58
20211001,2021-10,48,5.06,0.63,71.7,21.8,0.41,3.64
20211101,2021-11,48,6.23,0.78,71.7,11.1,0.41,3.72
20211201,2021-12,48,5.26,0.66,71.7,8.7,0.41,3.78
20220101,2022-01,48,6.46,0.81,71.7,23.6,0.41,3.86
20220201,2022-02,48,5.87,0.73,71.7,9.1,0.41,3.93
20220301,2022-03,48,5.36,0.67,71.7,20.1,0.41,3.99
20220401,2022-04,48,6.71,0.84,71.7,23.8,0.41,4.07
20220501,2022-05,48,5.7,0.71,71.7,20.6,0.41,4.14
20220601,2022-06,48,5.44,0.68,71.7,13.0,0.41,4.21
20220701,2022-07,48,5.32,0.67,71.7,16.4,0.41,4.27
20220801,2022-08,48,5.24,0.66,71.7,18.4,0.41,4.34
20220901,2022-09,48,6.35,0.79,71.7,9.4,0.41,4.41
20221001,2022-10,48,6.13,0.77,71.7,11.7,0.41,4.49
20221101,2022-11,48,5.86,0.73,71.7,9.1,0.41,4.56
20221201,2022-12,48,5.37,0.67,71.7,8.8,0.41,4.62
20230101,2023-01,48,5.26,0.66,71.7,17.2,0.41,4.69
20230201,2023-02,48,6.77,0.85,71.7,17.5,0.41,4.77
20230301,2023-03,48,6.13,0.77,71.7,8.4,0.41,4.84
20230401,2023-04,48,6.16,0.77,71.7,18.0,0.41,4.92
20230501,2023-05,48,6.56,0.82,71.7,14.5,0.41,5.0
20230601,2023-06,48,5.6,0.7,71.7,9.2,0.41,5.06
20230701,2023-07,48,5.49,0.69,71.7,20.6,0.41,5.13
20230801,2023-08,48,5.22,0.65,71.7,14.3,0.41,5.19
20230901,2023-09,48,5.19,0.65,71.7,17.4,0.41,5.26
20231001,2023-10,48,5.67,0.71,71.7,9.3,0.41,5.32
20231101,2023-11,48,5.26,0.66,71.7,22.2,0.41,5.39
20231201,2023-12,48,5.28,0.66,71.7,16.5,0.41,5.45
20240101,2024-01,48,5.27,0.66,71.7,16.3,0.41,5.52
20240201,2024-02,48,6.19,0.77,71.7,13.3,0.41,5.59
20240301,2024-03,48,5.23,0.65,71.7,14.6,0.0,5.65
20240401,2024-04,48,5.89,0.74,71.7,20.0,0.0,5.72
20240501,2024-05,48,5.48,0.69,71.7,16.4,0.0,5.79
20240601,2024-06,48,5.71,0.71,71.7,21.4,0.0,5.86
20240701,2024-07,48,5.83,0.73,71.7,18.8,0.0,5.93
20240801,2024-08,48,6.09,0.76,71.7,20.9,0.0,6.0
20240901,2024-09,48,6.67,0.83,71.7,9.1,0.0,6.08
20241001,2024-10,48,6.65,0.83,71.7,17.6,0.0,6.16
20241101,2024-11,48,5.8,0.72,71.7,14.6,0.0,6.23
20241201,2024-12,48,6.71,0.84,71.7,19.9,0.0,6.32
20250101,2025-01,48,6.55,0.82,71.7,13.9,0.0,6.39
20250201,2025-02,48,6.04,0.76,71.7,17.3,0.0,6.47
20250301,2025-03,48,6.37,0.8,71.7,10.2,0.0,6.54
20250401,2025-04,48,6.7,0.84,71.7,9.6,0.0,6.63
20250501,2025-05,48,5.47,0.68,71.7,22.9,0.0,6.69
20250601,2025-06,48,5.55,0.69,71.7,21.3,0.0,6.76
20250701,2025-07,48,6.21,0.78,71.7,16.1,0.0,6.83
20250801,2025-08,48,5.2,0.65,71.7,20.5,0.0,6.9
20250901,2025-09,48,6.13,0.77,71.7,8.4,0.0,6.97
20251001,2025-10,48,5.58,0.7,71.7,9.3,0.0,7.04
20251101,2025-11,48,5.63,0.7,71.7,12.8,0.0,7.11
20251201,2025-12,48,5.37,0.67,71.7,8.9,0.0,7.17
20210601,2021-06,49,124.3,69.06,87.2,15.7,0.52,1.18
20210701,2021-07,49,72.54,40.3,79.8,22.8,0.52,1.87
20210801,2021-08,49,30.57,16.98,76.8,17.8,0.52,2.17
20210901,2021-09,49,20.96,11.64,76.8,16.9,0.52,2.37
20211001,2021-10,49,20.86,11.59,76.8,9.2,0.52,2.56
20211101,2021-11,49,15.14,8.41,76.8,13.2,0.52,2.71
20211201,2021-12,49,13.44,7.47,76.8,18.7,0.52,2.84
20220101,2022-01,49,6.37,3.54,71.1,13.1,0.52,2.9
20220201,2022-02,49,6.23,3.46,71.1,20.2,0.52,2.96
20220301,2022-03,49,7.14,3.97,71.1,8.7,0.52,3.02
20220401,2022-04,49,6.83,3.79,71.1,14.2,0.52,3.09
20220501,2022-05,49,6.25,3.47,71.1,22.6,0.52,3.15
20220601,2022-06,49,5.98,3.32,71.1,11.9,0.52,3.21
20220701,2022-07,49,5.89,3.27,71.1,21.1,0.52,3.26
20220801,2022-08,49,5.78,3.21,71.1,16.4,0.52,3.32
20220901,2022-09,49,5.72,3.18,71.1,15.0,0.52,3.37
20221001,2022-10,49,6.43,3.57,71.1,23.6,0.52,3.43
20221101,2022-11,49,6.72,3.73,71.1,23.4,0.52,3.5
20221201,2022-12,49,5.97,3.32,71.1,17.8,0.52,3.55
20230101,2023-01,49,6.76,3.76,71.1,13.3,0.52,3.62
20230201,2023-02,49,5.42,3.01,71.1,17.3,0.52,3.67
20230301,2023-03,49,6.98,3.88,71.1,19.1,0.52,3.74
20230401,2023-04,49,5.34,2.97,71.1,11.9,0.52,3.79
20230501,2023-05,49,6.09,3.38,71.1,18.3,0.52,3.84
20230601,2023-06,49,6.77,3.76,71.1,16.3,0.52,3.91
20230701,2023-07,49,5.8,3.22,71.1,23.9,0.52,3.96
20230801,2023-08,49,5.81,3.23,71.1,23.0,0.52,4.02
20230901,2023-09,49,6.81,3.78,71.1,21.3,0.52,4.08
20231001,2023-10,49,5.39,2.99,71.1,9.7,0.52,4.14
20231101,2023-11,49,6.25,3.47,71.1,9.5,0.52,4.2
20231201,2023-12,49,6.27,3.48,71.1,11.2,0.52,4.26
20240101,2024-01,49,5.95,3.31,71.1,23.6,0.52,4.31
20240201,2024-02,49,6.31,3.51,71.1,13.3,0.52,4.37
20240301,2024-03,49,6.65,3.69,71.1,13.0,0.52,4.44
20240401,2024-04,49,6.42,3.57,71.1,16.0,0.52,4.5
20240501,2024-05,49,5.33,2.96,71.1,18.9,0.52,4.55
20240601,2024-06,49,7.04,3.91,71.1,11.4,0.0,4.61
20240701,2024-07,49,5.3,2.94,71.1,16.5,0.0,4.66
20240801,2024-08,49,5.84,3.24,71.1,18.8,0.0,4.72
20240901,2024-09,49,5.48,3.04,71.1,19.5,0.0,4.77
20241001,2024-10,49,5.68,3.16,71.1,16.6,0.0,4.83
20241101,2024-11,49,7.16,3.98,71.1,16.5,0.0,4.89
20241201,2024-12,49,5.94,3.3,71.1,21.3,0.0,4.95
20250101,2025-01,49,5.3,2.94,71.1,16.4,0.0,5.0
20250201,2025-02,49,6.25,3.47,71.1,19.6,0.0,5.06
20250301,2025-03,49,5.58,3.1,71.1,8.5,0.0,5.11
20250401,2025-04,49,6.91,3.84,71.1,19.1,0.0,5.18
20250501,2025-05,49,6.68,3.71,71.1,22.0,0.0,5.24
20250601,2025-06,49,6.44,3.58,71.1,23.0,0.0,5.31
20250701,2025-07,49,5.82,3.23,71.1,9.9,0.0,5.36
20250801,2025-08,49,5.79,3.22,71.1,17.7,0.0,5.42
20250901,2025-09,49,5.91,3.28,71.1,13.4,0.0,5.47
20251001,2025-10,49,5.46,3.03,71.1,22.8,0.0,5.52
20251101,2025-11,49,7.12,3.96,71.1,20.0,0.0,5.59
20251201,2025-12,49,6.4,3.56,71.1,11.5,0.0,5.65
20240701,2024-07,50,122.4,68.0,78.6,11.2,0.64,0.96
20240801,2024-08,50,77.95,43.31,74.6,9.7,0.64,1.57
20240901,2024-09,50,22.58,12.54,74.8,10.3,0.64,1.74
20241001,2024-10,50,21.34,11.86,74.8,8.9,0.64,1.91
20241101,2024-11,50,17.21,9.56,74.8,9.6,0.64,2.05
20241201,2024-12,50,16.1,8.94,74.8,10.6,0.64,2.17
20250101,2025-01,50,14.15,7.86,74.8,16.0,0.64,2.28
20250201,2025-02,50,3.92,2.18,69.6,12.8,0.64,2.31
20250301,2025-03,50,4.3,2.39,69.6,20.4,0.64,2.35
20250401,2025-04,50,4.38,2.43,69.6,17.1,0.64,2.38
20250501,2025-05,50,4.52,2.51,69.6,13.1,0.64,2.42
20250601,2025-06,50,4.31,2.39,69.6,22.7,0.64,2.45
20250701,2025-07,50,4.62,2.57,69.6,22.7,0.64,2.49
20250801,2025-08,50,4.75,2.64,69.6,20.8,0.64,2.52
20250901,2025-09,50,4.55,2.53,69.6,22.9,0.64,2.56
20251001,2025-10,50,4.5,2.5,69.6,23.4,0.64,2.59
20251101,2025-11,50,5.05,2.81,69.6,23.9,0.64,2.63
20251201,2025-12,50,5.14,2.86,69.6,9.6,0.64,2.67
20241001,2024-10,51,470.5,261.39,92.0,17.4,1.33,1.78
20241101,2024-11,51,239.51,133.06,80.8,12.9,1.33,2.68
20241201,2024-12,51,75.19,41.77,78.0,21.9,1.33,2.96
20250101,2025-01,51,82.66,45.92,78.0,23.2,1.33,3.27
20250201,2025-02,51,56.01,31.12,78.0,17.5,1.33,3.49
20250301,2025-03,51,58.12,32.29,78.0,21.4,1.33,3.71
20250401,2025-04,51,51.16,28.42,78.0,18.8,1.33,3.9
20250501,2025-05,51,17.98,9.99,72.0,12.1,1.33,3.97
20250601,2025-06,51,17.75,9.86,72.0,11.8,1.33,4.03
20250701,2025-07,51,21.15,11.75,72.0,8.5,1.33,4.11
20250801,2025-08,51,23.34,12.97,72.0,8.1,1.33,4.2
20250901,2025-09,51,19.37,10.76,72.0,18.2,1.33,4.27
20251001,2025-10,51,23.52,13.07,72.0,10.6,1.33,4.36
20251101,2025-11,51,22.96,12.76,72.0,18.1,1.33,4.45
20251201,2025-12,51,21.54,11.97,72.0,15.0,1.33,4.53
20230901,2023-09,52,74.76,8.5,85.7,21.9,0.33,1.14
20231001,2023-10,52,41.49,4.71,85.1,22.5,0.33,1.77
20231101,2023-11,52,16.0,1.82,76.4,10.2,0.33,2.02
20231201,2023-12,52,15.97,1.81,76.4,12.3,0.33,2.26
20240101,2024-01,52,10.54,1.2,76.4,22.4,0.33,2.42
20240201,2024-02,52,10.66,1.21,76.4,19.2,0.33,2.58
20240301,2024-03,52,7.63,0.87,76.4,20.8,0.33,2.7
20240401,2024-04,52,3.34,0.38,70.8,11.8,0.33,2.75
20240501,2024-05,52,3.2,0.36,70.8,18.5,0.33,2.8
20240601,2024-06,52,3.6,0.41,70.8,11.2,0.33,2.86
20240701,2024-07,52,3.78,0.43,70.8,21.0,0.33,2.91
20240801,2024-08,52,3.21,0.36,70.8,23.1,0.33,2.96
20240901,2024-09,52,3.91,0.44,70.8,13.9,0.33,3.02
20241001,2024-10,52,3.65,0.41,70.8,17.5,0.33,3.08
20241101,2024-11,52,3.49,0.4,70.8,17.9,0.33,3.13
20241201,2024-12,52,3.17,0.36,70.8,18.2,0.33,3.18
20250101,2025-01,52,3.17,0.36,70.8,19.3,0.33,3.23
20250201,2025-02,52,3.75,0.43,70.8,13.6,0.33,3.28
20250301,2025-03,52,3.99,0.45,70.8,14.7,0.33,3.35
20250401,2025-04,52,3.39,0.39,70.8,9.2,0.33,3.4
20250501,2025-05,52,3.72,0.42,70.8,23.6,0.33,3.45
20250601,2025-06,52,3.76,0.43,70.8,11.8,0.33,3.51
20250701,2025-07,52,3.93,0.45,70.8,13.1,0.33,3.57
20250801,2025-08,52,4.01,0.46,70.8,13.7,0.33,3.63
20250901,2025-09,52,3.17,0.36,70.8,15.6,0.33,3.68
20251001,2025-10,52,3.83,0.44,70.8,11.1,0.33,3.74
20251101,2025-11,52,3.16,0.36,70.8,9.9,0.33,3.79
20251201,2025-12,52,3.6,0.41,70.8,22.8,0.33,3.84
20230201,2023-02,53,94.26,10.71,86.8,11.1,0.48,0.99
20230301,2023-03,53,55.07,6.26,78.9,8.7,0.48,1.57
20230401,2023-04,53,21.52,2.45,75.0,20.6,0.48,1.8
20230501,2023-05,53,19.01,2.16,75.0,9.6,0.48,2.0
20230601,2023-06,53,12.46,1.42,75.0,21.1,0.48,2.13
20230701,2023-07,53,10.8,1.23,75.0,18.6,0.48,2.24
20230801,2023-08,53,9.55,1.09,75.0,14.8,0.48,2.34
20230901,2023-09,53,4.02,0.46,69.8,21.9,0.48,2.39
20231001,2023-10,53,3.57,0.41,69.8,22.2,0.48,2.42
20231101,2023-11,53,3.14,0.36,69.8,14.0,0.48,2.46
20231201,2023-12,53,3.7,0.42,69.8,21.6,0.48,2.5
20240101,2024-01,53,3.84,0.44,69.8,10.9,0.48,2.54
20240201,2024-02,53,3.31,0.38,69.8,8.3,0.48,2.57
20240301,2024-03,53,3.93,0.45,69.8,19.2,0.48,2.61
20240401,2024-04,53,3.22,0.37,69.8,18.1,0.48,2.65
20240501,2024-05,53,3.69,0.42,69.8,14.5,0.48,2.69
20240601,2024-06,53,3.94,0.45,69.8,17.1,0.48,2.73
20240701,2024-07,53,3.49,0.4,69.8,23.5,0.48,2.76
20240801,2024-08,53,3.8,0.43,69.8,22.6,0.48,2.8
20240901,2024-09,53,3.34,0.38,69.8,20.6,0.48,2.84
20241001,2024-10,53,3.39,0.39,69.8,12.3,0.48,2.87
20241101,2024-11,53,4.04,0.46,69.8,8.3,0.48,2.92
20241201,2024-12,53,3.56,0.4,69.8,15.0,0.48,2.95
20250101,2025-01,53,3.97,0.45,69.8,17.3,0.48,3.0
20250201,2025-02,53,3.95,0.45,69.8,23.2,0.48,3.04
20250301,2025-03,53,3.52,0.4,69.8,10.3,0.48,3.07
20250401,2025-04,53,3.59,0.41,69.8,9.7,0.48,3.11
20250501,2025-05,53,3.12,0.35,69.8,12.6,0.48,3.15
20250601,2025-06,53,3.22,0.37,69.8,18.0,0.48,3.18
20250701,2025-07,53,3.48,0.4,69.8,23.7,0.48,3.22
20250801,2025-08,53,3.29,0.37,69.8,21.7,0.48,3.25
20250901,2025-09,53,3.16,0.36,69.8,9.9,0.48,3.28
20251001,2025-10,53,3.36,0.38,69.8,24.0,0.48,3.32
20251101,2025-11,53,3.51,0.4,69.8,13.0,0.48,3.36
20251201,2025-12,53,3.93,0.45,69.8,9.0,0.48,3.4
20210801,2021-08,54,40.99,22.77,82.1,8.1,0.32,0.64
20210901,2021-09,54,26.14,14.52,80.2,16.3,0.32,1.05
20211001,2021-10,54,9.11,5.06,73.2,22.9,0.32,1.19
20211101,2021-11,54,9.0,5.0,73.2,19.5,0.32,1.33
20211201,2021-12,54,6.38,3.54,73.2,15.6,0.32,1.43
20220101,2022-01,54,5.17,2.87,73.2,12.2,0.32,1.51
20220201,2022-02,54,4.95,2.75,73.2,15.8,0.32,1.59
20220301,2022-03,54,1.45,0.81,68.4,14.4,0.32,1.62
20220401,2022-04,54,1.41,0.78,68.4,16.4,0.32,1.64
20220501,2022-05,54,1.4,0.78,68.4,9.3,0.32,1.66
20220601,2022-06,54,1.5,0.83,68.4,10.9,0.32,1.68
20220701,2022-07,54,1.4,0.78,68.4,11.7,0.32,1.7
20220801,2022-08,54,1.22,0.68,68.4,17.2,0.32,1.72
20220901,2022-09,54,1.25,0.69,68.4,23.8,0.32,1.74
20221001,2022-10,54,1.25,0.69,68.4,16.0,0.32,1.76
20221101,2022-11,54,1.33,0.74,68.4,14.2,0.32,1.78
20221201,2022-12,54,1.39,0.77,68.4,10.7,0.32,1.81
20230101,2023-01,54,1.39,0.77,68.4,17.8,0.32,1.83
20230201,2023-02,54,1.53,0.85,68.4,19.1,0.32,1.85
20230301,2023-03,54,1.47,0.82,68.4,14.8,0.32,1.87
20230401,2023-04,54,1.32,0.73,68.4,19.8,0.32,1.89
20230501,2023-05,54,1.41,0.78,68.4,8.2,0.32,1.92
20230601,2023-06,54,1.48,0.82,68.4,8.0,0.32,1.94
20230701,2023-07,54,1.27,0.71,68.4,23.6,0.32,1.96
20230801,2023-08,54,1.38,0.77,68.4,21.9,0.32,1.98
20230901,2023-09,54,1.57,0.87,68.4,14.9,0.32,2.01
20231001,2023-10,54,1.55,0.86,68.4,10.6,0.32,2.03
20231101,2023-11,54,1.32,0.73,68.4,11.9,0.32,2.05
20231201,2023-12,54,1.2,0.67,68.4,13.9,0.32,2.07
20240101,2024-01,54,1.54,0.86,68.4,15.9,0.32,2.09
20240201,2024-02,54,1.39,0.77,68.4,20.8,0.32,2.12
20240301,2024-03,54,1.57,0.87,68.4,9.3,0.32,2.14
20240401,2024-04,54,1.46,0.81,68.4,15.8,0.32,2.16
20240501,2024-05,54,1.46,0.81,68.4,9.8,0.32,2.19
20240601,2024-06,54,1.35,0.75,68.4,19.4,0.32,2.21
20240701,2024-07,54,1.52,0.84,68.4,23.1,0.32,2.23
20240801,2024-08,54,1.36,0.76,68.4,23.1,0.0,2.25
20240901,2024-09,54,1.46,0.81,68.4,11.1,0.0,2.27
20241001,2024-10,54,1.54,0.86,68.4,20.8,0.0,2.3
20241101,2024-11,54,1.19,0.66,68.4,14.2,0.0,2.32
20241201,2024-12,54,1.45,0.81,68.4,18.9,0.0,2.34
20250101,2025-01,54,1.31,0.73,68.4,17.3,0.0,2.36
20250201,2025-02,54,1.35,0.75,68.4,12.7,0.0,2.38
20250301,2025-03,54,1.34,0.74,68.4,19.9,0.0,2.4
20250401,2025-04,54,1.49,0.83,68.4,10.6,0.0,2.43
20250501,2025-05,54,1.41,0.78,68.4,23.2,0.0,2.45
20250601,2025-06,54,1.52,0.84,68.4,19.7,0.0,2.47
20250701,2025-07,54,1.49,0.83,68.4,8.5,0.0,2.5
20250801,2025-08,54,1.26,0.7,68.4,11.5,0.0,2.52
20250901,2025-09,54,1.53,0.85,68.4,21.5,0.0,2.54
20251001,2025-10,54,1.36,0.76,68.4,10.3,0.0,2.56
20251101,2025-11,54,1.57,0.87,68.4,11.6,0.0,2.58
20251201,2025-12,54,1.28,0.71,68.4,21.0,0.0,2.6
20210801,2021-08,55,19.0,3.96,87.4,11.0,0.13,0.71
20210901,2021-09,55,14.01,2.92,78.7,15.5,0.13,1.24
20211001,2021-10,55,4.96,1.03,75.6,14.6,0.13,1.42
20211101,2021-11,55,3.96,0.82,75.6,9.8,0.13,1.57
20211201,2021-12,55,3.18,0.66,75.6,9.7,0.13,1.69
20220101,2022-01,55,2.34,0.49,75.6,15.4,0.13,1.78
20220201,2022-02,55,2.19,0.46,75.6,10.8,0.13,1.86
20220301,2022-03,55,0.92,0.19,70.2,14.5,0.13,1.9
20220401,2022-04,55,0.84,0.17,70.2,20.5,0.13,1.93
20220501,2022-05,55,0.77,0.16,70.2,23.3,0.13,1.96
20220601,2022-06,55,0.8,0.17,70.2,9.6,0.13,1.99
20220701,2022-07,55,0.83,0.17,70.2,14.0,0.13,2.02
20220801,2022-08,55,0.85,0.18,70.2,18.6,0.13,2.05
20220901,2022-09,55,0.86,0.18,70.2,21.9,0.13,2.08
20221001,2022-10,55,0.82,0.17,70.2,18.1,0.13,2.11
20221101,2022-11,55,0.92,0.19,70.2,11.1,0.13,2.15
20221201,2022-12,55,0.97,0.2,70.2,14.5,0.13,2.18
20230101,2023-01,55,0.83,0.17,70.2,9.8,0.13,2.21
20230201,2023-02,55,0.85,0.18,70.2,21.5,0.13,2.25
20230301,2023-03,55,0.83,0.17,70.2,19.6,0.13,2.28
20230401,2023-04,55,0.84,0.17,70.2,12.6,0.13,2.31
20230501,2023-05,55,0.74,0.15,70.2,18.7,0.13,2.34
20230601,2023-06,55,0.76,0.16,70.2,14.4,0.13,2.37
20230701,2023-07,55,0.86,0.18,70.2,14.1,0.13,2.4
20230801,2023-08,55,0.88,0.18,70.2,23.7,0.13,2.43
20230901,2023-09,55,0.77,0.16,70.2,10.5,0.13,2.46
20231001,2023-10,55,0.75,0.16,70.2,17.2,0.13,2.49
20231101,2023-11,55,0.87,0.18,70.2,11.7,0.13,2.52
20231201,2023-12,55,0.8,0.17,70.2,19.0,0.13,2.55
20240101,2024-01,55,0.86,0.18,70.2,18.6,0.13,2.58
20240201,2024-02,55,0.82,0.17,70.2,14.6,0.13,2.61
20240301,2024-03,55,0.79,0.16,70.2,20.0,0.13,2.64
20240401,2024-04,55,0.8,0.17,70.2,21.9,0.13,2.67
20240501,2024-05,55,0.91,0.19,70.2,13.2,0.13,2.71
20240601,2024-06,55,0.79,0.16,70.2,19.8,0.13,2.74
20240701,2024-07,55,0.79,0.16,70.2,23.2,0.13,2.77
20240801,2024-08,55,0.8,0.17,70.2,8.0,0.0,2.8
20240901,2024-09,55,0.9,0.19,70.2,14.6,0.0,2.83
20241001,2024-10,55,0.9,0.19,70.2,22.7,0.0,2.86
20241101,2024-11,55,0.91,0.19,70.2,10.3,0.0,2.9
20241201,2024-12,55,0.82,0.17,70.2,21.1,0.0,2.93
20250101,2025-01,55,0.76,0.16,70.2,12.3,0.0,2.96
20250201,2025-02,55,0.97,0.2,70.2,19.0,0.0,2.99
20250301,2025-03,55,0.82,0.17,70.2,13.8,0.0,3.02
20250401,2025-04,55,0.78,0.16,70.2,17.1,0.0,3.05
20250501,2025-05,55,0.77,0.16,70.2,10.0,0.0,3.08
20250601,2025-06,55,0.92,0.19,70.2,13.2,0.0,3.12
20250701,2025-07,55,0.74,0.15,70.2,20.0,0.0,3.14
20250801,2025-08,55,0.96,0.2,70.2,9.0,0.0,3.18
20250901,2025-09,55,0.91,0.19,70.2,16.8,0.0,3.21
20251001,2025-10,55,0.97,0.2,70.2,20.9,0.0,3.25
20251101,2025-11,55,0.9,0.19,70.2,19.4,0.0,3.28
20251201,2025-12,55,0.76,0.16,70.2,9.6,0.0,3.31
20221201,2022-12,56,96.37,10.04,83.5,16.2,0.49,0.99
20230101,2023-01,56,55.88,5.82,75.4,10.0,0.49,1.56
20230201,2023-02,56,18.1,1.89,75.2,19.1,0.49,1.74
20230301,2023-03,56,17.13,1.78,75.2,15.3,0.49,1.92
20230401,2023-04,56,13.51,1.41,75.2,16.3,0.49,2.06
20230501,2023-05,56,11.57,1.21,75.2,18.8,0.49,2.17
20230601,2023-06,56,9.93,1.03,75.2,11.7,0.49,2.28
20230701,2023-07,56,3.57,0.37,69.9,10.7,0.49,2.31
20230801,2023-08,56,3.74,0.39,69.9,15.4,0.49,2.35
20230901,2023-09,56,3.79,0.39,69.9,11.6,0.49,2.39
20231001,2023-10,56,4.4,0.46,69.9,8.7,0.49,2.43
20231101,2023-11,56,4.33,0.45,69.9,17.0,0.49,2.48
20231201,2023-12,56,3.98,0.41,69.9,18.8,0.49,2.52
20240101,2024-01,56,3.8,0.4,69.9,22.3,0.49,2.56
20240201,2024-02,56,4.06,0.42,69.9,23.4,0.49,2.6
20240301,2024-03,56,3.78,0.39,69.9,20.1,0.49,2.64
20240401,2024-04,56,4.36,0.45,69.9,11.9,0.49,2.68
20240501,2024-05,56,3.91,0.41,69.9,11.1,0.49,2.72
20240601,2024-06,56,3.57,0.37,69.9,19.7,0.49,2.76
20240701,2024-07,56,3.61,0.38,69.9,16.1,0.49,2.8
20240801,2024-08,56,3.87,0.4,69.9,22.6,0.49,2.84
20240901,2024-09,56,4.32,0.45,69.9,13.3,0.49,2.88
20241001,2024-10,56,3.63,0.38,69.9,15.5,0.49,2.92
20241101,2024-11,56,3.42,0.36,69.9,15.9,0.49,2.95
20241201,2024-12,56,3.83,0.4,69.9,23.5,0.49,2.99
20250101,2025-01,56,3.98,0.41,69.9,13.0,0.49,3.03
20250201,2025-02,56,3.69,0.38,69.9,10.5,0.49,3.07
20250301,2025-03,56,3.9,0.41,69.9,18.8,0.49,3.11
20250401,2025-04,56,4.13,0.43,69.9,17.9,0.49,3.15
20250501,2025-05,56,4.32,0.45,69.9,21.8,0.49,3.2
20250601,2025-06,56,4.0,0.42,69.9,16.6,0.49,3.24
20250701,2025-07,56,4.09,0.43,69.9,13.9,0.49,3.28
20250801,2025-08,56,4.39,0.46,69.9,23.0,0.49,3.32
20250901,2025-09,56,3.97,0.41,69.9,16.0,0.49,3.36
20251001,2025-10,56,4.1,0.43,69.9,19.4,0.49,3.41
20251101,2025-11,56,3.56,0.37,69.9,15.6,0.49,3.44
20251201,2025-12,56,3.48,0.36,69.9,14.2,0.0,3.48
20211001,2021-10,57,244.62,33.98,87.2,20.6,0.8,1.53
20211101,2021-11,57,136.45,18.95,77.9,8.7,0.8,2.38
20211201,2021-12,57,52.68,7.32,77.2,9.1,0.8,2.71
20220101,2022-01,57,39.36,5.47,77.2,12.6,0.8,2.96
20220201,2022-02,57,37.15,5.16,77.2,10.5,0.8,3.19
20220301,2022-03,57,25.56,3.55,77.2,16.2,0.8,3.35
20220401,2022-04,57,22.64,3.14,77.2,15.3,0.8,3.49
20220501,2022-05,57,11.67,1.62,71.4,10.4,0.8,3.56
20220601,2022-06,57,10.97,1.52,71.4,16.0,0.8,3.63
20220701,2022-07,57,9.82,1.36,71.4,11.7,0.8,3.69
20220801,2022-08,57,11.97,1.66,71.4,22.8,0.8,3.77
20220901,2022-09,57,11.76,1.63,71.4,8.1,0.8,3.84
20221001,2022-10,57,9.39,1.3,71.4,17.0,0.8,3.9
20221101,2022-11,57,9.92,1.38,71.4,9.5,0.8,3.96
20221201,2022-12,57,11.59,1.61,71.4,15.4,0.8,4.03
20230101,2023-01,57,11.68,1.62,71.4,22.4,0.8,4.11
20230201,2023-02,57,10.42,1.45,71.4,19.8,0.8,4.17
20230301,2023-03,57,9.18,1.27,71.4,20.8,0.8,4.23
20230401,2023-04,57,10.36,1.44,71.4,15.6,0.8,4.29
20230501,2023-05,57,9.97,1.38,71.4,17.8,0.8,4.36
20230601,2023-06,57,11.03,1.53,71.4,21.4,0.8,4.43
20230701,2023-07,57,10.29,1.43,71.4,16.9,0.8,4.49
20230801,2023-08,57,11.94,1.66,71.4,10.0,0.8,4.57
20230901,2023-09,57,10.85,1.51,71.4,9.5,0.8,4.63
20231001,2023-10,57,9.34,1.3,71.4,17.9,0.8,4.69
20231101,2023-11,57,9.97,1.38,71.4,16.1,0.8,4.75
20231201,2023-12,57,11.23,1.56,71.4,11.7,0.8,4.82
20240101,2024-01,57,9.37,1.3,71.4,23.5,0.8,4.88
20240201,2024-02,57,9.58,1.33,71.4,18.7,0.8,4.94
20240301,2024-03,57,11.38,1.58,71.4,14.3,0.8,5.01
20240401,2024-04,57,10.34,1.44,71.4,14.3,0.8,5.08
20240501,2024-05,57,10.86,1.51,71.4,9.7,0.8,5.15
20240601,2024-06,57,11.96,1.66,71.4,20.9,0.8,5.22
20240701,2024-07,57,9.74,1.35,71.4,20.6,0.8,5.28
20240801,2024-08,57,10.55,1.47,71.4,21.5,0.8,5.35
20240901,2024-09,57,10.95,1.52,71.4,22.3,0.8,5.42
20241001,2024-10,57,10.97,1.52,71.4,16.9,0.0,5.48
20241101,2024-11,57,10.05,1.4,71.4,10.9,0.0,5.55
20241201,2024-12,57,9.71,1.35,71.4,11.0,0.0,5.61
20250101,2025-01,57,9.94,1.38,71.4,22.7,0.0,5.67
20250201,2025-02,57,11.27,1.57,71.4,17.2,0.0,5.74
20250301,2025-03,57,9.19,1.28,71.4,15.6,0.0,5.8
20250401,2025-04,57,11.02,1.53,71.4,20.4,0.0,5.87
20250501,2025-05,57,9.45,1.31,71.4,17.1,0.0,5.93
20250601,2025-06,57,10.36,1.44,71.4,14.5,0.0,5.99
20250701,2025-07,57,10.78,1.5,71.4,15.5,0.0,6.06
20250801,2025-08,57,10.08,1.4,71.4,19.5,0.0,6.12
20250901,2025-09,57,10.2,1.42,71.4,19.9,0.0,6.18
20251001,2025-10,57,8.99,1.25,71.4,12.5,0.0,6.24
20251101,2025-11,57,10.19,1.42,71.4,22.5,0.0,6.3
20251201,2025-12,57,11.56,1.61,71.4,14.5,0.0,6.38
20240101,2024-01,58,146.71,12.23,87.0,22.0,0.46,1.6
20240201,2024-02,58,71.43,5.95,83.6,22.1,0.46,2.38
20240301,2024-03,58,24.94,2.08,77.6,13.4,0.46,2.65
20240401,2024-04,58,24.56,2.05,77.6,11.2,0.46,2.92
20240501,2024-05,58,19.08,1.59,77.6,14.1,0.46,3.13
20240601,2024-06,58,15.0,1.25,77.6,17.0,0.46,3.29
20240701,2024-07,58,15.59,1.3,77.6,23.1,0.46,3.46
20240801,2024-08,58,6.89,0.57,71.7,19.1,0.46,3.54
20240901,2024-09,58,6.24,0.52,71.7,9.6,0.46,3.6
20241001,2024-10,58,5.97,0.5,71.7,20.8,0.46,3.67
20241101,2024-11,58,7.17,0.6,71.7,19.0,0.46,3.75
20241201,2024-12,58,7.42,0.62,71.7,14.1,0.46,3.83
20250101,2025-01,58,6.93,0.58,71.7,13.0,0.46,3.9
20250201,2025-02,58,6.44,0.54,71.7,9.1,0.46,3.97
20250301,2025-03,58,6.07,0.51,71.7,23.7,0.46,4.04
20250401,2025-04,58,6.08,0.51,71.7,21.8,0.46,4.11
20250501,2025-05,58,6.61,0.55,71.7,19.5,0.46,4.18
20250601,2025-06,58,6.29,0.52,71.7,14.2,0.46,4.25
20250701,2025-07,58,7.44,0.62,71.7,19.6,0.46,4.33
20250801,2025-08,58,5.68,0.47,71.7,11.0,0.46,4.39
20250901,2025-09,58,6.13,0.51,71.7,14.4,0.46,4.46
20251001,2025-10,58,6.12,0.51,71.7,9.5,0.46,4.52
20251101,2025-11,58,6.63,0.55,71.7,13.8,0.46,4.6
20251201,2025-12,58,6.42,0.54,71.7,18.7,0.46,4.67
20250601,2025-06,59,352.53,195.85,89.0,12.2,0.83,2.12
20250701,2025-07,59,185.49,103.05,79.5,9.0,0.83,3.24
20250801,2025-08,59,59.29,32.94,79.4,10.6,0.83,3.6
20250901,2025-09,59,49.84,27.69,79.4,11.3,0.83,3.9
20251001,2025-10,59,44.54,24.74,79.4,12.3,0.83,4.16
20251101,2025-11,59,45.39,25.22,79.4,22.7,0.83,4.44
20251201,2025-12,59,29.85,16.58,79.4,22.8,0.83,4.62
20241101,2024-11,60,76.78,5.65,88.4,11.4,0.57,0.67
20241201,2024-12,60,52.89,3.89,79.1,22.2,0.57,1.13
20250101,2025-01,60,18.06,1.33,75.0,21.6,0.57,1.29
20250201,2025-02,60,14.72,1.08,75.0,14.6,0.57,1.42
20250301,2025-03,60,10.94,0.8,75.0,15.1,0.57,1.52
20250401,2025-04,60,10.02,0.74,75.0,18.2,0.57,1.6
20250501,2025-05,60,9.47,0.7,75.0,20.4,0.57,1.69
20250601,2025-06,60,3.19,0.23,69.8,9.8,0.57,1.71
20250701,2025-07,60,3.51,0.26,69.8,15.6,0.57,1.74
20250801,2025-08,60,3.38,0.25,69.8,15.3,0.57,1.77
20250901,2025-09,60,3.46,0.25,69.8,22.4,0.57,1.8
20251001,2025-10,60,3.05,0.22,69.8,16.0,0.57,1.83
20251101,2025-11,60,3.04,0.22,69.8,21.7,0.57,1.86
20251201,2025-12,60,3.34,0.25,69.8,23.9,0.57,1.89
20241201,2024-12,61,129.53,16.19,87.6,15.4,0.7,0.93
20250101,2025-01,61,73.54,9.19,81.7,19.4,0.7,1.46
20250201,2025-02,61,25.39,3.17,75.8,9.5,0.7,1.64
20250301,2025-03,61,18.23,2.28,75.8,15.9,0.7,1.77
20250401,2025-04,61,17.4,2.17,75.8,15.4,0.7,1.89
20250501,2025-05,61,13.53,1.69,75.8,11.5,0.7,1.99
20250601,2025-06,61,13.62,1.7,75.8,13.5,0.7,2.09
20250701,2025-07,61,5.09,0.64,70.3,15.3,0.7,2.13
20250801,2025-08,61,5.04,0.63,70.3,17.0,0.7,2.16
20250901,2025-09,61,4.85,0.61,70.3,14.2,0.7,2.2
20251001,2025-10,61,5.41,0.68,70.3,22.4,0.7,2.23
20251101,2025-11,61,4.29,0.54,70.3,21.2,0.7,2.27
20251201,2025-12,61,5.14,0.64,70.3,12.4,0.7,2.3
20220401,2022-04,62,241.65,33.56,81.5,11.7,1.27,0.95
20220501,2022-05,62,146.79,20.39,74.7,23.0,1.27,1.53
20220601,2022-06,62,50.43,7.0,75.2,19.1,1.27,1.73
20220701,2022-07,62,45.47,6.32,75.2,16.0,1.27,1.91
20220801,2022-08,62,41.7,5.79,75.2,13.4,1.27,2.07
20220901,2022-09,62,32.9,4.57,75.2,14.1,1.27,2.2
20221001,2022-10,62,29.12,4.04,75.2,17.4,1.27,2.32
20221101,2022-11,62,11.24,1.56,69.9,23.0,1.27,2.36
20221201,2022-12,62,9.95,1.38,69.9,20.1,1.27,2.4
20230101,2023-01,62,10.17,1.41,69.9,13.0,1.27,2.44
20230201,2023-02,62,10.37,1.44,69.9,10.6,1.27,2.48
20230301,2023-03,62,11.41,1.58,69.9,10.4,1.27,2.53
20230401,2023-04,62,10.98,1.52,69.9,18.7,1.27,2.57
20230501,2023-05,62,9.21,1.28,69.9,22.2,1.27,2.61
20230601,2023-06,62,9.77,1.36,69.9,23.4,1.27,2.64
20230701,2023-07,62,10.58,1.47,69.9,8.7,1.27,2.69
20230801,2023-08,62,9.29,1.29,69.9,22.4,1.27,2.72
20230901,2023-09,62,9.81,1.36,69.9,15.6,1.27,2.76
20231001,2023-10,62,9.11,1.27,69.9,12.4,1.27,2.8
20231101,2023-11,62,10.64,1.48,69.9,12.9,1.27,2.84
20231201,2023-12,62,11.09,1.54,69.9,22.8,1.27,2.88
20240101,2024-01,62,10.81,1.5,69.9,15.1,1.27,2.92
20240201,2024-02,62,9.35,1.3,69.9,10.0,1.27,2.96
20240301,2024-03,62,10.62,1.47,69.9,8.4,1.27,3.0
20240401,2024-04,62,11.14,1.55,69.9,23.4,1.27,3.05
20240501,2024-05,62,10.56,1.47,69.9,11.2,1.27,3.09
20240601,2024-06,62,8.78,1.22,69.9,17.6,1.27,3.12
20240701,2024-07,62,8.81,1.22,69.9,21.9,1.27,3.16
20240801,2024-08,62,10.79,1.5,69.9,9.9,1.27,3.2
20240901,2024-09,62,11.28,1.57,69.9,18.0,1.27,3.24
20241001,2024-10,62,11.25,1.56,69.9,10.1,1.27,3.29
20241101,2024-11,62,9.53,1.32,69.9,22.4,1.27,3.33
20241201,2024-12,62,11.37,1.58,69.9,16.1,1.27,3.37
20250101,2025-01,62,11.2,1.56,69.9,21.1,1.27,3.42
20250201,2025-02,62,10.03,1.39,69.9,8.4,1.27,3.46
20250301,2025-03,62,10.43,1.45,69.9,15.6,1.27,3.5
20250401,2025-04,62,10.35,1.44,69.9,14.1,0.0,3.54
20250501,2025-05,62,9.01,1.25,69.9,23.7,0.0,3.57
20250601,2025-06,62,8.9,1.24,69.9,23.5,0.0,3.61
20250701,2025-07,62,9.97,1.38,69.9,21.7,0.0,3.65
20250801,2025-08,62,10.52,1.46,69.9,12.8,0.0,3.69
20250901,2025-09,62,8.62,1.2,69.9,9.9,0.0,3.72
20251001,2025-10,62,9.15,1.27,69.9,22.9,0.0,3.76
20251101,2025-11,62,10.61,1.47,69.9,14.4,0.0,3.8
20251201,2025-12,62,11.17,1.55,69.9,19.3,0.0,3.84
20240801,2024-08,63,84.87,11.79,88.8,15.6,0.3,1.41
20240901,2024-09,63,57.88,8.04,84.0,23.1,0.3,2.38
20241001,2024-10,63,22.23,3.09,78.0,9.5,0.3,2.75
20241101,2024-11,63,18.73,2.6,78.0,10.5,0.3,3.06
20241201,2024-12,63,13.6,1.89,78.0,16.9,0.3,3.29
20250101,2025-01,63,13.54,1.88,78.0,14.8,0.3,3.51
20250201,2025-02,63,10.34,1.44,78.0,12.4,0.3,3.69
20250301,2025-03,63,4.49,0.62,72.0,17.1,0.3,3.76
20250401,2025-04,63,4.44,0.62,72.0,16.2,0.3,3.84
20250501,2025-05,63,5.14,0.71,72.0,9.2,0.3,3.92
20250601,2025-06,63,4.96,0.69,72.0,11.4,0.3,4.0
20250701,2025-07,63,4.98,0.69,72.0,12.9,0.3,4.09
20250801,2025-08,63,4.51,0.63,72.0,20.3,0.3,4.16
20250901,2025-09,63,4.43,0.62,72.0,17.2,0.3,4.24
20251001,2025-10,63,4.21,0.58,72.0,14.5,0.3,4.31
20251101,2025-11,63,4.63,0.64,72.0,15.4,0.3,4.38
20251201,2025-12,63,4.03,0.56,72.0,21.2,0.3,4.45
20250701,2025-07,64,669.1,92.93,86.0,18.1,2.11,1.59
20250801,2025-08,64,346.01,48.06,85.2,19.9,2.11,2.41
20250901,2025-09,64,124.93,17.35,78.2,20.3,2.11,2.7
20251001,2025-10,64,137.12,19.04,78.2,11.8,2.11,3.03
20251101,2025-11,64,115.07,15.98,78.2,8.3,2.11,3.3
20251201,2025-12,64,96.27,13.37,78.2,19.3,2.11,3.53
20230401,2023-04,65,107.49,8.96,85.1,18.6,0.49,1.11
20230501,2023-05,65,60.3,5.02,86.1,23.5,0.49,1.73
20230601,2023-06,65,17.41,1.45,75.0,18.3,0.49,1.9
20230701,2023-07,65,16.38,1.36,75.0,9.2,0.49,2.07
20230801,2023-08,65,16.11,1.34,75.0,23.1,0.49,2.24
20230901,2023-09,65,12.45,1.04,75.0,11.3,0.49,2.37
20231001,2023-10,65,11.94,0.99,75.0,10.9,0.49,2.49
20231101,2023-11,65,3.78,0.32,69.8,16.0,0.49,2.53
20231201,2023-12,65,3.45,0.29,69.8,8.6,0.49,2.56
20240101,2024-01,65,3.43,0.29,69.8,13.1,0.49,2.6
20240201,2024-02,65,3.73,0.31,69.8,13.5,0.49,2.64
20240301,2024-03,65,3.13,0.26,69.8,16.0,0.49,2.67
20240401,2024-04,65,3.32,0.28,69.8,23.3,0.49,2.7
20240501,2024-05,65,3.96,0.33,69.8,15.8,0.49,2.75
20240601,2024-06,65,3.15,0.26,69.8,16.4,0.49,2.78
20240701,2024-07,65,3.09,0.26,69.8,14.1,0.49,2.81
20240801,2024-08,65,3.08,0.26,69.8,8.9,0.49,2.84
20240901,2024-09,65,3.35,0.28,69.8,23.8,0.49,2.88
20241001,2024-10,65,3.36,0.28,69.8,23.2,0.49,2.91
20241101,2024-11,65,3.91,0.33,69.8,14.8,0.49,2.95
20241201,2024-12,65,4.05,0.34,69.8,10.3,0.49,2.99
20250101,2025-01,65,3.94,0.33,69.8,9.3,0.49,3.03
20250201,2025-02,65,3.34,0.28,69.8,8.5,0.49,3.07
20250301,2025-03,65,3.9,0.33,69.8,14.4,0.49,3.11
20250401,2025-04,65,3.22,0.27,69.8,17.1,0.49,3.14
20250501,2025-05,65,3.84,0.32,69.8,18.1,0.49,3.18
20250601,2025-06,65,3.23,0.27,69.8,18.1,0.49,3.21
20250701,2025-07,65,3.79,0.32,69.8,16.6,0.49,3.25
20250801,2025-08,65,3.13,0.26,69.8,19.5,0.49,3.28
20250901,2025-09,65,3.45,0.29,69.8,12.9,0.49,3.32
20251001,2025-10,65,3.75,0.31,69.8,21.4,0.49,3.36
20251101,2025-11,65,3.32,0.28,69.8,18.1,0.49,3.39
20251201,2025-12,65,3.74,0.31,69.8,19.5,0.49,3.43
20241201,2024-12,66,128.17,14.56,86.8,20.8,0.56,1.15
20250101,2025-01,66,73.68,8.37,82.7,14.7,0.56,1.82
20250201,2025-02,66,22.11,2.51,75.2,16.8,0.56,2.02
20250301,2025-03,66,19.64,2.23,75.2,13.3,0.56,2.19
20250401,2025-04,66,19.59,2.23,75.2,9.4,0.56,2.37
20250501,2025-05,66,14.71,1.67,75.2,22.0,0.56,2.5
20250601,2025-06,66,10.76,1.22,75.2,21.2,0.56,2.6
20250701,2025-07,66,4.06,0.46,69.9,18.2,0.56,2.63
20250801,2025-08,66,4.46,0.51,69.9,22.8,0.56,2.67
20250901,2025-09,66,4.1,0.47,69.9,13.9,0.56,2.71
20251001,2025-10,66,4.11,0.47,69.9,21.5,0.56,2.75
20251101,2025-11,66,4.91,0.56,69.9,10.5,0.56,2.79
20251201,2025-12,66,4.4,0.5,69.9,21.3,0.56,2.83
20210701,2021-07,67,120.19,16.69,90.7,10.0,0.57,1.05
20210801,2021-08,67,83.02,11.53,79.5,23.0,0.57,1.77
20210901,2021-09,67,30.08,4.18,75.8,21.6,0.57,2.03
20211001,2021-10,67,23.27,3.23,75.8,21.8,0.57,2.23
20211101,2021-11,67,17.53,2.43,75.8,12.8,0.57,2.38
20211201,2021-12,67,18.83,2.62,75.8,12.4,0.57,2.55
20220101,2022-01,67,13.12,1.82,75.8,19.3,0.57,2.66
20220201,2022-02,67,6.09,0.85,70.3,8.0,0.57,2.71
20220301,2022-03,67,4.93,0.68,70.3,16.8,0.57,2.76
20220401,2022-04,67,5.84,0.81,70.3,9.7,0.57,2.81
20220501,2022-05,67,5.99,0.83,70.3,18.0,0.57,2.86
20220601,2022-06,67,4.75,0.66,70.3,11.3,0.57,2.9
20220701,2022-07,67,4.75,0.66,70.3,13.7,0.57,2.94
20220801,2022-08,67,4.82,0.67,70.3,13.9,0.57,2.98
20220901,2022-09,67,5.77,0.8,70.3,23.2,0.57,3.03
20221001,2022-10,67,5.64,0.78,70.3,17.2,0.57,3.08
20221101,2022-11,67,5.89,0.82,70.3,17.0,0.57,3.13
20221201,2022-12,67,5.53,0.77,70.3,20.6,0.57,3.18
20230101,2023-01,67,5.29,0.73,70.3,17.6,0.57,3.23
20230201,2023-02,67,5.51,0.77,70.3,20.1,0.57,3.28
20230301,2023-03,67,5.36,0.74,70.3,17.8,0.57,3.32
20230401,2023-04,67,4.52,0.63,70.3,22.9,0.57,3.36
20230501,2023-05,67,4.64,0.64,70.3,23.8,0.57,3.4
20230601,2023-06,67,4.94,0.69,70.3,9.9,0.57,3.45
20230701,2023-07,67,4.53,0.63,70.3,9.9,0.57,3.49
20230801,2023-08,67,5.04,0.7,70.3,12.9,0.57,3.53
20230901,2023-09,67,4.96,0.69,70.3,8.4,0.57,3.57
20231001,2023-10,67,5.13,0.71,70.3,18.3,0.57,3.62
20231101,2023-11,67,5.79,0.8,70.3,10.4,0.57,3.67
20231201,2023-12,67,6.03,0.84,70.3,16.6,0.57,3.72
20240101,2024-01,67,4.85,0.67,70.3,11.8,0.57,3.76
20240201,2024-02,67,4.96,0.69,70.3,14.4,0.57,3.81
20240301,2024-03,67,4.67,0.65,70.3,22.6,0.57,3.85
20240401,2024-04,67,5.92,0.82,70.3,12.2,0.57,3.9
20240501,2024-05,67,5.2,0.72,70.3,21.3,0.57,3.94
20240601,2024-06,67,5.72,0.79,70.3,19.3,0.57,3.99
20240701,2024-07,67,5.49,0.76,70.3,20.9,0.0,4.04
20240801,2024-08,67,5.01,0.7,70.3,12.7,0.0,4.08
20240901,2024-09,67,4.73,0.66,70.3,16.8,0.0,4.12
20241001,2024-10,67,5.8,0.81,70.3,10.5,0.0,4.18
20241101,2024-11,67,5.07,0.7,70.3,20.4,0.0,4.22
20241201,2024-12,67,4.56,0.63,70.3,22.8,0.0,4.26
20250101,2025-01,67,5.74,0.8,70.3,20.5,0.0,4.31
20250201,2025-02,67,5.38,0.75,70.3,11.0,0.0,4.36
20250301,2025-03,67,5.82,0.81,70.3,19.9,0.0,4.41
20250401,2025-04,67,4.82,0.67,70.3,13.1,0.0,4.45
20250501,2025-05,67,4.67,0.65,70.3,9.3,0.0,4.49
20250601,2025-06,67,4.51,0.63,70.3,18.8,0.0,4.53
20250701,2025-07,67,5.26,0.73,70.3,22.5,0.0,4.57
20250801,2025-08,67,4.85,0.67,70.3,10.8,0.0,4.62
20250901,2025-09,67,5.06,0.7,70.3,13.3,0.0,4.66
20251001,2025-10,67,5.1,0.71,70.3,17.8,0.0,4.7
20251101,2025-11,67,4.9,0.68,70.3,8.9,0.0,4.75
20251201,2025-12,67,5.14,0.71,70.3,17.6,0.0,4.79
20211101,2021-11,68,82.24,45.69,78.6,21.9,0.45,0.91
20211201,2021-12,68,47.72,26.51,77.6,21.0,0.45,1.44
20220101,2022-01,68,18.63,10.35,74.4,21.9,0.45,1.65
20220201,2022-02,68,13.79,7.66,74.4,9.0,0.45,1.8
20220301,2022-03,68,11.44,6.36,74.4,17.3,0.45,1.93
20220401,2022-04,68,10.61,5.89,74.4,21.0,0.45,2.05
20220501,2022-05,68,7.85,4.36,74.4,16.3,0.45,2.14
20220601,2022-06,68,2.72,1.51,69.3,21.9,0.45,2.17
20220701,2022-07,68,3.06,1.7,69.3,8.6,0.45,2.2
20220801,2022-08,68,3.16,1.76,69.3,19.7,0.45,2.24
20220901,2022-09,68,2.4,1.33,69.3,11.6,0.45,2.26
20221001,2022-10,68,2.76,1.53,69.3,12.3,0.45,2.29
20221101,2022-11,68,2.63,1.46,69.3,19.5,0.45,2.32
20221201,2022-12,68,3.0,1.67,69.3,8.4,0.45,2.36
20230101,2023-01,68,2.48,1.38,69.3,23.6,0.45,2.38
20230201,2023-02,68,2.65,1.47,69.3,11.9,0.45,2.41
20230301,2023-03,68,2.97,1.65,69.3,9.1,0.45,2.45
20230401,2023-04,68,2.75,1.53,69.3,18.5,0.45,2.48
20230501,2023-05,68,2.57,1.43,69.3,22.2,0.45,2.5
20230601,2023-06,68,3.21,1.78,69.3,23.0,0.45,2.54
20230701,2023-07,68,2.95,1.64,69.3,18.0,0.45,2.57
20230801,2023-08,68,2.66,1.48,69.3,17.4,0.45,2.6
20230901,2023-09,68,3.2,1.78,69.3,22.4,0.45,2.64
20231001,2023-10,68,2.88,1.6,69.3,20.3,0.45,2.67
20231101,2023-11,68,3.04,1.69,69.3,20.4,0.45,2.7
20231201,2023-12,68,3.22,1.79,69.3,19.2,0.45,2.74
20240101,2024-01,68,2.85,1.58,69.3,20.9,0.45,2.77
20240201,2024-02,68,3.14,1.74,69.3,9.2,0.45,2.81
20240301,2024-03,68,2.62,1.46,69.3,14.2,0.45,2.84
20240401,2024-04,68,2.74,1.52,69.3,14.1,0.45,2.87
20240501,2024-05,68,2.82,1.57,69.3,8.2,0.45,2.9
20240601,2024-06,68,2.9,1.61,69.3,16.2,0.45,2.93
20240701,2024-07,68,3.01,1.67,69.3,10.0,0.45,2.96
20240801,2024-08,68,2.53,1.41,69.3,10.0,0.45,2.99
20240901,2024-09,68,2.79,1.55,69.3,15.1,0.45,3.02
20241001,2024-10,68,2.59,1.44,69.3,9.7,0.45,3.05
20241101,2024-11,68,2.56,1.42,69.3,20.7,0.0,3.08
20241201,2024-12,68,2.96,1.64,69.3,10.6,0.0,3.11
20250101,2025-01,68,2.89,1.61,69.3,16.0,0.0,3.14
20250201,2025-02,68,2.4,1.33,69.3,15.8,0.0,3.17
20250301,2025-03,68,2.98,1.66,69.3,14.4,0.0,3.2
20250401,2025-04,68,3.11,1.73,69.3,13.6,0.0,3.24
20250501,2025-05,68,3.18,1.77,69.3,12.5,0.0,3.27
20250601,2025-06,68,2.69,1.49,69.3,10.6,0.0,3.3
20250701,2025-07,68,3.03,1.68,69.3,8.2,0.0,3.34
20250801,2025-08,68,2.92,1.62,69.3,21.3,0.0,3.37
20250901,2025-09,68,2.89,1.61,69.3,11.5,0.0,3.4
20251001,2025-10,68,3.22,1.79,69.3,19.9,0.0,3.44
20251101,2025-11,68,2.66,1.48,69.3,17.2,0.0,3.47
20251201,2025-12,68,2.74,1.52,69.3,17.6,0.0,3.5
20240801,2024-08,69,21.25,1.9,85.5,19.9,0.14,0.74
20240901,2024-09,69,12.0,1.07,79.2,15.5,0.14,1.15
20241001,2024-10,69,3.6,0.32,74.6,17.3,0.14,1.28
20241101,2024-11,69,3.59,0.32,74.6,12.8,0.14,1.4
20241201,2024-12,69,2.78,0.25,74.6,20.0,0.14,1.5
20250101,2025-01,69,2.66,0.24,74.6,21.8,0.14,1.59
20250201,2025-02,69,1.91,0.17,74.6,9.9,0.14,1.65
20250301,2025-03,69,0.6,0.05,69.5,13.8,0.14,1.68
20250401,2025-04,69,0.7,0.06,69.5,21.8,0.14,1.7
20250501,2025-05,69,0.79,0.07,69.5,19.5,0.14,1.73
20250601,2025-06,69,0.79,0.07,69.5,20.1,0.14,1.75
20250701,2025-07,69,0.79,0.07,69.5,21.6,0.14,1.78
20250801,2025-08,69,0.67,0.06,69.5,10.2,0.14,1.8
20250901,2025-09,69,0.65,0.06,69.5,12.1,0.14,1.83
20251001,2025-10,69,0.65,0.06,69.5,20.2,0.14,1.85
20251101,2025-11,69,0.64,0.06,69.5,11.0,0.14,1.87
20251201,2025-12,69,0.79,0.07,69.5,13.0,0.14,1.9
20240901,2024-09,70,184.21,20.93,82.7,16.0,0.9,1.03
20241001,2024-10,70,81.18,9.22,82.3,23.8,0.9,1.48
20241101,2024-11,70,33.25,3.78,74.2,22.0,0.9,1.66
20241201,2024-12,70,28.06,3.19,74.2,8.2,0.9,1.82
20250101,2025-01,70,25.42,2.89,74.2,23.4,0.9,1.96
20250201,2025-02,70,22.64,2.57,74.2,8.0,0.9,2.09
20250301,2025-03,70,16.72,1.9,74.2,22.8,0.9,2.18
20250401,2025-04,70,5.76,0.65,69.2,10.2,0.9,2.21
20250501,2025-05,70,4.52,0.51,69.2,21.6,0.9,2.24
20250601,2025-06,70,5.07,0.58,69.2,21.9,0.9,2.27
20250701,2025-07,70,5.26,0.6,69.2,18.8,0.9,2.3
20250801,2025-08,70,4.95,0.56,69.2,10.6,0.9,2.32
20250901,2025-09,70,5.24,0.6,69.2,19.3,0.9,2.35
20251001,2025-10,70,4.98,0.57,69.2,8.6,0.9,2.38
20251101,2025-11,70,5.35,0.61,69.2,22.5,0.9,2.41
20251201,2025-12,70,5.53,0.63,69.2,20.3,0.9,2.44
20221201,2022-12,71,522.21,43.52,85.4,9.7,2.63,0.99
20230101,2023-01,71,260.46,21.7,70.6,22.3,2.63,1.49
20230201,2023-02,71,101.43,8.45,74.8,11.8,2.63,1.68
20230301,2023-03,71,102.19,8.52,74.8,18.2,2.63,1.87
20230401,2023-04,71,76.98,6.42,74.8,13.2,2.63,2.02
20230501,2023-05,71,59.93,4.99,74.8,14.1,2.63,2.13
20230601,2023-06,71,49.52,4.13,74.8,14.7,2.63,2.23
20230701,2023-07,71,19.82,1.65,69.6,10.0,2.63,2.26
20230801,2023-08,71,16.74,1.39,69.6,8.9,2.63,2.3
20230901,2023-09,71,20.48,1.71,69.6,8.0,2.63,2.33
20231001,2023-10,71,21.2,1.77,69.6,17.2,2.63,2.38
20231101,2023-11,71,15.83,1.32,69.6,22.6,2.63,2.41
20231201,2023-12,71,18.04,1.5,69.6,19.5,2.63,2.44
20240101,2024-01,71,16.65,1.39,69.6,12.0,2.63,2.47
20240201,2024-02,71,20.17,1.68,69.6,19.0,2.63,2.51
20240301,2024-03,71,18.61,1.55,69.6,10.9,2.63,2.54
20240401,2024-04,71,16.45,1.37,69.6,16.2,2.63,2.58
20240501,2024-05,71,17.91,1.49,69.6,22.0,2.63,2.61
20240601,2024-06,71,18.53,1.54,69.6,20.4,2.63,2.65
20240701,2024-07,71,20.74,1.73,69.6,19.9,2.63,2.68
20240801,2024-08,71,16.62,1.39,69.6,15.9,2.63,2.72
20240901,2024-09,71,19.21,1.6,69.6,12.0,2.63,2.75
20241001,2024-10,71,17.12,1.43,69.6,12.4,2.63,2.79
20241101,2024-11,71,17.32,1.44,69.6,17.5,2.63,2.82
20241201,2024-12,71,20.9,1.74,69.6,15.8,2.63,2.86
20250101,2025-01,71,20.81,1.73,69.6,18.5,2.63,2.9
20250201,2025-02,71,21.11,1.76,69.6,22.9,2.63,2.94
20250301,2025-03,71,16.67,1.39,69.6,22.3,2.63,2.97
20250401,2025-04,71,20.17,1.68,69.6,10.7,2.63,3.01
20250501,2025-05,71,16.0,1.33,69.6,20.9,2.63,3.04
20250601,2025-06,71,17.18,1.43,69.6,15.5,2.63,3.07
20250701,2025-07,71,18.91,1.58,69.6,21.1,2.63,3.11
20250801,2025-08,71,19.87,1.66,69.6,23.4,2.63,3.14
20250901,2025-09,71,19.96,1.66,69.6,12.1,2.63,3.18
20251001,2025-10,71,16.32,1.36,69.6,22.1,2.63,3.21
20251101,2025-11,71,19.09,1.59,69.6,16.8,2.63,3.25
20251201,2025-12,71,16.21,1.35,69.6,8.4,0.0,3.28
20230701,2023-07,72,45.16,9.41,88.5,11.6,0.27,0.83
20230801,2023-08,72,20.62,4.3,76.6,18.8,0.27,1.21
20230901,2023-09,72,9.52,1.98,73.4,11.6,0.27,1.38
20231001,2023-10,72,7.0,1.46,73.4,11.3,0.27,1.51
20231101,2023-11,72,6.96,1.45,73.4,11.3,0.27,1.64
20231201,2023-12,72,5.43,1.13,73.4,9.7,0.27,1.74
20240101,2024-01,72,3.83,0.8,73.4,10.1,0.27,1.81
20240201,2024-02,72,1.2,0.25,68.5,16.2,0.27,1.83
20240301,2024-03,72,1.33,0.28,68.5,18.0,0.27,1.86
20240401,2024-04,72,1.07,0.22,68.5,19.8,0.27,1.88
20240501,2024-05,72,1.34,0.28,68.5,16.3,0.27,1.9
20240601,2024-06,72,1.23,0.26,68.5,23.8,0.27,1.92
20240701,2024-07,72,1.18,0.25,68.5,20.2,0.27,1.94
20240801,2024-08,72,1.43,0.3,68.5,14.0,0.27,1.97
20240901,2024-09,72,1.16,0.24,68.5,11.5,0.27,1.99
20241001,2024-10,72,1.35,0.28,68.5,20.0,0.27,2.02
20241101,2024-11,72,1.1,0.23,68.5,12.7,0.27,2.04
20241201,2024-12,72,1.43,0.3,68.5,14.3,0.27,2.06
20250101,2025-01,72,1.27,0.26,68.5,21.7,0.27,2.09
20250201,2025-02,72,1.33,0.28,68.5,22.9,0.27,2.11
20250301,2025-03,72,1.38,0.29,68.5,21.8,0.27,2.14
20250401,2025-04,72,1.28,0.27,68.5,19.3,0.27,2.16
20250501,2025-05,72,1.16,0.24,68.5,12.9,0.27,2.18
20250601,2025-06,72,1.06,0.22,68.5,13.8,0.27,2.2
20250701,2025-07,72,1.43,0.3,68.5,14.3,0.27,2.23
20250801,2025-08,72,1.21,0.25,68.5,8.3,0.27,2.25
20250901,2025-09,72,1.36,0.28,68.5,12.5,0.27,2.27
20251001,2025-10,72,1.12,0.23,68.5,10.0,0.27,2.29
20251101,2025-11,72,1.41,0.29,68.5,8.8,0.27,2.32
20251201,2025-12,72,1.15,0.24,68.5,17.2,0.27,2.34
20251101,2025-11,73,85.93,47.74,83.0,21.4,0.43,1.0
20251201,2025-12,73,48.85,27.14,78.9,11.3,0.43,1.57
20240601,2024-06,74,163.33,34.03,92.0,23.1,0.6,1.36
20240701,2024-07,74,110.44,23.01,79.9,15.9,0.6,2.28
20240801,2024-08,74,31.65,6.59,79.6,20.2,0.6,2.55
20240901,2024-09,74,28.66,5.97,79.6,23.6,0.6,2.78
20241001,2024-10,74,28.66,5.97,79.6,16.4,0.6,3.02
20241101,2024-11,74,22.5,4.69,79.6,20.0,0.6,3.21
20241201,2024-12,74,18.15,3.78,79.6,15.9,0.6,3.36
20250101,2025-01,74,8.31,1.73,73.2,22.6,0.6,3.43
20250201,2025-02,74,9.3,1.94,73.2,20.7,0.6,3.51
20250301,2025-03,74,9.94,2.07,73.2,14.9,0.6,3.59
20250401,2025-04,74,8.27,1.72,73.2,16.8,0.6,3.66
20250501,2025-05,74,10.36,2.16,73.2,20.1,0.6,3.75
20250601,2025-06,74,9.4,1.96,73.2,22.2,0.6,3.82
20250701,2025-07,74,8.75,1.82,73.2,14.9,0.6,3.9
20250801,2025-08,74,10.88,2.27,73.2,8.4,0.6,3.99
20250901,2025-09,74,10.38,2.16,73.2,10.6,0.6,4.07
20251001,2025-10,74,10.23,2.13,73.2,21.9,0.6,4.16
20251101,2025-11,74,10.45,2.18,73.2,13.2,0.6,4.25
20251201,2025-12,74,8.71,1.81,73.2,12.8,0.6,4.32
20241201,2024-12,75,43.66,24.26,84.9,17.1,0.27,0.81
20250101,2025-01,75,19.99,11.11,80.8,12.0,0.27,1.18
20250201,2025-02,75,8.19,4.55,74.8,14.4,0.27,1.33
20250301,2025-03,75,5.89,3.27,74.8,12.3,0.27,1.44
20250401,2025-04,75,5.51,3.06,74.8,10.6,0.27,1.54
20250501,2025-05,75,4.66,2.59,74.8,10.9,0.27,1.63
20250601,2025-06,75,4.52,2.51,74.8,14.0,0.27,1.72
20250701,2025-07,75,1.21,0.67,69.6,11.1,0.27,1.74
20250801,2025-08,75,1.51,0.84,69.6,16.6,0.27,1.77
20250901,2025-09,75,1.43,0.79,69.6,18.0,0.27,1.79
20251001,2025-10,75,1.27,0.71,69.6,11.1,0.27,1.82
20251101,2025-11,75,1.51,0.84,69.6,14.1,0.27,1.84
20251201,2025-12,75,1.32,0.73,69.6,15.7,0.27,1.87
20240901,2024-09,76,173.98,19.77,88.8,17.0,0.5,1.74
20241001,2024-10,76,108.47,12.33,84.7,21.9,0.5,2.82
20241101,2024-11,76,42.28,4.8,79.0,12.8,0.5,3.25
20241201,2024-12,76,34.17,3.88,79.0,15.4,0.5,3.59
20250101,2025-01,76,26.34,2.99,79.0,14.4,0.5,3.85
20250201,2025-02,76,21.85,2.48,79.0,12.2,0.5,4.07
20250301,2025-03,76,17.29,1.96,79.0,14.1,0.5,4.24
20250401,2025-04,76,9.75,1.11,72.8,19.7,0.5,4.34
20250501,2025-05,76,9.23,1.05,72.8,9.0,0.5,4.43
20250601,2025-06,76,10.97,1.25,72.8,15.1,0.5,4.54
20250701,2025-07,76,9.78,1.11,72.8,11.9,0.5,4.64
20250801,2025-08,76,9.59,1.09,72.8,9.9,0.5,4.74
20250901,2025-09,76,10.83,1.23,72.8,21.0,0.5,4.85
20251001,2025-10,76,8.76,1.0,72.8,15.3,0.5,4.93
20251101,2025-11,76,10.9,1.24,72.8,10.4,0.5,5.04
20251201,2025-12,76,8.59,0.98,72.8,17.3,0.5,5.13
20210801,2021-08,77,432.06,54.01,83.5,12.0,1.5,1.44
20210901,2021-09,77,295.91,36.99,81.8,20.6,1.5,2.42
20211001,2021-10,77,81.22,10.15,77.8,19.0,1.5,2.69
20211101,2021-11,77,91.6,11.45,77.8,15.5,1.5,3.0
20211201,2021-12,77,68.68,8.59,77.8,12.5,1.5,3.23
20220101,2022-01,77,61.07,7.63,77.8,10.7,1.5,3.43
20220201,2022-02,77,56.42,7.05,77.8,18.8,1.5,3.62
20220301,2022-03,77,22.62,2.83,71.8,18.1,1.5,3.69
20220401,2022-04,77,21.31,2.66,71.8,10.8,1.5,3.76
20220501,2022-05,77,24.68,3.08,71.8,13.6,1.5,3.84
20220601,2022-06,77,24.78,3.1,71.8,14.6,1.5,3.93
20220701,2022-07,77,25.64,3.21,71.8,16.4,1.5,4.01
20220801,2022-08,77,25.55,3.19,71.8,20.1,1.5,4.1
20220901,2022-09,77,19.87,2.48,71.8,17.3,1.5,4.16
20221001,2022-10,77,21.25,2.66,71.8,19.1,1.5,4.23
20221101,2022-11,77,21.2,2.65,71.8,22.0,1.5,4.3
20221201,2022-12,77,22.67,2.83,71.8,20.9,1.5,4.38
20230101,2023-01,77,22.32,2.79,71.8,22.5,1.5,4.45
20230201,2023-02,77,19.39,2.42,71.8,15.8,1.5,4.52
20230301,2023-03,77,22.25,2.78,71.8,20.0,1.5,4.59
20230401,2023-04,77,24.77,3.1,71.8,20.6,1.5,4.68
20230501,2023-05,77,22.01,2.75,71.8,9.3,1.5,4.75
20230601,2023-06,77,24.77,3.1,71.8,18.0,1.5,4.83
20230701,2023-07,77,20.81,2.6,71.8,8.6,1.5,4.9
20230801,2023-08,77,20.78,2.6,71.8,10.3,1.5,4.97
20230901,2023-09,77,22.98,2.87,71.8,19.2,1.5,5.05
20231001,2023-10,77,22.99,2.87,71.8,22.8,1.5,5.12
20231101,2023-11,77,19.52,2.44,71.8,16.0,1.5,5.19
20231201,2023-12,77,24.48,3.06,71.8,12.0,1.5,5.27
20240101,2024-01,77,19.54,2.44,71.8,18.4,1.5,5.33
20240201,2024-02,77,19.22,2.4,71.8,19.5,1.5,5.4
20240301,2024-03,77,22.96,2.87,71.8,20.6,1.5,5.47
20240401,2024-04,77,21.98,2.75,71.8,13.7,1.5,5.55
20240501,2024-05,77,24.39,3.05,71.8,20.1,1.5,5.63
20240601,2024-06,77,23.45,2.93,71.8,20.7,1.5,5.71
20240701,2024-07,77,20.49,2.56,71.8,15.4,1.5,5.77
20240801,2024-08,77,22.4,2.8,71.8,8.8,0.0,5.85
20240901,2024-09,77,20.52,2.56,71.8,11.2,0.0,5.92
20241001,2024-10,77,20.21,2.53,71.8,21.8,0.0,5.98
20241101,2024-11,77,19.18,2.4,71.8,20.7,0.0,6.05
20241201,2024-12,77,20.24,2.53,71.8,16.9,0.0,6.12
20250101,2025-01,77,23.35,2.92,71.8,8.3,0.0,6.19
20250201,2025-02,77,25.43,3.18,71.8,22.9,0.0,6.28
20250301,2025-03,77,21.56,2.69,71.8,15.6,0.0,6.35
20250401,2025-04,77,19.98,2.5,71.8,23.8,0.0,6.42
20250501,2025-05,77,22.43,2.8,71.8,9.4,0.0,6.49
20250601,2025-06,77,23.34,2.92,71.8,22.7,0.0,6.57
20250701,2025-07,77,24.13,3.02,71.8,24.0,0.0,6.65
20250801,2025-08,77,24.49,3.06,71.8,19.2,0.0,6.73
20250901,2025-09,77,21.03,2.63,71.8,17.4,0.0,6.8
20251001,2025-10,77,21.6,2.7,71.8,14.8,0.0,6.87
20251101,2025-11,77,22.8,2.85,71.8,17.8,0.0,6.95
20251201,2025-12,77,25.43,3.18,71.8,22.1,0.0,7.03
20250901,2025-09,78,65.1,11.62,83.0,20.5,0.54,0.61
20251001,2025-10,78,33.91,6.06,82.3,22.5,0.54,0.92
20251101,2025-11,78,14.15,2.53,72.2,9.5,0.54,1.06
20251201,2025-12,78,12.54,2.24,72.2,21.1,0.54,1.17
20240501,2024-05,79,138.61,19.25,85.8,14.8,0.62,1.11
20240601,2024-06,79,78.74,10.94,81.4,18.4,0.62,1.75
20240701,2024-07,79,34.04,4.73,76.2,18.7,0.62,2.02
20240801,2024-08,79,26.17,3.63,76.2,17.2,0.62,2.23
20240901,2024-09,79,23.8,3.31,76.2,23.4,0.62,2.42
20241001,2024-10,79,17.68,2.46,76.2,23.7,0.62,2.56
20241101,2024-11,79,15.68,2.18,76.2,21.6,0.62,2.69
20241201,2024-12,79,6.52,0.91,70.7,15.5,0.62,2.74
20250101,2025-01,79,6.67,0.93,70.7,16.4,0.62,2.8
20250201,2025-02,79,6.9,0.96,70.7,11.2,0.62,2.85
20250301,2025-03,79,5.54,0.77,70.7,14.6,0.62,2.9
20250401,2025-04,79,5.72,0.79,70.7,15.1,0.62,2.94
20250501,2025-05,79,6.81,0.95,70.7,23.8,0.62,3.0
20250601,2025-06,79,5.92,0.82,70.7,10.0,0.62,3.04
20250701,2025-07,79,6.31,0.88,70.7,18.8,0.62,3.09
20250801,2025-08,79,5.72,0.79,70.7,11.3,0.62,3.14
20250901,2025-09,79,6.68,0.93,70.7,9.2,0.62,3.19
20251001,2025-10,79,6.14,0.85,70.7,17.8,0.62,3.24
20251101,2025-11,79,6.34,0.88,70.7,19.1,0.62,3.29
20251201,2025-12,79,7.06,0.98,70.7,11.3,0.62,3.35
20230301,2023-03,80,48.35,26.86,81.0,19.2,0.3,0.8
20230401,2023-04,80,29.29,16.27,79.4,13.0,0.3,1.28
20230501,2023-05,80,11.94,6.63,74.2,8.2,0.3,1.48
20230601,2023-06,80,9.52,5.29,74.2,21.2,0.3,1.64
20230701,2023-07,80,7.86,4.37,74.2,23.6,0.3,1.77
20230801,2023-08,80,6.44,3.58,74.2,20.4,0.3,1.87
20230901,2023-09,80,5.12,2.84,74.2,11.8,0.3,1.96
20231001,2023-10,80,1.88,1.04,69.2,12.2,0.3,1.99
20231101,2023-11,80,1.52,0.84,69.2,19.3,0.3,2.01
20231201,2023-12,80,1.93,1.07,69.2,20.6,0.3,2.05
20240101,2024-01,80,1.97,1.09,69.2,21.4,0.3,2.08
20240201,2024-02,80,1.77,0.98,69.2,12.5,0.3,2.11
20240301,2024-03,80,1.63,0.91,69.2,19.1,0.3,2.13
20240401,2024-04,80,1.57,0.87,69.2,9.1,0.3,2.16
20240501,2024-05,80,1.66,0.92,69.2,23.7,0.3,2.19
20240601,2024-06,80,1.8,1.0,69.2,17.5,0.3,2.22
20240701,2024-07,80,1.83,1.02,69.2,20.9,0.3,2.25
20240801,2024-08,80,1.65,0.92,69.2,9.3,0.3,2.27
20240901,2024-09,80,2.05,1.14,69.2,19.8,0.3,2.31
20241001,2024-10,80,1.67,0.93,69.2,9.5,0.3,2.34
20241101,2024-11,80,1.65,0.92,69.2,10.0,0.3,2.36
20241201,2024-12,80,1.98,1.1,69.2,9.0,0.3,2.4
20250101,2025-01,80,2.05,1.14,69.2,14.6,0.3,2.43
20250201,2025-02,80,1.89,1.05,69.2,16.1,0.3,2.46
20250301,2025-03,80,1.52,0.84,69.2,20.8,0.3,2.49
20250401,2025-04,80,1.96,1.09,69.2,23.1,0.3,2.52
20250501,2025-05,80,1.9,1.06,69.2,14.0,0.3,2.55
20250601,2025-06,80,1.99,1.11,69.2,22.0,0.3,2.58
20250701,2025-07,80,1.73,0.96,69.2,20.7,0.3,2.61
20250801,2025-08,80,1.92,1.07,69.2,18.5,0.3,2.64
20250901,2025-09,80,1.68,0.93,69.2,17.7,0.3,2.67
20251001,2025-10,80,1.56,0.87,69.2,21.5,0.3,2.7
20251101,2025-11,80,1.9,1.06,69.2,23.3,0.3,2.73
20251201,2025-12,80,1.62,0.9,69.2,20.5,0.3,2.75
20250801,2025-08,81,21.51,2.44,88.6,8.8,0.14,0.74
20250901,2025-09,81,14.71,1.67,77.6,21.9,0.14,1.25
20251001,2025-10,81,5.72,0.65,75.8,21.3,0.14,1.45
20251101,2025-11,81,4.36,0.5,75.8,10.7,0.14,1.6
20251201,2025-12,81,3.22,0.37,75.8,10.7,0.14,1.71
20210201,2021-02,82,126.47,26.35,88.1,20.2,0.9,0.7
20210301,2021-03,82,78.78,16.41,78.0,22.0,0.9,1.14
20210401,2021-04,82,24.44,5.09,75.0,16.5,0.9,1.27
20210501,2021-05,82,25.8,5.37,75.0,18.0,0.9,1.42
20210601,2021-06,82,18.19,3.79,75.0,12.9,0.9,1.52
20210701,2021-07,82,14.5,3.02,75.0,9.5,0.9,1.6
20210801,2021-08,82,15.88,3.31,75.0,13.0,0.9,1.68
20210901,2021-09,82,5.13,1.07,69.8,13.4,0.9,1.71
20211001,2021-10,82,4.31,0.9,69.8,10.1,0.9,1.74
20211101,2021-11,82,5.56,1.16,69.8,14.7,0.9,1.77
20211201,2021-12,82,5.12,1.07,69.8,9.2,0.9,1.8
20220101,2022-01,82,4.93,1.03,69.8,8.4,0.9,1.82
20220201,2022-02,82,5.59,1.16,69.8,16.8,0.9,1.85
20220301,2022-03,82,5.26,1.1,69.8,10.1,0.9,1.88
20220401,2022-04,82,5.11,1.06,69.8,10.5,0.9,1.91
20220501,2022-05,82,5.4,1.12,69.8,10.8,0.9,1.94
20220601,2022-06,82,4.82,1.0,69.8,8.3,0.9,1.97
20220701,2022-07,82,4.25,0.89,69.8,18.0,0.9,1.99
20220801,2022-08,82,4.76,0.99,69.8,13.6,0.9,2.02
20220901,2022-09,82,4.62,0.96,69.8,18.5,0.9,2.04
20221001,2022-10,82,4.36,0.91,69.8,14.1,0.9,2.07
20221101,2022-11,82,5.38,1.12,69.8,17.6,0.9,2.1
20221201,2022-12,82,4.93,1.03,69.8,21.7,0.9,2.12
20230101,2023-01,82,4.99,1.04,69.8,20.0,0.9,2.15
20230201,2023-02,82,5.61,1.17,69.8,20.9,0.9,2.18
20230301,2023-03,82,5.31,1.11,69.8,9.0,0.9,2.21
20230401,2023-04,82,5.41,1.13,69.8,23.5,0.9,2.24
20230501,2023-05,82,4.57,0.95,69.8,23.3,0.9,2.27
20230601,2023-06,82,5.39,1.12,69.8,8.4,0.9,2.3
20230701,2023-07,82,5.06,1.05,69.8,11.5,0.9,2.33
20230801,2023-08,82,4.75,0.99,69.8,12.3,0.9,2.35
20230901,2023-09,82,5.57,1.16,69.8,11.1,0.9,2.38
20231001,2023-10,82,4.19,0.87,69.8,11.5,0.9,2.41
20231101,2023-11,82,4.92,1.02,69.8,21.0,0.9,2.43
20231201,2023-12,82,4.76,0.99,69.8,12.9,0.9,2.46
20240101,2024-01,82,4.39,0.91,69.8,12.7,0.9,2.48
20240201,2024-02,82,4.75,0.99,69.8,18.5,0.0,2.51
20240301,2024-03,82,4.31,0.9,69.8,18.8,0.0,2.53
20240401,2024-04,82,5.64,1.17,69.8,23.3,0.0,2.57
20240501,2024-05,82,5.64,1.17,69.8,14.3,0.0,2.6
20240601,2024-06,82,5.01,1.04,69.8,23.2,0.0,2.62
20240701,2024-07,82,5.1,1.06,69.8,20.3,0.0,2.65
20240801,2024-08,82,4.96,1.03,69.8,16.0,0.0,2.68
20240901,2024-09,82,5.27,1.1,69.8,10.3,0.0,2.71
20241001,2024-10,82,5.09,1.06,69.8,23.1,0.0,2.74
20241101,2024-11,82,5.14,1.07,69.8,15.1,0.0,2.77
20241201,2024-12,82,4.35,0.91,69.8,19.3,0.0,2.79
20250101,2025-01,82,5.03,1.05,69.8,16.8,0.0,2.82
20250201,2025-02,82,5.1,1.06,69.8,17.7,0.0,2.85
20250301,2025-03,82,5.38,1.12,69.8,18.7,0.0,2.88
20250401,2025-04,82,4.41,0.92,69.8,15.1,0.0,2.9
20250501,2025-05,82,5.61,1.17,69.8,11.2,0.0,2.93
20250601,2025-06,82,4.41,0.92,69.8,17.7,0.0,2.96
20250701,2025-07,82,5.54,1.15,69.8,14.2,0.0,2.99
20250801,2025-08,82,5.11,1.06,69.8,8.7,0.0,3.01
20250901,2025-09,82,5.6,1.17,69.8,16.2,0.0,3.05
20251001,2025-10,82,5.38,1.12,69.8,23.5,0.0,3.08
20251101,2025-11,82,4.91,1.02,69.8,15.5,0.0,3.1
20251201,2025-12,82,5.58,1.16,69.8,21.7,0.0,3.13
20230501,2023-05,83,208.78,115.99,86.8,21.4,0.73,1.44
20230601,2023-06,83,110.8,61.56,82.9,18.1,0.73,2.2
20230701,2023-07,83,39.32,21.84,76.8,18.6,0.73,2.48
20230801,2023-08,83,29.98,16.66,76.8,17.8,0.73,2.68
20230901,2023-09,83,29.63,16.46,76.8,20.5,0.73,2.89
20231001,2023-10,83,21.26,11.81,76.8,15.5,0.73,3.03
20231101,2023-11,83,19.44,10.8,76.8,14.6,0.73,3.17
20231201,2023-12,83,9.22,5.12,71.1,22.7,0.73,3.23
20240101,2024-01,83,7.86,4.37,71.1,17.4,0.73,3.28
20240201,2024-02,83,8.82,4.9,71.1,19.7,0.73,3.35
20240301,2024-03,83,8.26,4.59,71.1,15.3,0.73,3.4
20240401,2024-04,83,8.89,4.94,71.1,17.8,0.73,3.46
20240501,2024-05,83,8.74,4.86,71.1,13.4,0.73,3.52
20240601,2024-06,83,7.69,4.27,71.1,22.3,0.73,3.58
20240701,2024-07,83,7.77,4.32,71.1,11.3,0.73,3.63
20240801,2024-08,83,9.3,5.17,71.1,18.5,0.73,3.69
20240901,2024-09,83,7.5,4.17,71.1,18.9,0.73,3.75
20241001,2024-10,83,9.86,5.48,71.1,13.1,0.73,3.81
20241101,2024-11,83,7.98,4.43,71.1,15.5,0.73,3.87
20241201,2024-12,83,8.32,4.62,71.1,22.3,0.73,3.93
20250101,2025-01,83,8.97,4.98,71.1,10.5,0.73,3.99
20250201,2025-02,83,9.18,5.1,71.1,11.3,0.73,4.05
20250301,2025-03,83,9.35,5.19,71.1,9.8,0.73,4.12
20250401,2025-04,83,8.31,4.62,71.1,19.6,0.73,4.17
20250501,2025-05,83,8.06,4.48,71.1,23.7,0.73,4.23
20250601,2025-06,83,8.73,4.85,71.1,12.9,0.73,4.29
20250701,2025-07,83,9.59,5.33,71.1,17.1,0.73,4.36
20250801,2025-08,83,9.62,5.34,71.1,24.0,0.73,4.42
20250901,2025-09,83,9.84,5.47,71.1,13.0,0.73,4.49
20251001,2025-10,83,8.23,4.57,71.1,19.3,0.73,4.55
20251101,2025-11,83,8.02,4.46,71.1,9.3,0.73,4.6
20251201,2025-12,83,8.27,4.59,71.1,10.6,0.73,4.66
20230901,2023-09,84,31.02,17.23,88.6,12.4,0.13,1.19
20231001,2023-10,84,21.02,11.68,85.6,15.1,0.13,1.99
20231101,2023-11,84,7.76,4.31,76.6,11.2,0.13,2.29
20231201,2023-12,84,6.75,3.75,76.6,10.8,0.13,2.55
20240101,2024-01,84,5.4,3.0,76.6,19.5,0.13,2.76
20240201,2024-02,84,3.96,2.2,76.6,22.7,0.13,2.91
20240301,2024-03,84,3.94,2.19,76.6,13.9,0.13,3.06
20240401,2024-04,84,1.31,0.73,71.0,11.2,0.13,3.11
20240501,2024-05,84,1.68,0.93,71.0,12.6,0.13,3.17
20240601,2024-06,84,1.32,0.73,71.0,21.4,0.13,3.22
20240701,2024-07,84,1.44,0.8,71.0,16.9,0.13,3.28
20240801,2024-08,84,1.34,0.74,71.0,18.2,0.13,3.33
20240901,2024-09,84,1.59,0.88,71.0,18.0,0.13,3.39
20241001,2024-10,84,1.33,0.74,71.0,14.2,0.13,3.44
20241101,2024-11,84,1.58,0.88,71.0,9.9,0.13,3.5
20241201,2024-12,84,1.26,0.7,71.0,22.5,0.13,3.55
20250101,2025-01,84,1.31,0.73,71.0,16.6,0.13,3.6
20250201,2025-02,84,1.32,0.73,71.0,9.1,0.13,3.65
20250301,2025-03,84,1.5,0.83,71.0,13.9,0.13,3.71
20250401,2025-04,84,1.26,0.7,71.0,18.0,0.13,3.76
20250501,2025-05,84,1.52,0.84,71.0,12.5,0.13,3.81
20250601,2025-06,84,1.5,0.83,71.0,23.9,0.13,3.87
20250701,2025-07,84,1.52,0.84,71.0,22.4,0.13,3.93
20250801,2025-08,84,1.43,0.79,71.0,11.5,0.13,3.99
20250901,2025-09,84,1.65,0.92,71.0,10.0,0.13,4.05
20251001,2025-10,84,1.3,0.72,71.0,21.3,0.13,4.1
20251101,2025-11,84,1.69,0.94,71.0,10.6,0.13,4.16
20251201,2025-12,84,1.56,0.87,71.0,17.9,0.13,4.22
20240601,2024-06,85,768.55,137.24,85.8,20.4,2.42,1.59
20240701,2024-07,85,412.49,73.66,83.5,20.5,2.42,2.44
20240801,2024-08,85,154.62,27.61,78.8,22.4,2.42,2.76
20240901,2024-09,85,165.03,29.47,78.8,23.9,2.42,3.1
20241001,2024-10,85,138.89,24.8,78.8,23.4,2.42,3.39
20241101,2024-11,85,121.66,21.72,78.8,12.6,2.42,3.64
20241201,2024-12,85,83.34,14.88,78.8,11.3,2.42,3.81
20250101,2025-01,85,41.82,7.47,72.6,17.8,2.42,3.9
20250201,2025-02,85,41.2,7.36,72.6,17.5,2.42,3.98
20250301,2025-03,85,46.42,8.29,72.6,20.1,2.42,4.08
20250401,2025-04,85,49.8,8.89,72.6,20.2,2.42,4.18
20250501,2025-05,85,41.32,7.38,72.6,21.3,2.42,4.27
20250601,2025-06,85,43.32,7.74,72.6,9.4,2.42,4.36
20250701,2025-07,85,46.62,8.32,72.6,10.2,2.42,4.45
20250801,2025-08,85,41.71,7.45,72.6,16.5,2.42,4.54
20250901,2025-09,85,41.11,7.34,72.6,15.2,2.42,4.62
20251001,2025-10,85,40.74,7.27,72.6,18.0,2.42,4.71
20251101,2025-11,85,42.4,7.57,72.6,14.2,2.42,4.8
20251201,2025-12,85,44.37,7.92,72.6,10.8,2.42,4.89
20231101,2023-11,86,48.91,27.17,81.3,17.2,0.39,0.63
20231201,2023-12,86,23.82,13.23,75.4,13.3,0.39,0.94
20240101,2024-01,86,8.72,4.84,72.0,8.4,0.39,1.05
20240201,2024-02,86,8.44,4.69,72.0,13.9,0.39,1.16
20240301,2024-03,86,7.24,4.02,72.0,17.7,0.39,1.26
20240401,2024-04,86,4.79,2.66,72.0,19.4,0.39,1.32
20240501,2024-05,86,5.11,2.84,72.0,20.0,0.39,1.39
20240601,2024-06,86,1.01,0.56,67.5,23.5,0.39,1.4
20240701,2024-07,86,0.98,0.54,67.5,19.7,0.39,1.41
20240801,2024-08,86,1.13,0.63,67.5,20.9,0.39,1.43
20240901,2024-09,86,0.93,0.52,67.5,22.7,0.39,1.44
20241001,2024-10,86,0.94,0.52,67.5,21.0,0.39,1.45
20241101,2024-11,86,1.11,0.62,67.5,17.0,0.39,1.46
20241201,2024-12,86,0.91,0.51,67.5,22.7,0.39,1.48
20250101,2025-01,86,0.96,0.53,67.5,21.1,0.39,1.49
20250201,2025-02,86,1.17,0.65,67.5,21.1,0.39,1.5
20250301,2025-03,86,1.1,0.61,67.5,20.6,0.39,1.52
20250401,2025-04,86,1.16,0.64,67.5,18.4,0.39,1.53
20250501,2025-05,86,1.07,0.59,67.5,8.1,0.39,1.55
20250601,2025-06,86,1.2,0.67,67.5,10.5,0.39,1.56
20250701,2025-07,86,0.96,0.53,67.5,21.6,0.39,1.58
20250801,2025-08,86,1.14,0.63,67.5,9.1,0.39,1.59
20250901,2025-09,86,0.97,0.54,67.5,8.5,0.39,1.6
20251001,2025-10,86,0.92,0.51,67.5,15.7,0.39,1.61
20251101,2025-11,86,0.99,0.55,67.5,23.4,0.39,1.63
20251201,2025-12,86,1.03,0.57,67.5,14.0,0.39,1.64
20211201,2021-12,87,99.07,13.76,90.2,14.7,0.29,1.71
20220101,2022-01,87,51.88,7.21,82.7,14.0,0.29,2.61
20220201,2022-02,87,17.12,2.38,77.6,23.8,0.29,2.91
20220301,2022-03,87,15.73,2.18,77.6,14.4,0.29,3.18
20220401,2022-04,87,11.21,1.56,77.6,18.9,0.29,3.38
20220501,2022-05,87,12.05,1.67,77.6,10.0,0.29,3.58
20220601,2022-06,87,8.31,1.15,77.6,15.1,0.29,3.73
20220701,2022-07,87,4.22,0.59,71.7,19.1,0.29,3.8
20220801,2022-08,87,4.56,0.63,71.7,20.1,0.29,3.88
20220901,2022-09,87,4.35,0.6,71.7,15.0,0.29,3.95
20221001,2022-10,87,3.74,0.52,71.7,10.9,0.29,4.02
20221101,2022-11,87,3.87,0.54,71.7,19.0,0.29,4.09
20221201,2022-12,87,4.36,0.61,71.7,20.1,0.29,4.16
20230101,2023-01,87,3.93,0.55,71.7,11.5,0.29,4.23
20230201,2023-02,87,3.94,0.55,71.7,13.5,0.29,4.3
20230301,2023-03,87,4.3,0.6,71.7,20.2,0.29,4.37
20230401,2023-04,87,4.48,0.62,71.7,14.6,0.29,4.45
20230501,2023-05,87,4.21,0.58,71.7,23.4,0.29,4.52
20230601,2023-06,87,4.22,0.59,71.7,9.9,0.29,4.6
20230701,2023-07,87,4.19,0.58,71.7,12.3,0.29,4.67
20230801,2023-08,87,4.45,0.62,71.7,8.7,0.29,4.75
20230901,2023-09,87,4.43,0.62,71.7,10.9,0.29,4.82
20231001,2023-10,87,4.48,0.62,71.7,17.4,0.29,4.9
20231101,2023-11,87,3.59,0.5,71.7,16.5,0.29,4.96
20231201,2023-12,87,4.33,0.6,71.7,15.0,0.29,5.04
20240101,2024-01,87,3.56,0.49,71.7,13.0,0.29,5.1
20240201,2024-02,87,3.77,0.52,71.7,11.9,0.29,5.16
20240301,2024-03,87,3.87,0.54,71.7,18.5,0.29,5.23
20240401,2024-04,87,4.35,0.6,71.7,22.8,0.29,5.31
20240501,2024-05,87,4.34,0.6,71.7,18.9,0.29,5.38
20240601,2024-06,87,3.65,0.51,71.7,9.6,0.29,5.44
20240701,2024-07,87,4.19,0.58,71.7,10.0,0.29,5.52
20240801,2024-08,87,3.99,0.55,71.7,23.8,0.29,5.59
20240901,2024-09,87,4.66,0.65,71.7,11.8,0.29,5.67
20241001,2024-10,87,3.82,0.53,71.7,12.8,0.29,5.73
20241101,2024-11,87,4.07,0.57,71.7,20.6,0.29,5.8
20241201,2024-12,87,3.76,0.52,71.7,13.3,0.0,5.87
20250101,2025-01,87,4.25,0.59,71.7,20.0,0.0,5.94
20250201,2025-02,87,4.63,0.64,71.7,13.5,0.0,6.02
20250301,2025-03,87,4.04,0.56,71.7,20.4,0.0,6.09
20250401,2025-04,87,3.58,0.5,71.7,10.7,0.0,6.15
20250501,2025-05,87,3.72,0.52,71.7,19.1,0.0,6.22
20250601,2025-06,87,3.75,0.52,71.7,13.7,0.0,6.28
20250701,2025-07,87,4.09,0.57,71.7,10.7,0.0,6.35
20250801,2025-08,87,3.8,0.53,71.7,8.4,0.0,6.42
20250901,2025-09,87,3.64,0.51,71.7,23.9,0.0,6.48
20251001,2025-10,87,4.17,0.58,71.7,22.9,0.0,6.55
20251101,2025-11,87,4.6,0.64,71.7,16.2,0.0,6.63
20251201,2025-12,87,4.7,0.65,71.7,12.9,0.0,6.72
20240301,2024-03,88,49.41,6.18,79.5,9.0,0.29,0.85
20240401,2024-04,88,26.21,3.28,79.6,15.3,0.29,1.3
20240501,2024-05,88,9.87,1.23,74.4,20.7,0.29,1.47
20240601,2024-06,88,10.01,1.25,74.4,18.8,0.29,1.64
20240701,2024-07,88,8.4,1.05,74.4,22.6,0.29,1.78
20240801,2024-08,88,6.73,0.84,74.4,17.0,0.29,1.9
20240901,2024-09,88,5.83,0.73,74.4,15.3,0.29,2.0
20241001,2024-10,88,1.8,0.23,69.3,10.4,0.29,2.03
20241101,2024-11,88,1.88,0.23,69.3,12.0,0.29,2.06
20241201,2024-12,88,2.07,0.26,69.3,14.6,0.29,2.1
20250101,2025-01,88,2.07,0.26,69.3,21.6,0.29,2.13
20250201,2025-02,88,2.02,0.25,69.3,11.7,0.29,2.17
20250301,2025-03,88,1.88,0.23,69.3,14.4,0.29,2.2
20250401,2025-04,88,1.83,0.23,69.3,14.6,0.29,2.23
20250501,2025-05,88,2.09,0.26,69.3,12.9,0.29,2.26
20250601,2025-06,88,1.76,0.22,69.3,20.8,0.29,2.29
20250701,2025-07,88,1.87,0.23,69.3,17.3,0.29,2.33
20250801,2025-08,88,1.89,0.24,69.3,17.0,0.29,2.36
20250901,2025-09,88,1.91,0.24,69.3,13.9,0.29,2.39
20251001,2025-10,88,1.64,0.2,69.3,19.3,0.29,2.42
20251101,2025-11,88,1.78,0.22,69.3,16.2,0.29,2.45
20251201,2025-12,88,1.85,0.23,69.3,20.1,0.29,2.48
20230901,2023-09,89,117.96,9.22,83.6,10.9,0.39,1.52
20231001,2023-10,89,53.13,4.15,83.0,22.4,0.39,2.2
20231101,2023-11,89,21.16,1.65,77.0,23.5,0.39,2.47
20231201,2023-12,89,18.89,1.48,77.0,9.5,0.39,2.71
20240101,2024-01,89,18.02,1.41,77.0,9.3,0.39,2.95
20240201,2024-02,89,13.0,1.02,77.0,21.3,0.39,3.11
20240301,2024-03,89,10.71,0.84,77.0,15.6,0.39,3.25
20240401,2024-04,89,4.13,0.32,71.2,9.2,0.39,3.3
20240501,2024-05,89,5.11,0.4,71.2,23.9,0.39,3.37
20240601,2024-06,89,5.32,0.42,71.2,15.6,0.39,3.44
20240701,2024-07,89,4.85,0.38,71.2,15.8,0.39,3.5
20240801,2024-08,89,4.32,0.34,71.2,13.7,0.39,3.56
20240901,2024-09,89,5.5,0.43,71.2,10.4,0.39,3.63
20241001,2024-10,89,4.3,0.34,71.2,20.6,0.39,3.68
20241101,2024-11,89,4.56,0.36,71.2,13.0,0.39,3.74
20241201,2024-12,89,4.8,0.37,71.2,18.8,0.39,3.8
20250101,2025-01,89,5.43,0.42,71.2,21.6,0.39,3.87
20250201,2025-02,89,5.07,0.4,71.2,18.8,0.39,3.94
20250301,2025-03,89,5.41,0.42,71.2,18.3,0.39,4.01
20250401,2025-04,89,4.38,0.34,71.2,8.8,0.39,4.06
20250501,2025-05,89,5.38,0.42,71.2,11.9,0.39,4.13
20250601,2025-06,89,4.66,0.36,71.2,15.1,0.39,4.19
20250701,2025-07,89,4.53,0.35,71.2,21.8,0.39,4.25
20250801,2025-08,89,4.15,0.32,71.2,13.3,0.39,4.3
20250901,2025-09,89,4.23,0.33,71.2,15.8,0.39,4.36
20251001,2025-10,89,4.8,0.37,71.2,10.6,0.39,4.42
20251101,2025-11,89,5.38,0.42,71.2,8.9,0.39,4.49
20251201,2025-12,89,4.77,0.37,71.2,14.8,0.39,4.55
20211201,2021-12,90,688.0,382.22,85.4,8.1,3.09,1.11
20220101,2022-01,90,364.91,202.73,82.8,17.2,3.09,1.7
20220201,2022-02,90,134.32,74.62,75.2,12.2,3.09,1.92
20220301,2022-03,90,112.56,62.53,75.2,12.1,3.09,2.1
20220401,2022-04,90,90.64,50.36,75.2,10.3,3.09,2.25
20220501,2022-05,90,79.7,44.28,75.2,12.2,3.09,2.38
20220601,2022-06,90,58.69,32.61,75.2,17.2,3.09,2.47
20220701,2022-07,90,21.07,11.71,69.9,20.4,3.09,2.51
20220801,2022-08,90,21.47,11.93,69.9,20.3,3.09,2.54
20220901,2022-09,90,25.86,14.37,69.9,21.1,3.09,2.58
20221001,2022-10,90,26.27,14.59,69.9,15.7,3.09,2.63
20221101,2022-11,90,24.13,13.41,69.9,9.5,3.09,2.66
20221201,2022-12,90,22.92,12.73,69.9,11.8,3.09,2.7
20230101,2023-01,90,24.76,13.76,69.9,18.4,3.09,2.74
20230201,2023-02,90,20.71,11.51,69.9,17.5,3.09,2.78
20230301,2023-03,90,26.15,14.53,69.9,18.3,3.09,2.82
20230401,2023-04,90,26.6,14.78,69.9,16.9,3.09,2.86
20230501,2023-05,90,26.44,14.69,69.9,13.8,3.09,2.9
20230601,2023-06,90,26.9,14.94,69.9,8.5,3.09,2.95
20230701,2023-07,90,22.05,12.25,69.9,10.1,3.09,2.98
20230801,2023-08,90,20.75,11.53,69.9,20.3,3.09,3.02
20230901,2023-09,90,20.88,11.6,69.9,14.7,3.09,3.05
20231001,2023-10,90,27.57,15.32,69.9,20.4,3.09,3.09
20231101,2023-11,90,23.72,13.18,69.9,14.5,3.09,3.13
20231201,2023-12,90,26.17,14.54,69.9,11.3,3.09,3.18
20240101,2024-01,90,25.79,14.33,69.9,8.8,3.09,3.22
20240201,2024-02,90,21.51,11.95,69.9,17.4,3.09,3.25
20240301,2024-03,90,23.63,13.13,69.9,8.8,3.09,3.29
20240401,2024-04,90,23.89,13.27,69.9,12.0,3.09,3.33
20240501,2024-05,90,23.01,12.78,69.9,20.1,3.09,3.37
20240601,2024-06,90,21.79,12.11,69.9,16.8,3.09,3.4
20240701,2024-07,90,26.34,14.63,69.9,17.2,3.09,3.44
20240801,2024-08,90,25.71,14.28,69.9,16.4,3.09,3.49
20240901,2024-09,90,20.77,11.54,69.9,10.6,3.09,3.52
20241001,2024-10,90,21.47,11.93,69.9,11.1,3.09,3.55
20241101,2024-11,90,24.71,13.73,69.9,17.0,3.09,3.59
20241201,2024-12,90,21.79,12.11,69.9,12.1,0.0,3.63
20250101,2025-01,90,23.11,12.84,69.9,20.1,0.0,3.67
20250201,2025-02,90,23.41,13.01,69.9,18.7,0.0,3.7
20250301,2025-03,90,21.57,11.98,69.9,17.9,0.0,3.74
20250401,2025-04,90,23.73,13.18,69.9,20.2,0.0,3.78
20250501,2025-05,90,25.42,14.12,69.9,9.5,0.0,3.82
20250601,2025-06,90,20.99,11.66,69.9,21.7,0.0,3.85
20250701,2025-07,90,27.61,15.34,69.9,10.9,0.0,3.9
20250801,2025-08,90,24.37,13.54,69.9,18.9,0.0,3.94
20250901,2025-09,90,23.38,12.99,69.9,16.3,0.0,3.97
20251001,2025-10,90,26.98,14.99,69.9,17.8,0.0,4.02
20251101,2025-11,90,23.28,12.93,69.9,13.4,0.0,4.06
20251201,2025-12,90,23.78,13.21,69.9,17.7,0.0,4.09
20241201,2024-12,91,186.96,13.75,89.7,20.9,0.78,1.2
20250101,2025-01,91,99.79,7.34,82.3,9.7,0.78,1.84
20250201,2025-02,91,34.29,2.52,75.8,15.6,0.78,2.06
20250301,2025-03,91,32.1,2.36,75.8,11.6,0.78,2.26
20250401,2025-04,91,23.46,1.72,75.8,20.1,0.78,2.41
20250501,2025-05,91,20.43,1.5,75.8,10.2,0.78,2.54
20250601,2025-06,91,21.28,1.56,75.8,12.9,0.78,2.68
20250701,2025-07,91,8.24,0.61,70.3,10.9,0.78,2.73
20250801,2025-08,91,7.32,0.54,70.3,18.9,0.78,2.78
20250901,2025-09,91,6.79,0.5,70.3,19.1,0.78,2.82
20251001,2025-10,91,7.73,0.57,70.3,10.9,0.78,2.87
20251101,2025-11,91,7.71,0.57,70.3,14.4,0.78,2.92
20251201,2025-12,91,8.19,0.6,70.3,9.8,0.78,2.97
20240701,2024-07,92,105.33,58.52,83.5,17.2,0.37,1.44
20240801,2024-08,92,53.01,29.45,86.5,15.9,0.37,2.16
20240901,2024-09,92,18.26,10.14,77.2,20.6,0.37,2.41
20241001,2024-10,92,15.76,8.76,77.2,22.1,0.37,2.62
20241101,2024-11,92,13.71,7.62,77.2,10.7,0.37,2.81
20241201,2024-12,92,14.37,7.98,77.2,22.7,0.37,3.01
20250101,2025-01,92,9.48,5.27,77.2,15.7,0.37,3.14
20250201,2025-02,92,5.21,2.89,71.4,11.2,0.37,3.21
20250301,2025-03,92,5.02,2.79,71.4,20.2,0.37,3.27
20250401,2025-04,92,5.2,2.89,71.4,21.9,0.37,3.35
20250501,2025-05,92,4.84,2.69,71.4,9.8,0.37,3.41
20250601,2025-06,92,4.91,2.73,71.4,19.6,0.37,3.48
20250701,2025-07,92,4.32,2.4,71.4,8.8,0.37,3.54
20250801,2025-08,92,4.52,2.51,71.4,8.6,0.37,3.6
20250901,2025-09,92,5.03,2.79,71.4,23.8,0.37,3.67
20251001,2025-10,92,5.41,3.01,71.4,21.4,0.37,3.74
20251101,2025-11,92,5.19,2.88,71.4,19.6,0.37,3.81
20251201,2025-12,92,5.18,2.88,71.4,11.1,0.37,3.88
20230401,2023-04,93,32.2,17.89,85.4,13.9,0.13,1.26
20230501,2023-05,93,17.82,9.9,77.6,15.9,0.13,1.96
20230601,2023-06,93,5.6,3.11,76.2,22.3,0.13,2.18
20230701,2023-07,93,4.74,2.63,76.2,12.8,0.13,2.36
20230801,2023-08,93,4.55,2.53,76.2,9.8,0.13,2.54
20230901,2023-09,93,3.54,1.97,76.2,18.2,0.13,2.68
20231001,2023-10,93,3.59,1.99,76.2,21.6,0.13,2.82
20231101,2023-11,93,1.2,0.67,70.7,8.3,0.13,2.87
20231201,2023-12,93,1.21,0.67,70.7,16.1,0.13,2.91
20240101,2024-01,93,1.41,0.78,70.7,20.8,0.13,2.97
20240201,2024-02,93,1.43,0.79,70.7,9.0,0.13,3.02
20240301,2024-03,93,1.16,0.64,70.7,22.5,0.13,3.07
20240401,2024-04,93,1.3,0.72,70.7,8.5,0.13,3.12
20240501,2024-05,93,1.32,0.73,70.7,23.0,0.13,3.17
20240601,2024-06,93,1.39,0.77,70.7,15.6,0.13,3.23
20240701,2024-07,93,1.47,0.82,70.7,17.5,0.13,3.28
20240801,2024-08,93,1.31,0.73,70.7,15.2,0.13,3.34
20240901,2024-09,93,1.19,0.66,70.7,22.3,0.13,3.38
20241001,2024-10,93,1.4,0.78,70.7,10.7,0.13,3.44
20241101,2024-11,93,1.48,0.82,70.7,14.6,0.13,3.49
20241201,2024-12,93,1.49,0.83,70.7,12.9,0.13,3.55
20250101,2025-01,93,1.13,0.63,70.7,10.2,0.13,3.6
20250201,2025-02,93,1.17,0.65,70.7,21.3,0.13,3.64
20250301,2025-03,93,1.32,0.73,70.7,8.3,0.13,3.69
20250401,2025-04,93,1.33,0.74,70.7,8.7,0.13,3.75
20250501,2025-05,93,1.41,0.78,70.7,17.9,0.13,3.8
20250601,2025-06,93,1.14,0.63,70.7,18.7,0.13,3.85
20250701,2025-07,93,1.3,0.72,70.7,23.2,0.13,3.9
20250801,2025-08,93,1.46,0.81,70.7,14.9,0.13,3.95
20250901,2025-09,93,1.24,0.69,70.7,20.8,0.13,4.0
20251001,2025-10,93,1.12,0.62,70.7,12.6,0.13,4.05
20251101,2025-11,93,1.38,0.77,70.7,16.7,0.13,4.1
20251201,2025-12,93,1.24,0.69,70.7,9.1,0.13,4.15
20210801,2021-08,94,47.29,7.39,87.6,9.6,0.14,1.7
20210901,2021-09,94,27.64,4.32,81.7,18.0,0.14,2.7
20211001,2021-10,94,9.05,1.41,78.2,22.1,0.14,3.02
20211101,2021-11,94,8.34,1.3,78.2,19.3,0.14,3.32
20211201,2021-12,94,6.77,1.06,78.2,22.0,0.14,3.57
20220101,2022-01,94,4.98,0.78,78.2,18.7,0.14,3.75
20220201,2022-02,94,4.87,0.76,78.2,19.3,0.14,3.92
20220301,2022-03,94,2.4,0.37,72.2,11.8,0.14,4.01
20220401,2022-04,94,2.57,0.4,72.2,24.0,0.14,4.1
20220501,2022-05,94,2.5,0.39,72.2,22.5,0.14,4.19
20220601,2022-06,94,2.04,0.32,72.2,20.6,0.14,4.26
20220701,2022-07,94,2.18,0.34,72.2,9.1,0.14,4.34
20220801,2022-08,94,2.15,0.34,72.2,15.0,0.14,4.42
20220901,2022-09,94,2.03,0.32,72.2,13.0,0.14,4.49
20221001,2022-10,94,2.43,0.38,72.2,19.4,0.14,4.58
20221101,2022-11,94,2.45,0.38,72.2,11.9,0.14,4.67
20221201,2022-12,94,2.05,0.32,72.2,23.7,0.14,4.74
20230101,2023-01,94,2.23,0.35,72.2,9.7,0.14,4.82
20230201,2023-02,94,2.38,0.37,72.2,10.0,0.14,4.91
20230301,2023-03,94,2.12,0.33,72.2,17.7,0.14,4.98
20230401,2023-04,94,2.4,0.37,72.2,9.4,0.14,5.07
20230501,2023-05,94,2.5,0.39,72.2,13.7,0.14,5.16
20230601,2023-06,94,2.25,0.35,72.2,11.6,0.14,5.24
20230701,2023-07,94,2.04,0.32,72.2,19.0,0.14,5.32
20230801,2023-08,94,2.06,0.32,72.2,9.8,0.14,5.39
20230901,2023-09,94,2.04,0.32,72.2,21.9,0.14,5.46
20231001,2023-10,94,2.3,0.36,72.2,9.6,0.14,5.55
20231101,2023-11,94,2.12,0.33,72.2,11.7,0.14,5.62
20231201,2023-12,94,2.28,0.36,72.2,14.8,0.14,5.7
20240101,2024-01,94,2.61,0.41,72.2,12.1,0.14,5.8
20240201,2024-02,94,2.11,0.33,72.2,15.2,0.14,5.87
20240301,2024-03,94,2.51,0.39,72.2,9.7,0.14,5.96
20240401,2024-04,94,1.98,0.31,72.2,10.2,0.14,6.04
20240501,2024-05,94,2.17,0.34,72.2,11.9,0.14,6.11
20240601,2024-06,94,2.3,0.36,72.2,23.2,0.14,6.2
20240701,2024-07,94,2.11,0.33,72.2,17.2,0.14,6.27
20240801,2024-08,94,1.99,0.31,72.2,11.0,0.0,6.34
20240901,2024-09,94,2.46,0.38,72.2,11.7,0.0,6.43
20241001,2024-10,94,2.59,0.4,72.2,19.4,0.0,6.53
20241101,2024-11,94,2.25,0.35,72.2,13.3,0.0,6.61
20241201,2024-12,94,1.99,0.31,72.2,13.0,0.0,6.68
20250101,2025-01,94,1.96,0.31,72.2,11.2,0.0,6.75
20250201,2025-02,94,2.1,0.33,72.2,11.7,0.0,6.83
20250301,2025-03,94,2.1,0.33,72.2,13.4,0.0,6.9
20250401,2025-04,94,2.04,0.32,72.2,19.0,0.0,6.97
20250501,2025-05,94,2.46,0.38,72.2,15.4,0.0,7.06
20250601,2025-06,94,2.28,0.36,72.2,16.1,0.0,7.14
20250701,2025-07,94,2.47,0.39,72.2,10.1,0.0,7.23
20250801,2025-08,94,2.05,0.32,72.2,21.3,0.0,7.31
20250901,2025-09,94,2.54,0.4,72.2,13.5,0.0,7.4
20251001,2025-10,94,2.39,0.37,72.2,16.3,0.0,7.49
20251101,2025-11,94,2.47,0.39,72.2,23.2,0.0,7.57
20251201,2025-12,94,2.57,0.4,72.2,18.9,0.0,7.67
20250101,2025-01,95,56.58,5.89,90.0,23.7,0.34,0.82
20250201,2025-02,95,27.95,2.91,74.3,16.2,0.34,1.23
20250301,2025-03,95,10.99,1.14,75.4,23.8,0.34,1.39
20250401,2025-04,95,10.13,1.06,75.4,21.3,0.34,1.53
20250501,2025-05,95,7.77,0.81,75.4,22.7,0.34,1.65
20250601,2025-06,95,6.59,0.69,75.4,11.3,0.34,1.74
20250701,2025-07,95,5.04,0.52,75.4,10.8,0.34,1.82
20250801,2025-08,95,2.27,0.24,70.0,23.4,0.34,1.85
20250901,2025-09,95,2.15,0.22,70.0,12.7,0.34,1.88
20251001,2025-10,95,1.85,0.19,70.0,10.3,0.34,1.91
20251101,2025-11,95,2.08,0.22,70.0,21.3,0.34,1.94
20251201,2025-12,95,1.94,0.2,70.0,12.2,0.34,1.96
20220601,2022-06,96,72.9,40.5,81.6,21.6,0.37,0.99
20220701,2022-07,96,34.21,19.01,79.7,19.2,0.37,1.45
20220801,2022-08,96,13.77,7.65,74.4,8.5,0.37,1.64
20220901,2022-09,96,12.93,7.18,74.4,13.3,0.37,1.81
20221001,2022-10,96,10.84,6.02,74.4,17.8,0.37,1.96
20221101,2022-11,96,9.58,5.32,74.4,17.5,0.37,2.09
20221201,2022-12,96,6.29,3.49,74.4,10.0,0.37,2.17
20230101,2023-01,96,2.37,1.32,69.3,23.5,0.37,2.2
20230201,2023-02,96,2.05,1.14,69.3,17.8,0.37,2.23
20230301,2023-03,96,2.41,1.34,69.3,11.5,0.37,2.26
20230401,2023-04,96,2.18,1.21,69.3,19.7,0.37,2.29
20230501,2023-05,96,2.25,1.25,69.3,9.9,0.37,2.32
20230601,2023-06,96,2.5,1.39,69.3,12.5,0.37,2.36
20230701,2023-07,96,2.64,1.47,69.3,10.0,0.37,2.39
20230801,2023-08,96,2.34,1.3,69.3,23.8,0.37,2.43
20230901,2023-09,96,2.64,1.47,69.3,17.6,0.37,2.46
20231001,2023-10,96,2.3,1.28,69.3,8.5,0.37,2.49
20231101,2023-11,96,2.19,1.22,69.3,17.5,0.37,2.52
20231201,2023-12,96,2.28,1.27,69.3,9.9,0.37,2.55
20240101,2024-01,96,2.44,1.36,69.3,15.1,0.37,2.59
20240201,2024-02,96,2.27,1.26,69.3,18.9,0.37,2.62
20240301,2024-03,96,2.02,1.12,69.3,17.4,0.37,2.64
20240401,2024-04,96,2.63,1.46,69.3,12.2,0.37,2.68
20240501,2024-05,96,2.54,1.41,69.3,21.8,0.37,2.71
20240601,2024-06,96,2.11,1.17,69.3,8.0,0.37,2.74
20240701,2024-07,96,2.37,1.32,69.3,18.6,0.37,2.78
20240801,2024-08,96,2.25,1.25,69.3,22.7,0.37,2.81
20240901,2024-09,96,2.46,1.37,69.3,22.8,0.37,2.84
20241001,2024-10,96,2.25,1.25,69.3,20.1,0.37,2.87
20241101,2024-11,96,2.61,1.45,69.3,14.4,0.37,2.9
20241201,2024-12,96,2.25,1.25,69.3,22.9,0.37,2.94
20250101,2025-01,96,2.32,1.29,69.3,11.3,0.37,2.97
20250201,2025-02,96,2.29,1.27,69.3,16.3,0.37,3.0
20250301,2025-03,96,1.98,1.1,69.3,22.1,0.37,3.02
20250401,2025-04,96,2.42,1.34,69.3,17.9,0.37,3.06
20250501,2025-05,96,2.44,1.36,69.3,19.9,0.37,3.09
20250601,2025-06,96,2.34,1.3,69.3,19.5,0.0,3.12
20250701,2025-07,96,2.59,1.44,69.3,14.2,0.0,3.16
20250801,2025-08,96,2.32,1.29,69.3,22.3,0.0,3.19
20250901,2025-09,96,2.01,1.12,69.3,17.1,0.0,3.22
20251001,2025-10,96,2.32,1.29,69.3,22.8,0.0,3.25
20251101,2025-11,96,2.56,1.42,69.3,8.6,0.0,3.28
20251201,2025-12,96,2.0,1.11,69.3,11.9,0.0,3.31
20231001,2023-10,97,32.42,4.5,89.6,17.6,0.12,1.3
20231101,2023-11,97,18.27,2.54,81.2,12.4,0.12,2.03
20231201,2023-12,97,6.45,0.9,76.8,23.6,0.12,2.29
20240101,2024-01,97,5.91,0.82,76.8,17.6,0.12,2.52
20240201,2024-02,97,4.35,0.6,76.8,19.5,0.12,2.7
20240301,2024-03,97,4.0,0.56,76.8,23.7,0.12,2.86
20240401,2024-04,97,3.91,0.54,76.8,12.1,0.12,3.01
20240501,2024-05,97,1.31,0.18,71.1,16.2,0.12,3.06
20240601,2024-06,97,1.51,0.21,71.1,10.0,0.12,3.13
20240701,2024-07,97,1.52,0.21,71.1,8.5,0.12,3.19
20240801,2024-08,97,1.55,0.22,71.1,14.0,0.12,3.25
20240901,2024-09,97,1.48,0.21,71.1,22.4,0.12,3.31
20241001,2024-10,97,1.5,0.21,71.1,8.8,0.12,3.37
20241101,2024-11,97,1.68,0.23,71.1,21.5,0.12,3.43
20241201,2024-12,97,1.7,0.24,71.1,8.1,0.12,3.5
20250101,2025-01,97,1.5,0.21,71.1,22.6,0.12,3.56
20250201,2025-02,97,1.5,0.21,71.1,14.8,0.12,3.62
20250301,2025-03,97,1.59,0.22,71.1,15.0,0.12,3.69
20250401,2025-04,97,1.55,0.22,71.1,9.5,0.12,3.75
20250501,2025-05,97,1.29,0.18,71.1,17.1,0.12,3.8
20250601,2025-06,97,1.7,0.24,71.1,8.5,0.12,3.87
20250701,2025-07,97,1.42,0.2,71.1,8.1,0.12,3.92
20250801,2025-08,97,1.65,0.23,71.1,22.9,0.12,3.99
20250901,2025-09,97,1.67,0.23,71.1,22.9,0.12,4.06
20251001,2025-10,97,1.54,0.21,71.1,20.5,0.12,4.12
20251101,2025-11,97,1.28,0.18,71.1,18.0,0.12,4.17
20251201,2025-12,97,1.66,0.23,71.1,8.2,0.12,4.24
20220301,2022-03,98,107.51,19.2,89.6,23.5,0.39,1.38
20220401,2022-04,98,56.74,10.13,81.0,17.0,0.39,2.11
20220501,2022-05,98,18.13,3.24,76.2,23.3,0.39,2.34
20220601,2022-06,98,18.62,3.32,76.2,18.6,0.39,2.58
20220701,2022-07,98,14.16,2.53,76.2,22.7,0.39,2.77
20220801,2022-08,98,13.69,2.44,76.2,14.9,0.39,2.94
20220901,2022-09,98,11.08,1.98,76.2,9.9,0.39,3.08
20221001,2022-10,98,3.62,0.65,70.7,20.6,0.39,3.13
20221101,2022-11,98,4.47,0.8,70.7,23.6,0.39,3.19
20221201,2022-12,98,4.35,0.78,70.7,17.1,0.39,3.24
20230101,2023-01,98,4.01,0.72,70.7,23.2,0.39,3.3
20230201,2023-02,98,4.41,0.79,70.7,10.4,0.39,3.35
20230301,2023-03,98,4.0,0.71,70.7,23.2,0.39,3.4
20230401,2023-04,98,4.15,0.74,70.7,18.9,0.39,3.46
20230501,2023-05,98,3.59,0.64,70.7,20.2,0.39,3.5
20230601,2023-06,98,3.63,0.65,70.7,21.8,0.39,3.55
20230701,2023-07,98,4.5,0.8,70.7,16.4,0.39,3.61
20230801,2023-08,98,3.82,0.68,70.7,19.2,0.39,3.66
20230901,2023-09,98,3.92,0.7,70.7,16.2,0.39,3.71
20231001,2023-10,98,3.49,0.62,70.7,9.2,0.39,3.75
20231101,2023-11,98,3.77,0.67,70.7,18.5,0.39,3.8
20231201,2023-12,98,3.53,0.63,70.7,11.7,0.39,3.85
20240101,2024-01,98,4.09,0.73,70.7,17.2,0.39,3.9
20240201,2024-02,98,4.33,0.77,70.7,16.8,0.39,3.95
20240301,2024-03,98,3.86,0.69,70.7,15.2,0.39,4.0
20240401,2024-04,98,3.88,0.69,70.7,22.1,0.39,4.05
20240501,2024-05,98,4.45,0.79,70.7,15.3,0.39,4.11
20240601,2024-06,98,3.83,0.68,70.7,8.5,0.39,4.16
20240701,2024-07,98,3.45,0.62,70.7,9.5,0.39,4.21
20240801,2024-08,98,3.98,0.71,70.7,18.4,0.39,4.26
20240901,2024-09,98,4.08,0.73,70.7,10.2,0.39,4.31
20241001,2024-10,98,3.52,0.63,70.7,15.8,0.39,4.35
20241101,2024-11,98,3.44,0.61,70.7,20.7,0.39,4.4
20241201,2024-12,98,4.36,0.78,70.7,22.0,0.39,4.45
20250101,2025-01,98,3.48,0.62,70.7,8.4,0.39,4.5
20250201,2025-02,98,4.01,0.72,70.7,17.1,0.39,4.55
20250301,2025-03,98,3.95,0.71,70.7,10.9,0.0,4.6
20250401,2025-04,98,3.47,0.62,70.7,19.5,0.0,4.65
20250501,2025-05,98,4.16,0.74,70.7,23.2,0.0,4.7
20250601,2025-06,98,4.39,0.78,70.7,10.9,0.0,4.76
20250701,2025-07,98,3.59,0.64,70.7,9.7,0.0,4.8
20250801,2025-08,98,3.57,0.64,70.7,19.6,0.0,4.85
20250901,2025-09,98,3.68,0.66,70.7,23.1,0.0,4.9
20251001,2025-10,98,4.43,0.79,70.7,10.3,0.0,4.95
20251101,2025-11,98,3.38,0.6,70.7,15.9,0.0,5.0
20251201,2025-12,98,3.53,0.63,70.7,9.0,0.0,5.04
20240101,2024-01,99,53.85,4.49,82.8,21.6,0.28,0.97
20240201,2024-02,99,33.92,2.83,75.4,13.9,0.28,1.58
20240301,2024-03,99,11.48,0.96,75.4,9.9,0.28,1.79
20240401,2024-04,99,10.71,0.89,75.4,16.5,0.28,1.98
20240501,2024-05,99,9.47,0.79,75.4,8.0,0.28,2.15
20240601,2024-06,99,7.6,0.63,75.4,9.0,0.28,2.29
20240701,2024-07,99,7.17,0.6,75.4,12.5,0.28,2.42
20240801,2024-08,99,2.02,0.17,70.0,16.4,0.28,2.45
20240901,2024-09,99,2.02,0.17,70.0,9.0,0.28,2.49
20241001,2024-10,99,2.26,0.19,70.0,22.2,0.28,2.53
20241101,2024-11,99,2.29,0.19,70.0,20.3,0.28,2.57
20241201,2024-12,99,2.34,0.19,70.0,22.2,0.28,2.61
20250101,2025-01,99,2.01,0.17,70.0,8.5,0.28,2.65
20250201,2025-02,99,2.11,0.18,70.0,22.2,0.28,2.69
20250301,2025-03,99,2.1,0.18,70.0,10.5,0.28,2.72
20250401,2025-04,99,2.48,0.21,70.0,8.9,0.28,2.77
20250501,2025-05,99,2.17,0.18,70.0,19.0,0.28,2.81
20250601,2025-06,99,2.27,0.19,70.0,16.6,0.28,2.85
20250701,2025-07,99,2.43,0.2,70.0,22.8,0.28,2.89
20250801,2025-08,99,2.23,0.19,70.0,14.3,0.28,2.93
20250901,2025-09,99,2.28,0.19,70.0,18.1,0.28,2.97
20251001,2025-10,99,2.56,0.21,70.0,18.6,0.28,3.02
20251101,2025-11,99,2.25,0.19,70.0,10.3,0.28,3.06
20251201,2025-12,99,2.33,0.19,70.0,10.0,0.28,3.1
20251201,2025-12,100,106.22,9.48,79.8,12.2,0.75,0.71
20231101,2023-11,101,129.62,72.01,89.9,9.6,0.35,1.85
20231201,2023-12,101,82.38,45.77,85.9,24.0,0.35,3.03
20240101,2024-01,101,23.41,13.01,79.2,20.2,0.35,3.36
20240201,2024-02,101,22.61,12.56,79.2,17.2,0.35,3.69
20240301,2024-03,101,19.91,11.06,79.2,21.7,0.35,3.97
20240401,2024-04,101,15.26,8.48,79.2,17.7,0.35,4.19
20240501,2024-05,101,12.16,6.76,79.2,15.6,0.35,4.36
20240601,2024-06,101,6.6,3.67,72.9,11.6,0.35,4.46
20240701,2024-07,101,6.81,3.78,72.9,11.7,0.35,4.55
20240801,2024-08,101,6.98,3.88,72.9,19.3,0.35,4.65
20240901,2024-09,101,7.36,4.09,72.9,16.7,0.35,4.76
20241001,2024-10,101,7.2,4.0,72.9,10.3,0.35,4.86
20241101,2024-11,101,7.24,4.02,72.9,23.2,0.35,4.96
20241201,2024-12,101,7.34,4.08,72.9,22.3,0.35,5.07
20250101,2025-01,101,7.51,4.17,72.9,10.6,0.35,5.18
20250201,2025-02,101,6.55,3.64,72.9,13.5,0.35,5.27
20250301,2025-03,101,6.81,3.78,72.9,9.8,0.35,5.37
20250401,2025-04,101,6.67,3.71,72.9,21.4,0.35,5.46
20250501,2025-05,101,6.1,3.39,72.9,18.1,0.35,5.55
20250601,2025-06,101,7.28,4.04,72.9,8.6,0.35,5.65
20250701,2025-07,101,7.34,4.08,72.9,10.7,0.35,5.76
20250801,2025-08,101,6.09,3.38,72.9,14.6,0.35,5.85
20250901,2025-09,101,7.37,4.09,72.9,21.6,0.35,5.95
20251001,2025-10,101,7.13,3.96,72.9,14.5,0.35,6.05
20251101,2025-11,101,7.85,4.36,72.9,12.7,0.35,6.17
20251201,2025-12,101,6.07,3.37,72.9,9.9,0.35,6.25
20230401,2023-04,102,58.84,4.6,88.0,20.0,0.2,1.45
20230501,2023-05,102,28.97,2.26,79.3,19.1,0.2,2.17
20230601,2023-06,102,10.52,0.82,77.2,20.4,0.2,2.42
20230701,2023-07,102,9.23,0.72,77.2,9.6,0.2,2.65
20230801,2023-08,102,8.46,0.66,77.2,12.9,0.2,2.86
20230901,2023-09,102,8.01,0.63,77.2,15.8,0.2,3.06
20231001,2023-10,102,5.9,0.46,77.2,18.8,0.2,3.2
20231101,2023-11,102,2.89,0.23,71.4,17.2,0.2,3.28
20231201,2023-12,102,2.86,0.22,71.4,17.1,0.2,3.35
20240101,2024-01,102,2.92,0.23,71.4,18.9,0.2,3.42
20240201,2024-02,102,3.04,0.24,71.4,20.0,0.2,3.49
20240301,2024-03,102,2.88,0.22,71.4,11.8,0.2,3.56
20240401,2024-04,102,3.03,0.24,71.4,23.5,0.2,3.64
20240501,2024-05,102,2.9,0.23,71.4,9.7,0.2,3.71
20240601,2024-06,102,2.61,0.2,71.4,9.6,0.2,3.77
20240701,2024-07,102,2.89,0.23,71.4,12.3,0.2,3.85
20240801,2024-08,102,2.55,0.2,71.4,9.2,0.2,3.91
20240901,2024-09,102,2.5,0.2,71.4,23.9,0.2,3.97
20241001,2024-10,102,2.29,0.18,71.4,14.8,0.2,4.03
20241101,2024-11,102,2.4,0.19,71.4,19.3,0.2,4.09
20241201,2024-12,102,2.82,0.22,71.4,12.9,0.2,4.16
20250101,2025-01,102,2.58,0.2,71.4,14.8,0.2,4.22
20250201,2025-02,102,2.28,0.18,71.4,20.7,0.2,4.27
20250301,2025-03,102,3.04,0.24,71.4,17.2,0.2,4.35
20250401,2025-04,102,2.61,0.2,71.4,17.9,0.2,4.41
20250501,2025-05,102,2.31,0.18,71.4,22.3,0.2,4.47
20250601,2025-06,102,2.88,0.22,71.4,17.8,0.2,4.54
20250701,2025-07,102,2.8,0.22,71.4,21.0,0.2,4.61
20250801,2025-08,102,2.85,0.22,71.4,17.3,0.2,4.68
20250901,2025-09,102,2.95,0.23,71.4,18.5,0.2,4.75
20251001,2025-10,102,2.78,0.22,71.4,15.5,0.2,4.82
20251101,2025-11,102,2.64,0.21,71.4,19.5,0.2,4.89
20251201,2025-12,102,2.65,0.21,71.4,19.8,0.2,4.95
20250701,2025-07,103,18.19,10.11,78.7,21.5,0.15,0.6
20250801,2025-08,103,10.3,5.72,78.4,20.2,0.15,0.93
20250901,2025-09,103,4.43,2.46,72.8,11.8,0.15,1.08
20251001,2025-10,103,3.6,2.0,72.8,20.4,0.15,1.2
20251101,2025-11,103,3.27,1.82,72.8,18.6,0.15,1.3
20251201,2025-12,103,2.76,1.53,72.8,17.4,0.15,1.39
20230401,2023-04,104,18.47,3.3,85.8,23.3,0.06,1.66
20230501,2023-05,104,9.3,1.66,88.6,15.0,0.06,2.5
20230601,2023-06,104,4.18,0.75,78.2,19.7,0.06,2.88
20230701,2023-07,104,3.51,0.63,78.2,15.7,0.06,3.19
20230801,2023-08,104,2.62,0.47,78.2,18.7,0.06,3.43
20230901,2023-09,104,2.59,0.46,78.2,11.6,0.06,3.66
20231001,2023-10,104,2.12,0.38,78.2,18.8,0.06,3.85
20231101,2023-11,104,0.84,0.15,72.2,12.7,0.06,3.93
20231201,2023-12,104,0.94,0.17,72.2,19.2,0.06,4.01
20240101,2024-01,104,0.87,0.16,72.2,23.2,0.06,4.09
20240201,2024-02,104,1.02,0.18,72.2,19.1,0.06,4.18
20240301,2024-03,104,1.0,0.18,72.2,16.4,0.06,4.27
20240401,2024-04,104,0.83,0.15,72.2,16.8,0.06,4.35
20240501,2024-05,104,0.97,0.17,72.2,20.3,0.06,4.43
20240601,2024-06,104,0.95,0.17,72.2,20.6,0.06,4.52
20240701,2024-07,104,0.8,0.14,72.2,17.0,0.06,4.59
20240801,2024-08,104,0.82,0.15,72.2,23.5,0.06,4.66
20240901,2024-09,104,0.96,0.17,72.2,18.0,0.06,4.75
20241001,2024-10,104,1.01,0.18,72.2,16.4,0.06,4.84
20241101,2024-11,104,0.97,0.17,72.2,10.5,0.06,4.93
20241201,2024-12,104,0.94,0.17,72.2,14.7,0.06,5.01
20250101,2025-01,104,0.87,0.16,72.2,23.3,0.06,5.09
20250201,2025-02,104,0.85,0.15,72.2,16.0,0.06,5.17
20250301,2025-03,104,0.95,0.17,72.2,9.9,0.06,5.25
20250401,2025-04,104,0.78,0.14,72.2,12.2,0.06,5.32
20250501,2025-05,104,0.88,0.16,72.2,18.9,0.06,5.4
20250601,2025-06,104,0.83,0.15,72.2,23.5,0.06,5.48
20250701,2025-07,104,0.89,0.16,72.2,19.7,0.06,5.56
20250801,2025-08,104,0.99,0.18,72.2,22.3,0.06,5.65
20250901,2025-09,104,0.81,0.14,72.2,22.5,0.06,5.72
20251001,2025-10,104,0.99,0.18,72.2,20.4,0.06,5.81
20251101,2025-11,104,0.8,0.14,72.2,16.9,0.06,5.88
20251201,2025-12,104,0.79,0.14,72.2,14.3,0.06,5.95
20210701,2021-07,105,60.79,10.86,84.3,16.6,0.34,0.89
20210801,2021-08,105,31.62,5.65,79.5,20.3,0.34,1.35
20210901,2021-09,105,10.85,1.94,76.0,12.8,0.34,1.51
20211001,2021-10,105,9.75,1.74,76.0,19.5,0.34,1.65
20211101,2021-11,105,9.32,1.66,76.0,16.4,0.34,1.79
20211201,2021-12,105,7.23,1.29,76.0,19.2,0.34,1.9
20220101,2022-01,105,6.57,1.17,76.0,10.4,0.34,1.99
20220201,2022-02,105,2.48,0.44,70.5,10.6,0.34,2.03
20220301,2022-03,105,2.46,0.44,70.5,20.3,0.34,2.06
20220401,2022-04,105,2.76,0.49,70.5,15.3,0.34,2.1
20220501,2022-05,105,2.45,0.44,70.5,10.0,0.34,2.14
20220601,2022-06,105,2.52,0.45,70.5,13.8,0.34,2.18
20220701,2022-07,105,2.65,0.47,70.5,12.9,0.34,2.22
20220801,2022-08,105,2.47,0.44,70.5,10.8,0.34,2.25
20220901,2022-09,105,2.26,0.4,70.5,12.5,0.34,2.29
20221001,2022-10,105,2.53,0.45,70.5,20.7,0.34,2.32
20221101,2022-11,105,2.08,0.37,70.5,15.8,0.34,2.35
20221201,2022-12,105,2.37,0.42,70.5,18.6,0.34,2.39
20230101,2023-01,105,2.1,0.38,70.5,17.5,0.34,2.42
20230201,2023-02,105,2.43,0.43,70.5,9.3,0.34,2.45
20230301,2023-03,105,2.26,0.4,70.5,13.5,0.34,2.49
20230401,2023-04,105,2.32,0.41,70.5,21.8,0.34,2.52
20230501,2023-05,105,2.43,0.43,70.5,8.3,0.34,2.56
20230601,2023-06,105,2.35,0.42,70.5,13.4,0.34,2.59
20230701,2023-07,105,2.78,0.5,70.5,22.9,0.34,2.63
20230801,2023-08,105,2.8,0.5,70.5,11.0,0.34,2.67
20230901,2023-09,105,2.47,0.44,70.5,18.4,0.34,2.71
20231001,2023-10,105,2.77,0.49,70.5,10.9,0.34,2.75
20231101,2023-11,105,2.43,0.43,70.5,23.9,0.34,2.78
20231201,2023-12,105,2.25,0.4,70.5,16.0,0.34,2.82
20240101,2024-01,105,2.75,0.49,70.5,18.3,0.34,2.86
20240201,2024-02,105,2.64,0.47,70.5,17.4,0.34,2.9
20240301,2024-03,105,2.47,0.44,70.5,17.9,0.34,2.93
20240401,2024-04,105,2.24,0.4,70.5,10.9,0.34,2.97
20240501,2024-05,105,2.4,0.43,70.5,18.0,0.34,3.0
20240601,2024-06,105,2.59,0.46,70.5,20.3,0.34,3.04
20240701,2024-07,105,2.57,0.46,70.5,13.5,0.0,3.08
20240801,2024-08,105,2.76,0.49,70.5,10.6,0.0,3.12
20240901,2024-09,105,2.8,0.5,70.5,10.0,0.0,3.16
20241001,2024-10,105,2.1,0.38,70.5,8.7,0.0,3.19
20241101,2024-11,105,2.74,0.49,70.5,10.8,0.0,3.23
20241201,2024-12,105,2.79,0.5,70.5,17.7,0.0,3.27
20250101,2025-01,105,2.69,0.48,70.5,12.6,0.0,3.31
20250201,2025-02,105,2.65,0.47,70.5,22.0,0.0,3.35
20250301,2025-03,105,2.66,0.47,70.5,14.4,0.0,3.39
20250401,2025-04,105,2.18,0.39,70.5,18.6,0.0,3.42
20250501,2025-05,105,2.77,0.49,70.5,13.7,0.0,3.46
20250601,2025-06,105,2.3,0.41,70.5,20.3,0.0,3.49
20250701,2025-07,105,2.52,0.45,70.5,8.9,0.0,3.53
20250801,2025-08,105,2.32,0.41,70.5,21.0,0.0,3.56
20250901,2025-09,105,2.11,0.38,70.5,17.5,0.0,3.59
20251001,2025-10,105,2.08,0.37,70.5,13.7,0.0,3.62
20251101,2025-11,105,2.55,0.46,70.5,11.1,0.0,3.66
20251201,2025-12,105,2.42,0.43,70.5,17.5,0.0,3.7
20230201,2023-02,106,162.11,25.33,87.8,16.3,0.51,1.59
20230301,2023-03,106,90.22,14.1,85.9,9.0,0.51,2.47
20230401,2023-04,106,31.33,4.9,78.0,12.6,0.51,2.77
20230501,2023-05,106,25.07,3.92,78.0,21.4,0.51,3.02
20230601,2023-06,106,23.94,3.74,78.0,18.0,0.51,3.25
20230701,2023-07,106,17.94,2.8,78.0,19.4,0.51,3.43
20230801,2023-08,106,15.22,2.38,78.0,15.1,0.51,3.58
20230901,2023-09,106,8.98,1.4,72.0,11.9,0.51,3.67
20231001,2023-10,106,8.3,1.3,72.0,18.7,0.51,3.75
20231101,2023-11,106,8.57,1.34,72.0,11.3,0.51,3.83
20231201,2023-12,106,7.28,1.14,72.0,12.0,0.51,3.9
20240101,2024-01,106,8.34,1.3,72.0,19.3,0.51,3.98
20240201,2024-02,106,7.34,1.15,72.0,9.0,0.51,4.06
20240301,2024-03,106,7.98,1.25,72.0,13.8,0.51,4.13
20240401,2024-04,106,8.01,1.25,72.0,20.5,0.51,4.21
20240501,2024-05,106,8.7,1.36,72.0,22.1,0.51,4.3
20240601,2024-06,106,7.21,1.13,72.0,20.3,0.51,4.37
20240701,2024-07,106,8.45,1.32,72.0,18.8,0.51,4.45
20240801,2024-08,106,8.15,1.27,72.0,11.0,0.51,4.53
20240901,2024-09,106,7.01,1.1,72.0,17.1,0.51,4.6
20241001,2024-10,106,8.94,1.4,72.0,10.5,0.51,4.69
20241101,2024-11,106,8.76,1.37,72.0,10.9,0.51,4.77
20241201,2024-12,106,9.06,1.42,72.0,15.4,0.51,4.86
20250101,2025-01,106,8.11,1.27,72.0,8.2,0.51,4.94
20250201,2025-02,106,7.0,1.09,72.0,9.4,0.51,5.01
20250301,2025-03,106,8.33,1.3,72.0,23.4,0.51,5.09
20250401,2025-04,106,7.77,1.21,72.0,22.3,0.51,5.17
20250501,2025-05,106,6.99,1.09,72.0,19.8,0.51,5.23
20250601,2025-06,106,8.55,1.34,72.0,9.7,0.51,5.32
20250701,2025-07,106,7.76,1.21,72.0,11.8,0.51,5.39
20250801,2025-08,106,8.46,1.32,72.0,13.2,0.51,5.48
20250901,2025-09,106,7.68,1.2,72.0,13.8,0.51,5.55
20251001,2025-10,106,7.92,1.24,72.0,12.7,0.51,5.63
20251101,2025-11,106,8.32,1.3,72.0,16.8,0.51,5.71
20251201,2025-12,106,8.04,1.26,72.0,15.5,0.51,5.79
20240201,2024-02,107,18.84,10.47,89.8,10.1,0.12,0.81
20240301,2024-03,107,8.21,4.56,82.1,17.6,0.12,1.16
20240401,2024-04,107,3.37,1.87,74.6,10.3,0.12,1.3
20240501,2024-05,107,3.22,1.79,74.6,10.3,0.12,1.44
20240601,2024-06,107,2.22,1.23,74.6,22.5,0.12,1.54
20240701,2024-07,107,2.17,1.21,74.6,13.1,0.12,1.63
20240801,2024-08,107,1.95,1.08,74.6,21.3,0.12,1.71
20240901,2024-09,107,0.56,0.31,69.5,20.1,0.12,1.74
20241001,2024-10,107,0.58,0.32,69.5,20.7,0.12,1.76
20241101,2024-11,107,0.6,0.33,69.5,15.3,0.12,1.79
20241201,2024-12,107,0.54,0.3,69.5,21.1,0.12,1.81
20250101,2025-01,107,0.64,0.36,69.5,14.6,0.12,1.84
20250201,2025-02,107,0.61,0.34,69.5,19.3,0.12,1.86
20250301,2025-03,107,0.64,0.36,69.5,22.5,0.12,1.89
20250401,2025-04,107,0.63,0.35,69.5,19.9,0.12,1.92
20250501,2025-05,107,0.64,0.36,69.5,23.6,0.12,1.95
20250601,2025-06,107,0.49,0.27,69.5,11.3,0.12,1.97
20250701,2025-07,107,0.52,0.29,69.5,21.0,0.12,1.99
20250801,2025-08,107,0.59,0.33,69.5,8.3,0.12,2.02
20250901,2025-09,107,0.61,0.34,69.5,21.6,0.12,2.04
20251001,2025-10,107,0.54,0.3,69.5,20.8,0.12,2.06
20251101,2025-11,107,0.61,0.34,69.5,20.6,0.12,2.09
20251201,2025-12,107,0.54,0.3,69.5,15.5,0.12,2.11
20221001,2022-10,108,201.09,14.79,82.2,17.0,0.7,1.44
20221101,2022-11,108,97.91,7.2,81.5,15.4,0.7,2.14
20221201,2022-12,108,36.9,2.71,76.6,22.6,0.7,2.41
20230101,2023-01,108,27.67,2.03,76.6,18.5,0.7,2.61
20230201,2023-02,108,23.93,1.76,76.6,19.7,0.7,2.78
20230301,2023-03,108,24.25,1.78,76.6,22.0,0.7,2.95
20230401,2023-04,108,18.68,1.37,76.6,13.7,0.7,3.09
20230501,2023-05,108,8.05,0.59,71.0,15.7,0.7,3.14
20230601,2023-06,108,7.21,0.53,71.0,16.6,0.7,3.2
20230701,2023-07,108,7.97,0.59,71.0,16.7,0.7,3.25
20230801,2023-08,108,8.53,0.63,71.0,15.4,0.7,3.31
20230901,2023-09,108,8.0,0.59,71.0,12.7,0.7,3.37
20231001,2023-10,108,8.78,0.65,71.0,9.5,0.7,3.43
20231101,2023-11,108,7.5,0.55,71.0,19.3,0.7,3.49
20231201,2023-12,108,7.1,0.52,71.0,10.1,0.7,3.54
20240101,2024-01,108,7.6,0.56,71.0,21.8,0.7,3.59
20240201,2024-02,108,7.39,0.54,71.0,22.0,0.7,3.65
20240301,2024-03,108,8.34,0.61,71.0,22.8,0.7,3.71
20240401,2024-04,108,8.1,0.6,71.0,11.0,0.7,3.76
20240501,2024-05,108,8.97,0.66,71.0,15.7,0.7,3.83
20240601,2024-06,108,7.84,0.58,71.0,22.0,0.7,3.89
20240701,2024-07,108,7.29,0.54,71.0,19.1,0.7,3.94
20240801,2024-08,108,8.96,0.66,71.0,8.6,0.7,4.0
20240901,2024-09,108,7.04,0.52,71.0,17.3,0.7,4.05
20241001,2024-10,108,8.54,0.63,71.0,11.5,0.7,4.11
20241101,2024-11,108,6.96,0.51,71.0,12.8,0.7,4.16
20241201,2024-12,108,7.94,0.58,71.0,19.9,0.7,4.22
20250101,2025-01,108,8.75,0.64,71.0,20.6,0.7,4.28
20250201,2025-02,108,7.63,0.56,71.0,21.7,0.7,4.34
20250301,2025-03,108,7.15,0.53,71.0,21.3,0.7,4.39
20250401,2025-04,108,6.71,0.49,71.0,10.0,0.7,4.44
20250501,2025-05,108,7.95,0.58,71.0,8.6,0.7,4.49
20250601,2025-06,108,7.36,0.54,71.0,16.5,0.7,4.55
20250701,2025-07,108,7.92,0.58,71.0,17.4,0.7,4.6
20250801,2025-08,108,7.31,0.54,71.0,22.0,0.7,4.66
20250901,2025-09,108,7.7,0.57,71.0,19.0,0.7,4.71
20251001,2025-10,108,7.16,0.53,71.0,10.8,0.0,4.76
20251101,2025-11,108,8.69,0.64,71.0,22.9,0.0,4.83
20251201,2025-12,108,7.68,0.56,71.0,22.5,0.0,4.88
20230501,2023-05,109,249.55,138.64,78.9,23.8,0.98,1.28
20230601,2023-06,109,123.47,68.59,78.6,12.1,0.98,1.91
20230701,2023-07,109,51.04,28.36,75.6,23.4,0.98,2.17
20230801,2023-08,109,40.11,22.28,75.6,21.2,0.98,2.37
20230901,2023-09,109,34.94,19.41,75.6,12.4,0.98,2.55
20231001,2023-10,109,28.96,16.09,75.6,11.9,0.98,2.7
20231101,2023-11,109,25.75,14.31,75.6,9.0,0.98,2.83
20231201,2023-12,109,9.25,5.14,70.2,8.9,0.98,2.88
20240101,2024-01,109,8.31,4.62,70.2,8.2,0.98,2.92
20240201,2024-02,109,9.63,5.35,70.2,21.1,0.98,2.97
20240301,2024-03,109,9.24,5.13,70.2,18.0,0.98,3.02
20240401,2024-04,109,7.39,4.11,70.2,15.2,0.98,3.06
20240501,2024-05,109,7.91,4.39,70.2,20.7,0.98,3.1
20240601,2024-06,109,7.75,4.31,70.2,20.5,0.98,3.14
20240701,2024-07,109,8.13,4.52,70.2,10.0,0.98,3.18
20240801,2024-08,109,7.3,4.06,70.2,21.2,0.98,3.22
20240901,2024-09,109,7.75,4.31,70.2,12.9,0.98,3.25
20241001,2024-10,109,8.33,4.63,70.2,22.0,0.98,3.3
20241101,2024-11,109,9.57,5.32,70.2,18.5,0.98,3.35
20241201,2024-12,109,9.44,5.24,70.2,22.8,0.98,3.39
20250101,2025-01,109,9.69,5.38,70.2,14.5,0.98,3.44
20250201,2025-02,109,9.74,5.41,70.2,20.9,0.98,3.49
20250301,2025-03,109,7.31,4.06,70.2,10.3,0.98,3.53
20250401,2025-04,109,8.12,4.51,70.2,19.4,0.98,3.57
20250501,2025-05,109,9.66,5.37,70.2,17.9,0.98,3.62
20250601,2025-06,109,7.36,4.09,70.2,19.4,0.98,3.66
20250701,2025-07,109,8.89,4.94,70.2,9.1,0.98,3.71
20250801,2025-08,109,8.59,4.77,70.2,12.1,0.98,3.75
20250901,2025-09,109,9.41,5.23,70.2,21.7,0.98,3.8
20251001,2025-10,109,8.5,4.72,70.2,22.9,0.98,3.84
20251101,2025-11,109,7.52,4.18,70.2,15.2,0.98,3.88
20251201,2025-12,109,7.81,4.34,70.2,10.4,0.98,3.92
20210101,2021-01,110,606.14,108.24,87.0,19.7,2.56,1.18
20210201,2021-02,110,345.99,61.78,79.4,18.1,2.56,1.86
20210301,2021-03,110,125.75,22.46,77.4,9.8,2.56,2.1
20210401,2021-04,110,105.42,18.82,77.4,21.6,2.56,2.31
20210501,2021-05,110,75.85,13.54,77.4,22.2,2.56,2.46
20210601,2021-06,110,76.36,13.64,77.4,21.8,2.56,2.61
20210701,2021-07,110,61.03,10.9,77.4,17.6,2.56,2.73
20210801,2021-08,110,28.61,5.11,71.5,8.4,2.56,2.78
20210901,2021-09,110,22.38,4.0,71.5,8.6,2.56,2.83
20211001,2021-10,110,24.18,4.32,71.5,22.6,2.56,2.87
20211101,2021-11,110,27.47,4.91,71.5,11.5,2.56,2.93
20211201,2021-12,110,23.54,4.2,71.5,14.6,2.56,2.97
20220101,2022-01,110,25.19,4.5,71.5,17.7,2.56,3.02
20220201,2022-02,110,24.74,4.42,71.5,20.0,2.56,3.07
20220301,2022-03,110,26.12,4.66,71.5,9.7,2.56,3.12
20220401,2022-04,110,23.05,4.12,71.5,22.9,2.56,3.17
20220501,2022-05,110,28.26,5.05,71.5,13.0,2.56,3.22
20220601,2022-06,110,25.01,4.47,71.5,18.1,2.56,3.27
20220701,2022-07,110,24.22,4.32,71.5,22.7,2.56,3.32
20220801,2022-08,110,23.61,4.22,71.5,20.9,2.56,3.36
20220901,2022-09,110,26.67,4.76,71.5,9.4,2.56,3.42
20221001,2022-10,110,24.99,4.46,71.5,23.6,2.56,3.46
20221101,2022-11,110,22.57,4.03,71.5,19.3,2.56,3.51
20221201,2022-12,110,28.97,5.17,71.5,22.2,2.56,3.57
20230101,2023-01,110,23.64,4.22,71.5,10.1,2.56,3.61
20230201,2023-02,110,23.9,4.27,71.5,21.5,2.56,3.66
20230301,2023-03,110,24.6,4.39,71.5,18.2,2.56,3.71
20230401,2023-04,110,22.74,4.06,71.5,20.2,2.56,3.75
20230501,2023-05,110,22.46,4.01,71.5,13.7,2.56,3.79
20230601,2023-06,110,28.98,5.17,71.5,17.9,2.56,3.85
20230701,2023-07,110,23.52,4.2,71.5,12.5,2.56,3.9
20230801,2023-08,110,24.28,4.34,71.5,23.7,2.56,3.94
20230901,2023-09,110,26.62,4.75,71.5,11.8,2.56,4.0
20231001,2023-10,110,22.65,4.04,71.5,10.3,2.56,4.04
20231101,2023-11,110,28.38,5.07,71.5,13.4,2.56,4.1
20231201,2023-12,110,26.59,4.75,71.5,23.4,2.56,4.15
20240101,2024-01,110,29.19,5.21,71.5,20.1,0.0,4.2
20240201,2024-02,110,25.8,4.61,71.5,8.3,0.0,4.25
20240301,2024-03,110,24.72,4.41,71.5,14.9,0.0,4.3
20240401,2024-04,110,27.48,4.91,71.5,9.6,0.0,4.36
20240501,2024-05,110,24.76,4.42,71.5,8.3,0.0,4.41
20240601,2024-06,110,29.18,5.21,71.5,13.4,0.0,4.46
20240701,2024-07,110,24.03,4.29,71.5,13.0,0.0,4.51
20240801,2024-08,110,23.89,4.27,71.5,19.8,0.0,4.56
20240901,2024-09,110,25.68,4.59,71.5,17.9,0.0,4.61
20241001,2024-10,110,26.6,4.75,71.5,9.5,0.0,4.66
20241101,2024-11,110,23.45,4.19,71.5,17.9,0.0,4.7
20241201,2024-12,110,25.95,4.63,71.5,8.9,0.0,4.75
20250101,2025-01,110,26.77,4.78,71.5,9.1,0.0,4.81
20250201,2025-02,110,23.91,4.27,71.5,23.2,0.0,4.85
20250301,2025-03,110,21.88,3.91,71.5,20.6,0.0,4.9
20250401,2025-04,110,27.15,4.85,71.5,9.1,0.0,4.95
20250501,2025-05,110,24.58,4.39,71.5,13.3,0.0,5.0
20250601,2025-06,110,23.71,4.23,71.5,16.0,0.0,5.04
20250701,2025-07,110,29.19,5.21,71.5,8.2,0.0,5.1
20250801,2025-08,110,24.8,4.43,71.5,9.1,0.0,5.15
20250901,2025-09,110,28.77,5.14,71.5,10.7,0.0,5.2
20251001,2025-10,110,26.77,4.78,71.5,11.5,0.0,5.26
20251101,2025-11,110,26.62,4.75,71.5,18.5,0.0,5.31
20251201,2025-12,110,29.03,5.18,71.5,22.4,0.0,5.37
20230301,2023-03,111,288.01,51.43,85.4,18.2,1.34,1.07
20230401,2023-04,111,136.24,24.33,81.1,21.0,1.34,1.58
20230501,2023-05,111,48.6,8.68,76.4,15.6,1.34,1.76
20230601,2023-06,111,44.07,7.87,76.4,18.5,1.34,1.93
20230701,2023-07,111,37.77,6.74,76.4,16.0,1.34,2.07
20230801,2023-08,111,30.71,5.48,76.4,23.0,1.34,2.18
20230901,2023-09,111,29.78,5.32,76.4,21.0,1.34,2.29
20231001,2023-10,111,11.65,2.08,70.8,16.4,1.34,2.34
20231101,2023-11,111,10.29,1.84,70.8,10.6,1.34,2.37
20231201,2023-12,111,11.58,2.07,70.8,14.1,1.34,2.42
20240101,2024-01,111,11.02,1.97,70.8,22.2,1.34,2.46
20240201,2024-02,111,11.43,2.04,70.8,16.0,1.34,2.5
20240301,2024-03,111,9.69,1.73,70.8,12.6,1.34,2.54
20240401,2024-04,111,10.31,1.84,70.8,19.4,1.34,2.58
20240501,2024-05,111,9.36,1.67,70.8,10.8,1.34,2.61
20240601,2024-06,111,11.71,2.09,70.8,22.1,1.34,2.65
20240701,2024-07,111,10.84,1.94,70.8,12.9,1.34,2.69
20240801,2024-08,111,9.24,1.65,70.8,23.2,1.34,2.73
20240901,2024-09,111,9.45,1.69,70.8,21.5,1.34,2.76
20241001,2024-10,111,10.94,1.95,70.8,15.0,1.34,2.81
20241101,2024-11,111,10.25,1.83,70.8,21.2,1.34,2.84
20241201,2024-12,111,11.56,2.06,70.8,12.5,1.34,2.89
20250101,2025-01,111,10.49,1.87,70.8,15.5,1.34,2.93
20250201,2025-02,111,9.7,1.73,70.8,18.4,1.34,2.96
20250301,2025-03,111,10.47,1.87,70.8,9.3,1.34,3.0
20250401,2025-04,111,9.9,1.77,70.8,23.2,1.34,3.04
20250501,2025-05,111,10.04,1.79,70.8,13.4,1.34,3.07
20250601,2025-06,111,11.27,2.01,70.8,8.9,1.34,3.12
20250701,2025-07,111,10.13,1.81,70.8,23.4,1.34,3.15
20250801,2025-08,111,12.1,2.16,70.8,9.9,1.34,3.2
20250901,2025-09,111,9.64,1.72,70.8,11.7,1.34,3.24
20251001,2025-10,111,10.35,1.85,70.8,16.9,1.34,3.27
20251101,2025-11,111,11.82,2.11,70.8,13.2,1.34,3.32
20251201,2025-12,111,9.7,1.73,70.8,15.8,1.34,3.35
20241101,2024-11,112,132.09,73.38,81.4,15.1,0.95,0.7
20241201,2024-12,112,63.8,35.44,79.4,14.7,0.95,1.03
20250101,2025-01,112,22.97,12.76,74.6,17.8,0.95,1.16
20250201,2025-02,112,25.92,14.4,74.6,14.7,0.95,1.29
20250301,2025-03,112,20.0,11.11,74.6,12.5,0.95,1.4
20250401,2025-04,112,17.61,9.78,74.6,16.6,0.95,1.49
20250501,2025-05,112,13.73,7.63,74.6,15.7,0.95,1.56
20250601,2025-06,112,4.31,2.39,69.5,22.1,0.95,1.59
20250701,2025-07,112,4.89,2.72,69.5,21.7,0.95,1.61
20250801,2025-08,112,4.64,2.58,69.5,20.1,0.95,1.64
20250901,2025-09,112,5.23,2.91,69.5,9.2,0.95,1.66
20251001,2025-10,112,5.15,2.86,69.5,15.3,0.95,1.69
20251101,2025-11,112,4.2,2.33,69.5,20.5,0.95,1.71
20251201,2025-12,112,4.55,2.53,69.5,20.9,0.95,1.74
20230201,2023-02,113,93.86,7.33,90.8,10.2,0.38,1.23
20230301,2023-03,113,60.34,4.71,87.1,9.7,0.38,2.03
20230401,2023-04,113,19.79,1.55,78.4,11.6,0.38,2.29
20230501,2023-05,113,16.97,1.33,78.4,20.9,0.38,2.51
20230601,2023-06,113,12.23,0.96,78.4,9.0,0.38,2.67
20230701,2023-07,113,11.05,0.86,78.4,21.4,0.38,2.81
20230801,2023-08,113,11.09,0.87,78.4,9.7,0.38,2.96
20230901,2023-09,113,4.2,0.33,72.3,17.3,0.38,3.02
20231001,2023-10,113,5.3,0.41,72.3,18.0,0.38,3.09
20231101,2023-11,113,4.29,0.34,72.3,14.7,0.38,3.14
20231201,2023-12,113,4.26,0.33,72.3,21.3,0.38,3.2
20240101,2024-01,113,4.07,0.32,72.3,22.4,0.38,3.25
20240201,2024-02,113,4.97,0.39,72.3,11.3,0.38,3.32
20240301,2024-03,113,5.35,0.42,72.3,18.6,0.38,3.39
20240401,2024-04,113,5.38,0.42,72.3,16.4,0.38,3.46
20240501,2024-05,113,4.07,0.32,72.3,10.1,0.38,3.51
20240601,2024-06,113,4.43,0.35,72.3,10.6,0.38,3.57
20240701,2024-07,113,5.47,0.43,72.3,18.7,0.38,3.64
20240801,2024-08,113,4.09,0.32,72.3,8.1,0.38,3.69
20240901,2024-09,113,5.27,0.41,72.3,10.9,0.38,3.76
20241001,2024-10,113,4.15,0.32,72.3,10.7,0.38,3.82
20241101,2024-11,113,5.41,0.42,72.3,21.8,0.38,3.89
20241201,2024-12,113,4.34,0.34,72.3,22.9,0.38,3.95
20250101,2025-01,113,4.93,0.39,72.3,9.3,0.38,4.01
20250201,2025-02,113,4.29,0.34,72.3,13.0,0.38,4.07
20250301,2025-03,113,5.39,0.42,72.3,22.7,0.38,4.14
20250401,2025-04,113,5.37,0.42,72.3,21.1,0.38,4.21
20250501,2025-05,113,4.49,0.35,72.3,18.7,0.38,4.27
20250601,2025-06,113,4.26,0.33,72.3,22.2,0.38,4.32
20250701,2025-07,113,4.32,0.34,72.3,10.2,0.38,4.38
20250801,2025-08,113,4.35,0.34,72.3,8.8,0.38,4.44
20250901,2025-09,113,4.18,0.33,72.3,19.8,0.38,4.49
20251001,2025-10,113,4.48,0.35,72.3,14.2,0.38,4.55
20251101,2025-11,113,4.93,0.39,72.3,23.9,0.38,4.62
20251201,2025-12,113,4.69,0.37,72.3,13.3,0.38,4.68
20250901,2025-09,114,109.92,15.27,80.8,19.2,0.57,0.96
20251001,2025-10,114,46.12,6.41,76.6,22.8,0.57,1.36
20251101,2025-11,114,16.81,2.33,75.6,16.0,0.57,1.51
20251201,2025-12,114,15.61,2.17,75.6,11.1,0.57,1.65
20231001,2023-10,115,95.98,7.5,84.2,11.0,0.21,2.24
20231101,2023-11,115,51.17,4.0,82.7,16.3,0.21,3.44
20231201,2023-12,115,20.01,1.56,80.4,9.8,0.21,3.91
20240101,2024-01,115,15.03,1.17,80.4,16.3,0.21,4.26
20240201,2024-02,115,12.81,1.0,80.4,10.5,0.21,4.56
20240301,2024-03,115,10.27,0.8,80.4,9.1,0.21,4.8
20240401,2024-04,115,11.3,0.88,80.4,15.4,0.21,5.06
20240501,2024-05,115,5.69,0.44,73.8,17.7,0.21,5.2
20240601,2024-06,115,4.88,0.38,73.8,16.6,0.21,5.31
20240701,2024-07,115,6.22,0.49,73.8,15.2,0.21,5.46
20240801,2024-08,115,4.82,0.38,73.8,11.8,0.21,5.57
20240901,2024-09,115,5.32,0.42,73.8,17.1,0.21,5.69
20241001,2024-10,115,6.09,0.48,73.8,19.7,0.21,5.83
20241101,2024-11,115,4.97,0.39,73.8,14.7,0.21,5.95
20241201,2024-12,115,5.12,0.4,73.8,10.3,0.21,6.07
20250101,2025-01,115,5.36,0.42,73.8,17.1,0.21,6.2
20250201,2025-02,115,5.25,0.41,73.8,21.2,0.21,6.32
20250301,2025-03,115,4.65,0.36,73.8,18.2,0.21,6.43
20250401,2025-04,115,6.09,0.48,73.8,13.3,0.21,6.57
20250501,2025-05,115,5.97,0.47,73.8,12.3,0.21,6.71
20250601,2025-06,115,6.09,0.48,73.8,12.4,0.21,6.85
20250701,2025-07,115,4.73,0.37,73.8,10.6,0.21,6.96
20250801,2025-08,115,6.26,0.49,73.8,21.6,0.21,7.11
20250901,2025-09,115,4.99,0.39,73.8,17.3,0.21,7.23
20251001,2025-10,115,5.42,0.42,73.8,9.5,0.21,7.35
20251101,2025-11,115,4.79,0.37,73.8,21.2,0.21,7.46
20251201,2025-12,115,5.57,0.44,73.8,10.1,0.21,7.59
20241101,2024-11,116,128.59,10.05,87.1,10.3,0.43,1.49
20241201,2024-12,116,64.15,5.01,85.4,21.8,0.43,2.24
20250101,2025-01,116,23.73,1.85,77.4,23.8,0.43,2.51
20250201,2025-02,116,24.01,1.88,77.4,17.3,0.43,2.79
20250301,2025-03,116,16.83,1.31,77.4,11.0,0.43,2.99
20250401,2025-04,116,16.15,1.26,77.4,13.7,0.43,3.18
20250501,2025-05,116,13.88,1.08,77.4,9.1,0.43,3.34
20250601,2025-06,116,5.9,0.46,71.5,11.4,0.43,3.41
20250701,2025-07,116,5.26,0.41,71.5,17.9,0.43,3.47
20250801,2025-08,116,6.33,0.49,71.5,20.3,0.43,3.54
20250901,2025-09,116,5.83,0.46,71.5,21.8,0.43,3.61
20251001,2025-10,116,5.94,0.46,71.5,15.2,0.43,3.68
20251101,2025-11,116,5.53,0.43,71.5,12.8,0.43,3.74
20251201,2025-12,116,5.44,0.42,71.5,21.5,0.43,3.8
20240101,2024-01,117,29.75,5.31,89.9,12.4,0.13,1.12
20240201,2024-02,117,16.23,2.9,82.4,10.1,0.13,1.72
20240301,2024-03,117,7.3,1.3,76.0,12.8,0.13,2.0
20240401,2024-04,117,5.76,1.03,76.0,17.7,0.13,2.21
20240501,2024-05,117,4.3,0.77,76.0,13.1,0.13,2.38
20240601,2024-06,117,3.93,0.7,76.0,21.1,0.13,2.52
20240701,2024-07,117,3.37,0.6,76.0,11.4,0.13,2.65
20240801,2024-08,117,1.28,0.23,70.5,20.8,0.13,2.7
20240901,2024-09,117,1.4,0.25,70.5,8.5,0.13,2.75
20241001,2024-10,117,1.25,0.22,70.5,14.6,0.13,2.8
20241101,2024-11,117,1.17,0.21,70.5,22.4,0.13,2.84
20241201,2024-12,117,1.18,0.21,70.5,17.0,0.13,2.88
20250101,2025-01,117,1.4,0.25,70.5,8.6,0.13,2.94
20250201,2025-02,117,1.14,0.2,70.5,20.2,0.13,2.98
20250301,2025-03,117,1.11,0.2,70.5,8.1,0.13,3.02
20250401,2025-04,117,1.4,0.25,70.5,23.0,0.13,3.07
20250501,2025-05,117,1.3,0.23,70.5,22.9,0.13,3.12
20250601,2025-06,117,1.35,0.24,70.5,10.4,0.13,3.17
20250701,2025-07,117,1.26,0.22,70.5,15.0,0.13,3.22
20250801,2025-08,117,1.3,0.23,70.5,23.4,0.13,3.27
20250901,2025-09,117,1.43,0.26,70.5,11.1,0.13,3.32
20251001,2025-10,117,1.28,0.23,70.5,18.3,0.13,3.37
20251101,2025-11,117,1.39,0.25,70.5,17.5,0.13,3.42
20251201,2025-12,117,1.13,0.2,70.5,10.6,0.13,3.47
20240101,2024-01,118,55.01,30.56,92.0,14.3,0.19,1.44
20240201,2024-02,118,35.29,19.61,85.5,13.2,0.19,2.36
20240301,2024-03,118,14.09,7.83,78.0,11.7,0.19,2.72
20240401,2024-04,118,9.66,5.37,78.0,9.3,0.19,2.98
20240501,2024-05,118,9.78,5.43,78.0,18.4,0.19,3.23
20240601,2024-06,118,6.72,3.73,78.0,11.4,0.19,3.41
20240701,2024-07,118,7.22,4.01,78.0,13.8,0.19,3.59
20240801,2024-08,118,2.66,1.48,72.0,11.2,0.19,3.66
20240901,2024-09,118,2.82,1.57,72.0,15.0,0.19,3.74
20241001,2024-10,118,2.88,1.6,72.0,12.6,0.19,3.81
20241101,2024-11,118,3.39,1.88,72.0,17.8,0.19,3.9
20241201,2024-12,118,2.88,1.6,72.0,15.9,0.19,3.98
20250101,2025-01,118,2.78,1.54,72.0,21.9,0.19,4.05
20250201,2025-02,118,3.37,1.87,72.0,21.4,0.19,4.14
20250301,2025-03,118,3.37,1.87,72.0,20.3,0.19,4.22
20250401,2025-04,118,3.34,1.86,72.0,19.4,0.19,4.31
20250501,2025-05,118,2.72,1.51,72.0,11.5,0.19,4.38
20250601,2025-06,118,3.03,1.68,72.0,13.2,0.19,4.46
20250701,2025-07,118,2.86,1.59,72.0,10.3,0.19,4.54
20250801,2025-08,118,3.0,1.67,72.0,17.8,0.19,4.61
20250901,2025-09,118,2.78,1.54,72.0,18.0,0.19,4.69
20251001,2025-10,118,3.09,1.72,72.0,14.5,0.19,4.77
20251101,2025-11,118,3.16,1.76,72.0,16.4,0.19,4.85
20251201,2025-12,118,3.43,1.91,72.0,22.6,0.19,4.94
20241201,2024-12,119,114.44,11.92,87.3,11.3,0.49,1.16
20250101,2025-01,119,68.85,7.17,78.9,8.2,0.49,1.85
20250201,2025-02,119,23.76,2.47,75.4,19.6,0.49,2.09
20250301,2025-03,119,18.83,1.96,75.4,18.9,0.49,2.28
20250401,2025-04,119,17.9,1.86,75.4,17.0,0.49,2.47
20250501,2025-05,119,13.62,1.42,75.4,13.1,0.49,2.6
20250601,2025-06,119,10.53,1.1,75.4,23.7,0.49,2.71
20250701,2025-07,119,4.35,0.45,70.0,14.8,0.49,2.75
20250801,2025-08,119,4.33,0.45,70.0,21.2,0.49,2.8
20250901,2025-09,119,4.55,0.47,70.0,22.7,0.49,2.84
20251001,2025-10,119,4.21,0.44,70.0,13.1,0.49,2.89
20251101,2025-11,119,3.79,0.39,70.0,21.0,0.49,2.92
20251201,2025-12,119,4.14,0.43,70.0,10.8,0.49,2.97
20230601,2023-06,120,182.39,20.73,80.7,8.8,1.04,0.88
20230701,2023-07,120,99.54,11.31,76.4,16.0,1.04,1.35
20230801,2023-08,120,29.46,3.35,73.6,20.0,1.04,1.49
20230901,2023-09,120,24.22,2.75,73.6,14.9,1.04,1.61
20231001,2023-10,120,24.36,2.77,73.6,11.5,1.04,1.73
20231101,2023-11,120,20.49,2.33,73.6,14.0,1.04,1.83
20231201,2023-12,120,15.86,1.8,73.6,18.2,1.04,1.9
20240101,2024-01,120,5.05,0.57,68.7,11.1,1.04,1.93
20240201,2024-02,120,5.41,0.61,68.7,8.7,1.04,1.95
20240301,2024-03,120,5.22,0.59,68.7,19.8,1.04,1.98
20240401,2024-04,120,5.38,0.61,68.7,18.8,1.04,2.0
20240501,2024-05,120,4.6,0.52,68.7,12.8,1.04,2.03
20240601,2024-06,120,4.66,0.53,68.7,12.9,1.04,2.05
20240701,2024-07,120,4.49,0.51,68.7,10.8,1.04,2.07
20240801,2024-08,120,4.99,0.57,68.7,23.7,1.04,2.09
20240901,2024-09,120,5.33,0.61,68.7,11.8,1.04,2.12
20241001,2024-10,120,5.23,0.59,68.7,11.3,1.04,2.14
20241101,2024-11,120,4.91,0.56,68.7,8.3,1.04,2.17
20241201,2024-12,120,5.25,0.6,68.7,9.2,1.04,2.19
20250101,2025-01,120,4.65,0.53,68.7,12.2,1.04,2.22
20250201,2025-02,120,5.19,0.59,68.7,15.8,1.04,2.24
20250301,2025-03,120,5.83,0.66,68.7,20.0,1.04,2.27
20250401,2025-04,120,5.35,0.61,68.7,21.1,1.04,2.29
20250501,2025-05,120,5.35,0.61,68.7,19.6,1.04,2.32
20250601,2025-06,120,4.6,0.52,68.7,11.2,1.04,2.34
20250701,2025-07,120,4.48,0.51,68.7,20.9,1.04,2.36
20250801,2025-08,120,5.57,0.63,68.7,12.3,1.04,2.39
20250901,2025-09,120,5.21,0.59,68.7,11.8,1.04,2.41
20251001,2025-10,120,5.38,0.61,68.7,10.5,1.04,2.44
20251101,2025-11,120,4.98,0.57,68.7,12.4,1.04,2.46
20251201,2025-12,120,5.71,0.65,68.7,17.3,1.04,2.49
20230701,2023-07,121,120.32,21.49,89.8,14.2,0.3,1.99
20230801,2023-08,121,54.83,9.79,83.3,16.6,0.3,2.89
20230901,2023-09,121,24.08,4.3,78.8,13.9,0.3,3.29
20231001,2023-10,121,20.85,3.72,78.8,20.6,0.3,3.63
20231101,2023-11,121,16.01,2.86,78.8,10.7,0.3,3.9
20231201,2023-12,121,13.1,2.34,78.8,20.6,0.3,4.12
20240101,2024-01,121,10.52,1.88,78.8,11.8,0.3,4.29
20240201,2024-02,121,5.58,1.0,72.6,22.6,0.3,4.38
20240301,2024-03,121,4.88,0.87,72.6,16.8,0.3,4.46
20240401,2024-04,121,6.08,1.09,72.6,14.3,0.3,4.56
20240501,2024-05,121,4.91,0.88,72.6,19.2,0.3,4.64
20240601,2024-06,121,6.07,1.08,72.6,8.5,0.3,4.74
20240701,2024-07,121,6.44,1.15,72.6,11.5,0.3,4.85
20240801,2024-08,121,5.19,0.93,72.6,20.3,0.3,4.94
20240901,2024-09,121,5.69,1.02,72.6,17.2,0.3,5.03
20241001,2024-10,121,5.74,1.02,72.6,22.2,0.3,5.12
20241101,2024-11,121,6.25,1.12,72.6,12.5,0.3,5.23
20241201,2024-12,121,5.62,1.0,72.6,16.8,0.3,5.32
20250101,2025-01,121,6.05,1.08,72.6,15.7,0.3,5.42
20250201,2025-02,121,6.36,1.14,72.6,23.5,0.3,5.53
20250301,2025-03,121,5.87,1.05,72.6,21.3,0.3,5.62
20250401,2025-04,121,6.1,1.09,72.6,22.8,0.3,5.72
20250501,2025-05,121,5.22,0.93,72.6,16.9,0.3,5.81
20250601,2025-06,121,5.81,1.04,72.6,16.9,0.3,5.9
20250701,2025-07,121,4.99,0.89,72.6,8.9,0.3,5.99
20250801,2025-08,121,5.19,0.93,72.6,17.6,0.3,6.07
20250901,2025-09,121,5.88,1.05,72.6,12.7,0.3,6.17
20251001,2025-10,121,6.28,1.12,72.6,14.9,0.3,6.27
20251101,2025-11,121,4.95,0.88,72.6,20.9,0.3,6.36
20251201,2025-12,121,4.82,0.86,72.6,8.6,0.3,6.44
20220701,2022-07,122,114.86,63.81,85.5,20.6,0.45,1.27
20220801,2022-08,122,63.09,35.05,81.6,10.7,0.45,1.97
20220901,2022-09,122,24.44,13.58,76.0,12.7,0.45,2.23
20221001,2022-10,122,17.25,9.58,76.0,19.7,0.45,2.43
20221101,2022-11,122,16.59,9.22,76.0,22.6,0.45,2.61
20221201,2022-12,122,14.75,8.19,76.0,16.1,0.45,2.77
20230101,2023-01,122,10.38,5.77,76.0,14.9,0.45,2.89
20230201,2023-02,122,4.1,2.28,70.5,11.9,0.45,2.93
20230301,2023-03,122,4.27,2.37,70.5,16.7,0.45,2.98
20230401,2023-04,122,3.95,2.19,70.5,22.9,0.45,3.02
20230501,2023-05,122,4.92,2.73,70.5,21.8,0.45,3.08
20230601,2023-06,122,3.95,2.19,70.5,22.8,0.45,3.12
20230701,2023-07,122,4.35,2.42,70.5,18.1,0.45,3.17
20230801,2023-08,122,4.97,2.76,70.5,20.9,0.45,3.22
20230901,2023-09,122,4.19,2.33,70.5,8.4,0.45,3.27
20231001,2023-10,122,3.8,2.11,70.5,23.4,0.45,3.31
20231101,2023-11,122,5.02,2.79,70.5,15.6,0.45,3.37
20231201,2023-12,122,4.3,2.39,70.5,11.8,0.45,3.41
20240101,2024-01,122,4.52,2.51,70.5,15.1,0.45,3.46
20240201,2024-02,122,5.0,2.78,70.5,17.8,0.45,3.52
20240301,2024-03,122,4.4,2.44,70.5,12.0,0.45,3.57
20240401,2024-04,122,4.83,2.68,70.5,16.0,0.45,3.62
20240501,2024-05,122,4.63,2.57,70.5,21.1,0.45,3.67
20240601,2024-06,122,4.74,2.63,70.5,16.6,0.45,3.72
20240701,2024-07,122,3.79,2.11,70.5,23.2,0.45,3.77
20240801,2024-08,122,3.81,2.12,70.5,23.8,0.45,3.81
20240901,2024-09,122,3.87,2.15,70.5,18.2,0.45,3.85
20241001,2024-10,122,4.41,2.45,70.5,8.7,0.45,3.9
20241101,2024-11,122,3.77,2.09,70.5,8.7,0.45,3.94
20241201,2024-12,122,4.86,2.7,70.5,21.8,0.45,4.0
20250101,2025-01,122,4.46,2.48,70.5,10.3,0.45,4.04
20250201,2025-02,122,4.86,2.7,70.5,23.0,0.45,4.1
20250301,2025-03,122,4.91,2.73,70.5,20.2,0.45,4.15
20250401,2025-04,122,5.01,2.78,70.5,23.8,0.45,4.21
20250501,2025-05,122,4.02,2.23,70.5,21.4,0.45,4.25
20250601,2025-06,122,4.98,2.77,70.5,20.9,0.45,4.31
20250701,2025-07,122,4.76,2.64,70.5,12.1,0.0,4.36
20250801,2025-08,122,4.3,2.39,70.5,20.0,0.0,4.41
20250901,2025-09,122,4.82,2.68,70.5,14.3,0.0,4.46
20251001,2025-10,122,3.76,2.09,70.5,11.1,0.0,4.5
20251101,2025-11,122,4.75,2.64,70.5,16.1,0.0,4.55
20251201,2025-12,122,4.9,2.72,70.5,19.7,0.0,4.61
20220801,2022-08,123,56.5,11.77,84.6,16.4,0.21,1.32
20220901,2022-09,123,26.12,5.44,84.9,19.7,0.21,1.93
20221001,2022-10,123,11.24,2.34,75.8,11.1,0.21,2.19
20221101,2022-11,123,9.33,1.94,75.8,18.6,0.21,2.41
20221201,2022-12,123,6.61,1.38,75.8,15.9,0.21,2.57
20230101,2023-01,123,6.33,1.32,75.8,22.7,0.21,2.71
20230201,2023-02,123,5.51,1.15,75.8,17.3,0.21,2.84
20230301,2023-03,123,1.76,0.37,70.3,19.6,0.21,2.88
20230401,2023-04,123,1.89,0.39,70.3,13.0,0.21,2.93
20230501,2023-05,123,2.07,0.43,70.3,16.6,0.21,2.98
20230601,2023-06,123,1.95,0.41,70.3,23.0,0.21,3.02
20230701,2023-07,123,1.69,0.35,70.3,23.1,0.21,3.06
20230801,2023-08,123,2.27,0.47,70.3,11.4,0.21,3.12
20230901,2023-09,123,1.98,0.41,70.3,8.8,0.21,3.16
20231001,2023-10,123,1.81,0.38,70.3,10.5,0.21,3.2
20231101,2023-11,123,2.27,0.47,70.3,9.8,0.21,3.26
20231201,2023-12,123,1.79,0.37,70.3,21.5,0.21,3.3
20240101,2024-01,123,1.9,0.4,70.3,20.1,0.21,3.34
20240201,2024-02,123,1.98,0.41,70.3,11.7,0.21,3.39
20240301,2024-03,123,2.25,0.47,70.3,15.1,0.21,3.44
20240401,2024-04,123,1.87,0.39,70.3,17.3,0.21,3.49
20240501,2024-05,123,2.16,0.45,70.3,16.0,0.21,3.54
20240601,2024-06,123,1.75,0.36,70.3,21.8,0.21,3.58
20240701,2024-07,123,1.82,0.38,70.3,9.2,0.21,3.62
20240801,2024-08,123,1.7,0.35,70.3,8.1,0.21,3.66
20240901,2024-09,123,2.26,0.47,70.3,23.3,0.21,3.71
20241001,2024-10,123,1.91,0.4,70.3,11.3,0.21,3.76
20241101,2024-11,123,2.15,0.45,70.3,16.5,0.21,3.81
20241201,2024-12,123,1.99,0.41,70.3,23.3,0.21,3.85
20250101,2025-01,123,1.76,0.37,70.3,19.3,0.21,3.9
20250201,2025-02,123,2.12,0.44,70.3,22.2,0.21,3.94
20250301,2025-03,123,2.11,0.44,70.3,19.9,0.21,3.99
20250401,2025-04,123,2.06,0.43,70.3,10.8,0.21,4.04
20250501,2025-05,123,1.91,0.4,70.3,14.5,0.21,4.09
20250601,2025-06,123,1.98,0.41,70.3,21.0,0.21,4.13
20250701,2025-07,123,1.72,0.36,70.3,14.6,0.21,4.17
20250801,2025-08,123,2.21,0.46,70.3,12.7,0.0,4.22
20250901,2025-09,123,1.93,0.4,70.3,10.9,0.0,4.27
20251001,2025-10,123,1.87,0.39,70.3,19.5,0.0,4.31
20251101,2025-11,123,1.98,0.41,70.3,15.6,0.0,4.36
20251201,2025-12,123,1.97,0.41,70.3,22.5,0.0,4.41
20210801,2021-08,124,120.49,66.94,86.8,20.7,0.42,1.43
20210901,2021-09,124,66.88,37.16,79.5,12.8,0.42,2.22
20211001,2021-10,124,19.09,10.61,76.2,11.8,0.42,2.44
20211101,2021-11,124,19.26,10.7,76.2,9.7,0.42,2.67
20211201,2021-12,124,17.13,9.52,76.2,21.0,0.42,2.88
20220101,2022-01,124,14.81,8.23,76.2,13.5,0.42,3.05
20220201,2022-02,124,10.82,6.01,76.2,8.9,0.42,3.18
20220301,2022-03,124,4.87,2.71,70.7,15.6,0.42,3.24
20220401,2022-04,124,4.69,2.61,70.7,15.4,0.42,3.29
20220501,2022-05,124,4.07,2.26,70.7,12.5,0.42,3.34
20220601,2022-06,124,4.28,2.38,70.7,20.4,0.42,3.39
20220701,2022-07,124,4.71,2.62,70.7,10.8,0.42,3.45
20220801,2022-08,124,3.81,2.12,70.7,16.4,0.42,3.49
20220901,2022-09,124,4.36,2.42,70.7,23.8,0.42,3.54
20221001,2022-10,124,3.8,2.11,70.7,13.0,0.42,3.59
20221101,2022-11,124,4.92,2.73,70.7,11.3,0.42,3.65
20221201,2022-12,124,3.72,2.07,70.7,13.8,0.42,3.69
20230101,2023-01,124,4.54,2.52,70.7,16.6,0.42,3.75
20230201,2023-02,124,4.77,2.65,70.7,11.2,0.42,3.8
20230301,2023-03,124,4.55,2.53,70.7,10.4,0.42,3.86
20230401,2023-04,124,3.92,2.18,70.7,23.2,0.42,3.9
20230501,2023-05,124,4.44,2.47,70.7,11.7,0.42,3.95
20230601,2023-06,124,3.76,2.09,70.7,9.1,0.42,4.0
20230701,2023-07,124,4.52,2.51,70.7,20.8,0.42,4.05
20230801,2023-08,124,4.69,2.61,70.7,12.7,0.42,4.11
20230901,2023-09,124,4.88,2.71,70.7,18.5,0.42,4.17
20231001,2023-10,124,4.66,2.59,70.7,20.2,0.42,4.22
20231101,2023-11,124,3.94,2.19,70.7,18.5,0.42,4.27
20231201,2023-12,124,4.13,2.29,70.7,10.4,0.42,4.32
20240101,2024-01,124,4.2,2.33,70.7,20.0,0.42,4.37
20240201,2024-02,124,4.36,2.42,70.7,17.5,0.42,4.42
20240301,2024-03,124,4.93,2.74,70.7,23.1,0.42,4.48
20240401,2024-04,124,4.16,2.31,70.7,11.6,0.42,4.53
20240501,2024-05,124,3.72,2.07,70.7,10.8,0.42,4.57
20240601,2024-06,124,3.69,2.05,70.7,8.8,0.42,4.61
20240701,2024-07,124,4.71,2.62,70.7,16.4,0.42,4.67
20240801,2024-08,124,4.42,2.46,70.7,15.6,0.0,4.72
20240901,2024-09,124,3.76,2.09,70.7,9.5,0.0,4.77
20241001,2024-10,124,4.63,2.57,70.7,20.0,0.0,4.82
20241101,2024-11,124,3.68,2.04,70.7,17.6,0.0,4.86
20241201,2024-12,124,3.78,2.1,70.7,11.5,0.0,4.91
20250101,2025-01,124,4.78,2.66,70.7,22.5,0.0,4.97
20250201,2025-02,124,3.88,2.16,70.7,14.0,0.0,5.01
20250301,2025-03,124,4.7,2.61,70.7,19.5,0.0,5.07
20250401,2025-04,124,3.92,2.18,70.7,17.2,0.0,5.11
20250501,2025-05,124,4.15,2.31,70.7,23.5,0.0,5.16
20250601,2025-06,124,3.94,2.19,70.7,13.8,0.0,5.21
20250701,2025-07,124,4.12,2.29,70.7,12.0,0.0,5.26
20250801,2025-08,124,4.63,2.57,70.7,17.6,0.0,5.31
20250901,2025-09,124,4.67,2.59,70.7,15.5,0.0,5.37
20251001,2025-10,124,4.4,2.44,70.7,10.0,0.0,5.42
20251101,2025-11,124,3.75,2.08,70.7,12.6,0.0,5.47
20251201,2025-12,124,4.35,2.42,70.7,11.4,0.0,5.52
20230101,2023-01,125,173.76,36.2,89.3,17.6,0.69,1.26
20230201,2023-02,125,85.34,17.78,80.1,14.1,0.69,1.88
20230301,2023-03,125,37.86,7.89,78.4,20.5,0.69,2.16
20230401,2023-04,125,33.86,7.05,78.4,17.7,0.69,2.4
20230501,2023-05,125,23.57,4.91,78.4,22.0,0.69,2.57
20230601,2023-06,125,19.62,4.09,78.4,8.1,0.69,2.71
20230701,2023-07,125,19.89,4.14,78.4,19.9,0.69,2.86
20230801,2023-08,125,8.24,1.72,72.3,17.6,0.69,2.92
20230901,2023-09,125,7.4,1.54,72.3,12.8,0.69,2.97
20231001,2023-10,125,8.54,1.78,72.3,18.3,0.69,3.03
20231101,2023-11,125,9.71,2.02,72.3,19.7,0.69,3.1
20231201,2023-12,125,8.12,1.69,72.3,17.4,0.69,3.16
20240101,2024-01,125,8.26,1.72,72.3,23.5,0.69,3.22
20240201,2024-02,125,9.88,2.06,72.3,18.9,0.69,3.3
20240301,2024-03,125,9.39,1.96,72.3,10.0,0.69,3.36
20240401,2024-04,125,9.37,1.95,72.3,15.1,0.69,3.43
20240501,2024-05,125,8.55,1.78,72.3,22.7,0.69,3.49
20240601,2024-06,125,7.37,1.54,72.3,21.1,0.69,3.55
20240701,2024-07,125,9.25,1.93,72.3,22.8,0.69,3.61
20240801,2024-08,125,9.73,2.03,72.3,19.4,0.69,3.68
20240901,2024-09,125,8.83,1.84,72.3,22.8,0.69,3.75
20241001,2024-10,125,8.04,1.67,72.3,11.1,0.69,3.81
20241101,2024-11,125,9.56,1.99,72.3,13.4,0.69,3.88
20241201,2024-12,125,7.37,1.54,72.3,12.1,0.69,3.93
20250101,2025-01,125,9.73,2.03,72.3,12.1,0.69,4.0
20250201,2025-02,125,9.5,1.98,72.3,21.7,0.69,4.07
20250301,2025-03,125,7.36,1.53,72.3,15.4,0.69,4.12
20250401,2025-04,125,7.98,1.66,72.3,13.7,0.69,4.18
20250501,2025-05,125,9.62,2.0,72.3,11.0,0.69,4.25
20250601,2025-06,125,8.18,1.7,72.3,13.4,0.69,4.31
20250701,2025-07,125,8.16,1.7,72.3,23.0,0.69,4.37
20250801,2025-08,125,8.67,1.81,72.3,17.3,0.69,4.43
20250901,2025-09,125,9.49,1.98,72.3,22.7,0.69,4.5
20251001,2025-10,125,7.8,1.62,72.3,13.6,0.69,4.56
20251101,2025-11,125,8.14,1.7,72.3,15.0,0.69,4.62
20251201,2025-12,125,8.73,1.82,72.3,17.8,0.69,4.68
20250701,2025-07,126,97.77,15.28,83.8,8.3,0.29,1.66
20250801,2025-08,126,55.56,8.68,72.5,9.0,0.29,2.6
20250901,2025-09,126,19.95,3.12,77.4,22.9,0.29,2.94
20251001,2025-10,126,16.61,2.6,77.4,12.2,0.29,3.22
20251101,2025-11,126,12.99,2.03,77.4,23.4,0.29,3.45
20251201,2025-12,126,9.84,1.54,77.4,11.7,0.29,3.61
20230801,2023-08,127,80.4,7.18,85.9,16.9,0.43,0.93
20230901,2023-09,127,37.29,3.33,80.3,9.3,0.43,1.36
20231001,2023-10,127,15.25,1.36,75.8,14.2,0.43,1.53
20231101,2023-11,127,13.88,1.24,75.8,19.3,0.43,1.69
20231201,2023-12,127,10.91,0.97,75.8,23.4,0.43,1.82
20240101,2024-01,127,8.5,0.76,75.8,10.3,0.43,1.92
20240201,2024-02,127,6.8,0.61,75.8,20.7,0.43,2.0
20240301,2024-03,127,2.57,0.23,70.3,9.2,0.43,2.03
20240401,2024-04,127,2.52,0.22,70.3,15.7,0.43,2.06
20240501,2024-05,127,2.81,0.25,70.3,20.0,0.43,2.09
20240601,2024-06,127,2.57,0.23,70.3,21.0,0.43,2.12
20240701,2024-07,127,3.08,0.27,70.3,22.1,0.43,2.15
20240801,2024-08,127,3.23,0.29,70.3,13.8,0.43,2.19
20240901,2024-09,127,3.04,0.27,70.3,23.8,0.43,2.23
20241001,2024-10,127,3.1,0.28,70.3,13.2,0.43,2.26
20241101,2024-11,127,3.18,0.28,70.3,9.9,0.43,2.3
20241201,2024-12,127,2.59,0.23,70.3,12.7,0.43,2.33
20250101,2025-01,127,3.36,0.3,70.3,18.0,0.43,2.37
20250201,2025-02,127,2.91,0.26,70.3,11.0,0.43,2.4
20250301,2025-03,127,2.49,0.22,70.3,23.2,0.43,2.43
20250401,2025-04,127,2.7,0.24,70.3,23.7,0.43,2.46
20250501,2025-05,127,3.04,0.27,70.3,18.3,0.43,2.49
20250601,2025-06,127,2.96,0.26,70.3,23.4,0.43,2.53
20250701,2025-07,127,3.25,0.29,70.3,19.0,0.43,2.57
20250801,2025-08,127,3.01,0.27,70.3,18.7,0.43,2.6
20250901,2025-09,127,3.26,0.29,70.3,10.2,0.43,2.64
20251001,2025-10,127,3.26,0.29,70.3,18.3,0.43,2.68
20251101,2025-11,127,2.7,0.24,70.3,18.3,0.43,2.71
20251201,2025-12,127,2.8,0.25,70.3,23.5,0.43,2.74
20230201,2023-02,128,123.07,15.38,83.2,17.6,0.8,0.77
20230301,2023-03,128,80.97,10.12,81.1,16.0,0.8,1.28
20230401,2023-04,128,32.31,4.04,74.2,19.2,0.8,1.48
20230501,2023-05,128,27.35,3.42,74.2,9.5,0.8,1.65
20230601,2023-06,128,23.76,2.97,74.2,8.9,0.8,1.8
20230701,2023-07,128,16.2,2.02,74.2,17.7,0.8,1.9
20230801,2023-08,128,15.74,1.97,74.2,19.6,0.8,2.0
20230901,2023-09,128,4.95,0.62,69.2,17.4,0.8,2.03
20231001,2023-10,128,4.02,0.5,69.2,11.5,0.8,2.06
20231101,2023-11,128,4.65,0.58,69.2,19.2,0.8,2.09
20231201,2023-12,128,4.06,0.51,69.2,22.8,0.8,2.11
20240101,2024-01,128,4.22,0.53,69.2,22.1,0.8,2.14
20240201,2024-02,128,4.78,0.6,69.2,16.8,0.8,2.17
20240301,2024-03,128,5.29,0.66,69.2,23.0,0.8,2.2
20240401,2024-04,128,4.9,0.61,69.2,9.1,0.8,2.23
20240501,2024-05,128,5.27,0.66,69.2,16.2,0.8,2.27
20240601,2024-06,128,4.57,0.57,69.2,22.1,0.8,2.3
20240701,2024-07,128,5.15,0.64,69.2,11.6,0.8,2.33
20240801,2024-08,128,5.31,0.66,69.2,12.2,0.8,2.36
20240901,2024-09,128,4.37,0.55,69.2,23.9,0.8,2.39
20241001,2024-10,128,4.62,0.58,69.2,10.7,0.8,2.42
20241101,2024-11,128,4.98,0.62,69.2,10.7,0.8,2.45
20241201,2024-12,128,4.51,0.56,69.2,15.3,0.8,2.48
20250101,2025-01,128,4.72,0.59,69.2,11.0,0.8,2.51
20250201,2025-02,128,5.17,0.65,69.2,12.5,0.8,2.54
20250301,2025-03,128,4.89,0.61,69.2,11.5,0.8,2.57
20250401,2025-04,128,4.41,0.55,69.2,23.8,0.8,2.6
20250501,2025-05,128,4.72,0.59,69.2,11.3,0.8,2.63
20250601,2025-06,128,4.66,0.58,69.2,10.5,0.8,2.66
20250701,2025-07,128,5.25,0.66,69.2,18.4,0.8,2.69
20250801,2025-08,128,4.46,0.56,69.2,14.6,0.8,2.72
20250901,2025-09,128,4.93,0.62,69.2,23.8,0.8,2.75
20251001,2025-10,128,5.11,0.64,69.2,19.0,0.8,2.78
20251101,2025-11,128,5.31,0.66,69.2,16.2,0.8,2.81
20251201,2025-12,128,5.19,0.65,69.2,24.0,0.8,2.85
20250801,2025-08,129,186.27,14.55,86.9,12.9,0.63,1.47
20250901,2025-09,129,105.47,8.24,83.2,17.9,0.63,2.3
20251001,2025-10,129,39.58,3.09,77.4,10.1,0.63,2.62
20251101,2025-11,129,34.49,2.69,77.4,23.5,0.63,2.89
20251201,2025-12,129,25.23,1.97,77.4,13.6,0.63,3.09
20220101,2022-01,130,45.43,25.24,82.9,8.7,0.22,1.05
20220201,2022-02,130,24.04,13.36,77.3,22.0,0.22,1.6
20220301,2022-03,130,7.97,4.43,77.2,14.2,0.22,1.79
20220401,2022-04,130,9.01,5.01,77.2,17.1,0.22,2.0
20220501,2022-05,130,7.06,3.92,77.2,11.1,0.22,2.16
20220601,2022-06,130,5.99,3.33,77.2,23.1,0.22,2.3
20220701,2022-07,130,5.15,2.86,77.2,22.0,0.22,2.42
20220801,2022-08,130,2.36,1.31,71.4,23.3,0.22,2.47
20220901,2022-09,130,1.96,1.09,71.4,16.1,0.22,2.51
20221001,2022-10,130,2.15,1.19,71.4,21.3,0.22,2.56
20221101,2022-11,130,1.99,1.11,71.4,13.2,0.22,2.61
20221201,2022-12,130,2.32,1.29,71.4,10.0,0.22,2.66
20230101,2023-01,130,2.16,1.2,71.4,19.5,0.22,2.71
20230201,2023-02,130,2.14,1.19,71.4,12.0,0.22,2.76
20230301,2023-03,130,2.12,1.18,71.4,21.4,0.22,2.81
20230401,2023-04,130,2.16,1.2,71.4,11.9,0.22,2.86
20230501,2023-05,130,2.26,1.26,71.4,16.3,0.22,2.91
20230601,2023-06,130,1.82,1.01,71.4,16.0,0.22,2.96
20230701,2023-07,130,2.3,1.28,71.4,11.2,0.22,3.01
20230801,2023-08,130,2.19,1.22,71.4,13.5,0.22,3.06
20230901,2023-09,130,2.14,1.19,71.4,21.5,0.22,3.11
20231001,2023-10,130,2.3,1.28,71.4,11.4,0.22,3.16
20231101,2023-11,130,2.35,1.31,71.4,15.7,0.22,3.22
20231201,2023-12,130,1.87,1.04,71.4,15.5,0.22,3.26
20240101,2024-01,130,2.22,1.23,71.4,21.5,0.22,3.31
20240201,2024-02,130,2.36,1.31,71.4,15.3,0.22,3.37
20240301,2024-03,130,1.81,1.01,71.4,17.6,0.22,3.41
20240401,2024-04,130,2.22,1.23,71.4,21.0,0.22,3.46
20240501,2024-05,130,2.1,1.17,71.4,21.6,0.22,3.51
20240601,2024-06,130,2.03,1.13,71.4,12.1,0.22,3.55
20240701,2024-07,130,2.12,1.18,71.4,18.0,0.22,3.6
20240801,2024-08,130,2.04,1.13,71.4,19.5,0.22,3.65
20240901,2024-09,130,2.22,1.23,71.4,12.5,0.22,3.7
20241001,2024-10,130,2.26,1.26,71.4,21.0,0.22,3.75
20241101,2024-11,130,1.85,1.03,71.4,10.4,0.22,3.8
20241201,2024-12,130,2.0,1.11,71.4,18.4,0.22,3.84
20250101,2025-01,130,1.93,1.07,71.4,18.1,0.0,3.89
20250201,2025-02,130,2.11,1.17,71.4,14.8,0.0,3.93
20250301,2025-03,130,1.77,0.98,71.4,23.8,0.0,3.98
20250401,2025-04,130,2.06,1.14,71.4,12.5,0.0,4.02
20250501,2025-05,130,2.12,1.18,71.4,22.7,0.0,4.07
20250601,2025-06,130,1.99,1.11,71.4,15.4,0.0,4.12
20250701,2025-07,130,2.28,1.27,71.4,10.9,0.0,4.17
20250801,2025-08,130,2.36,1.31,71.4,12.3,0.0,4.23
20250901,2025-09,130,2.2,1.22,71.4,14.3,0.0,4.28
20251001,2025-10,130,1.82,1.01,71.4,18.5,0.0,4.32
20251101,2025-11,130,2.17,1.21,71.4,11.3,0.0,4.37
20251201,2025-12,130,1.86,1.03,71.4,12.1,0.0,4.41
20250201,2025-02,131,155.07,27.69,90.7,16.8,0.64,1.21
20250301,2025-03,131,84.58,15.1,76.4,8.3,0.64,1.88
20250401,2025-04,131,38.22,6.82,77.0,11.8,0.64,2.17
20250501,2025-05,131,31.38,5.6,77.0,10.5,0.64,2.42
20250601,2025-06,131,29.37,5.24,77.0,23.6,0.64,2.65
20250701,2025-07,131,23.38,4.17,77.0,17.6,0.64,2.83
20250801,2025-08,131,20.33,3.63,77.0,21.4,0.64,2.99
20250901,2025-09,131,7.42,1.32,71.2,9.6,0.64,3.05
20251001,2025-10,131,7.16,1.28,71.2,10.6,0.64,3.11
20251101,2025-11,131,8.41,1.5,71.2,16.3,0.64,3.17
20251201,2025-12,131,8.54,1.52,71.2,20.5,0.64,3.24
20210501,2021-05,132,71.53,39.74,81.1,13.2,0.33,1.07
20210601,2021-06,132,41.42,23.01,75.0,10.3,0.33,1.69
20210701,2021-07,132,12.14,6.74,75.0,10.9,0.33,1.88
20210801,2021-08,132,10.85,6.03,75.0,11.7,0.33,2.04
20210901,2021-09,132,11.13,6.18,75.0,10.3,0.33,2.21
20211001,2021-10,132,7.84,4.36,75.0,17.4,0.33,2.32
20211101,2021-11,132,6.48,3.6,75.0,12.3,0.33,2.42
20211201,2021-12,132,2.69,1.49,69.8,16.7,0.33,2.46
20220101,2022-01,132,2.29,1.27,69.8,21.3,0.33,2.5
20220201,2022-02,132,2.29,1.27,69.8,21.8,0.33,2.53
20220301,2022-03,132,2.64,1.47,69.8,8.4,0.33,2.57
20220401,2022-04,132,2.45,1.36,69.8,10.4,0.33,2.61
20220501,2022-05,132,2.22,1.23,69.8,14.8,0.33,2.64
20220601,2022-06,132,2.23,1.24,69.8,9.9,0.33,2.67
20220701,2022-07,132,2.11,1.17,69.8,23.1,0.33,2.7
20220801,2022-08,132,2.46,1.37,69.8,12.8,0.33,2.74
20220901,2022-09,132,2.15,1.19,69.8,17.8,0.33,2.77
20221001,2022-10,132,2.12,1.18,69.8,19.0,0.33,2.81
20221101,2022-11,132,2.19,1.22,69.8,22.6,0.33,2.84
20221201,2022-12,132,2.81,1.56,69.8,18.0,0.33,2.88
20230101,2023-01,132,2.82,1.57,69.8,19.1,0.33,2.92
20230201,2023-02,132,2.27,1.26,69.8,21.1,0.33,2.96
20230301,2023-03,132,2.38,1.32,69.8,19.1,0.33,2.99
20230401,2023-04,132,2.75,1.53,69.8,17.2,0.33,3.03
20230501,2023-05,132,2.49,1.38,69.8,17.2,0.33,3.07
20230601,2023-06,132,2.78,1.54,69.8,11.8,0.33,3.11
20230701,2023-07,132,2.36,1.31,69.8,13.0,0.33,3.15
20230801,2023-08,132,2.52,1.4,69.8,8.0,0.33,3.19
20230901,2023-09,132,2.21,1.23,69.8,20.4,0.33,3.22
20231001,2023-10,132,2.31,1.28,69.8,11.7,0.33,3.25
20231101,2023-11,132,2.64,1.47,69.8,17.7,0.33,3.29
20231201,2023-12,132,2.8,1.56,69.8,19.4,0.33,3.34
20240101,2024-01,132,2.39,1.33,69.8,21.9,0.33,3.37
20240201,2024-02,132,2.24,1.24,69.8,16.7,0.33,3.4
20240301,2024-03,132,2.19,1.22,69.8,17.0,0.33,3.44
20240401,2024-04,132,2.23,1.24,69.8,19.3,0.33,3.47
20240501,2024-05,132,2.45,1.36,69.8,14.3,0.0,3.51
20240601,2024-06,132,2.77,1.54,69.8,9.7,0.0,3.55
20240701,2024-07,132,2.37,1.32,69.8,10.8,0.0,3.59
20240801,2024-08,132,2.74,1.52,69.8,16.1,0.0,3.63
20240901,2024-09,132,2.43,1.35,69.8,20.5,0.0,3.66
20241001,2024-10,132,2.6,1.44,69.8,15.3,0.0,3.7
20241101,2024-11,132,2.8,1.56,69.8,17.5,0.0,3.74
20241201,2024-12,132,2.75,1.53,69.8,13.3,0.0,3.78
20250101,2025-01,132,2.27,1.26,69.8,17.2,0.0,3.82
20250201,2025-02,132,2.42,1.34,69.8,17.8,0.0,3.86
20250301,2025-03,132,2.72,1.51,69.8,20.7,0.0,3.9
20250401,2025-04,132,2.22,1.23,69.8,18.2,0.0,3.93
20250501,2025-05,132,2.45,1.36,69.8,20.0,0.0,3.97
20250601,2025-06,132,2.56,1.42,69.8,16.8,0.0,4.0
20250701,2025-07,132,2.25,1.25,69.8,13.5,0.0,4.04
20250801,2025-08,132,2.34,1.3,69.8,15.2,0.0,4.07
20250901,2025-09,132,2.21,1.23,69.8,23.6,0.0,4.11
20251001,2025-10,132,2.18,1.21,69.8,9.0,0.0,4.14
20251101,2025-11,132,2.46,1.37,69.8,8.9,0.0,4.18
20251201,2025-12,132,2.21,1.23,69.8,9.1,0.0,4.21
20221101,2022-11,133,96.46,13.4,91.5,21.3,0.39,1.22
20221201,2022-12,133,44.01,6.11,81.1,23.9,0.39,1.78
20230101,2023-01,133,17.06,2.37,75.4,18.3,0.39,2.0
20230201,2023-02,133,14.63,2.03,75.4,20.1,0.39,2.18
20230301,2023-03,133,12.68,1.76,75.4,14.7,0.39,2.34
20230401,2023-04,133,12.18,1.69,75.4,9.4,0.39,2.5
20230501,2023-05,133,9.03,1.25,75.4,20.2,0.39,2.61
20230601,2023-06,133,3.19,0.44,70.0,14.5,0.39,2.65
20230701,2023-07,133,3.57,0.5,70.0,10.6,0.39,2.7
20230801,2023-08,133,3.16,0.44,70.0,20.6,0.39,2.74
20230901,2023-09,133,3.11,0.43,70.0,9.6,0.39,2.78
20231001,2023-10,133,3.23,0.45,70.0,10.6,0.39,2.82
20231101,2023-11,133,2.97,0.41,70.0,20.1,0.39,2.86
20231201,2023-12,133,3.76,0.52,70.0,21.5,0.39,2.9
20240101,2024-01,133,3.27,0.45,70.0,11.8,0.39,2.94
20240201,2024-02,133,3.03,0.42,70.0,18.1,0.39,2.98
20240301,2024-03,133,3.38,0.47,70.0,18.3,0.39,3.03
20240401,2024-04,133,3.76,0.52,70.0,9.8,0.39,3.07
20240501,2024-05,133,3.05,0.42,70.0,21.3,0.39,3.11
20240601,2024-06,133,3.65,0.51,70.0,12.0,0.39,3.16
20240701,2024-07,133,3.43,0.48,70.0,19.0,0.39,3.2
20240801,2024-08,133,2.98,0.41,70.0,8.5,0.39,3.24
20240901,2024-09,133,3.55,0.49,70.0,16.0,0.39,3.28
20241001,2024-10,133,3.4,0.47,70.0,13.7,0.39,3.33
20241101,2024-11,133,2.94,0.41,70.0,8.6,0.39,3.37
20241201,2024-12,133,3.6,0.5,70.0,23.6,0.39,3.41
20250101,2025-01,133,3.07,0.43,70.0,8.5,0.39,3.45
20250201,2025-02,133,3.67,0.51,70.0,22.2,0.39,3.5
20250301,2025-03,133,2.82,0.39,70.0,24.0,0.39,3.53
20250401,2025-04,133,3.24,0.45,70.0,22.9,0.39,3.57
20250501,2025-05,133,3.15,0.44,70.0,20.3,0.39,3.61
20250601,2025-06,133,3.6,0.5,70.0,15.0,0.39,3.66
20250701,2025-07,133,3.3,0.46,70.0,11.0,0.39,3.7
20250801,2025-08,133,3.52,0.49,70.0,22.4,0.39,3.75
20250901,2025-09,133,3.11,0.43,70.0,8.1,0.39,3.78
20251001,2025-10,133,2.97,0.41,70.0,17.5,0.39,3.82
20251101,2025-11,133,2.8,0.39,70.0,23.4,0.0,3.86
20251201,2025-12,133,3.26,0.45,70.0,15.0,0.0,3.9
20230501,2023-05,134,76.11,42.28,92.0,17.9,0.29,1.3
20230601,2023-06,134,48.51,26.95,84.8,22.7,0.29,2.14
20230701,2023-07,134,13.73,7.63,76.8,13.7,0.29,2.37
20230801,2023-08,134,12.89,7.16,76.8,12.8,0.29,2.59
20230901,2023-09,134,12.74,7.08,76.8,9.8,0.29,2.81
20231001,2023-10,134,9.18,5.1,76.8,18.7,0.29,2.97
20231101,2023-11,134,8.06,4.48,76.8,21.9,0.29,3.11
20231201,2023-12,134,3.83,2.13,71.1,12.6,0.29,3.17
20240101,2024-01,134,3.7,2.06,71.1,10.3,0.29,3.24
20240201,2024-02,134,3.1,1.72,71.1,14.2,0.29,3.29
20240301,2024-03,134,3.81,2.12,71.1,8.6,0.29,3.35
20240401,2024-04,134,3.62,2.01,71.1,18.4,0.29,3.42
20240501,2024-05,134,3.07,1.71,71.1,19.0,0.29,3.47
20240601,2024-06,134,3.23,1.79,71.1,22.0,0.29,3.52
20240701,2024-07,134,3.46,1.92,71.1,12.9,0.29,3.58
20240801,2024-08,134,3.33,1.85,71.1,17.0,0.29,3.64
20240901,2024-09,134,3.33,1.85,71.1,12.3,0.29,3.7
20241001,2024-10,134,3.87,2.15,71.1,16.9,0.29,3.76
20241101,2024-11,134,3.41,1.89,71.1,23.1,0.29,3.82
20241201,2024-12,134,3.16,1.76,71.1,21.6,0.29,3.88
20250101,2025-01,134,3.19,1.77,71.1,20.2,0.29,3.93
20250201,2025-02,134,3.54,1.97,71.1,20.5,0.29,3.99
20250301,2025-03,134,3.34,1.86,71.1,21.5,0.29,4.05
20250401,2025-04,134,3.89,2.16,71.1,14.0,0.29,4.12
20250501,2025-05,134,3.74,2.08,71.1,10.0,0.29,4.18
20250601,2025-06,134,3.52,1.96,71.1,10.4,0.29,4.24
20250701,2025-07,134,3.78,2.1,71.1,20.8,0.29,4.31
20250801,2025-08,134,3.59,1.99,71.1,18.3,0.29,4.37
20250901,2025-09,134,3.2,1.78,71.1,14.8,0.29,4.42
20251001,2025-10,134,3.58,1.99,71.1,19.4,0.29,4.48
20251101,2025-11,134,3.57,1.98,71.1,15.3,0.29,4.54
20251201,2025-12,134,3.68,2.04,71.1,20.0,0.29,4.61
20240601,2024-06,135,72.62,6.05,84.1,11.7,0.42,0.87
20240701,2024-07,135,34.63,2.89,72.7,22.0,0.42,1.29
20240801,2024-08,135,12.29,1.02,74.0,14.8,0.42,1.43
20240901,2024-09,135,13.04,1.09,74.0,11.3,0.42,1.59
20241001,2024-10,135,11.2,0.93,74.0,18.5,0.42,1.73
20241101,2024-11,135,9.93,0.83,74.0,16.1,0.42,1.84
20241201,2024-12,135,8.63,0.72,74.0,21.8,0.42,1.95
20250101,2025-01,135,2.13,0.18,69.0,18.5,0.42,1.97
20250201,2025-02,135,2.59,0.22,69.0,15.8,0.42,2.0
20250301,2025-03,135,1.97,0.16,69.0,11.3,0.42,2.03
20250401,2025-04,135,2.21,0.18,69.0,8.3,0.42,2.05
20250501,2025-05,135,2.32,0.19,69.0,23.9,0.42,2.08
20250601,2025-06,135,2.22,0.19,69.0,10.3,0.42,2.11
20250701,2025-07,135,2.13,0.18,69.0,20.5,0.42,2.13
20250801,2025-08,135,2.33,0.19,69.0,17.3,0.42,2.16
20250901,2025-09,135,2.18,0.18,69.0,13.7,0.42,2.19
20251001,2025-10,135,2.31,0.19,69.0,13.7,0.42,2.22
20251101,2025-11,135,2.16,0.18,69.0,15.8,0.42,2.24
20251201,2025-12,135,2.64,0.22,69.0,12.7,0.42,2.27
20220201,2022-02,136,167.67,19.05,87.2,23.3,0.64,1.3
20220301,2022-03,136,92.06,10.46,81.3,11.6,0.64,2.02
20220401,2022-04,136,31.89,3.62,76.6,15.4,0.64,2.26
20220501,2022-05,136,30.69,3.49,76.6,18.8,0.64,2.5
20220601,2022-06,136,22.17,2.52,76.6,22.9,0.64,2.67
20220701,2022-07,136,22.36,2.54,76.6,19.1,0.64,2.85
20220801,2022-08,136,20.38,2.32,76.6,14.4,0.64,3.0
20220901,2022-09,136,7.54,0.86,71.0,14.7,0.64,3.06
20221001,2022-10,136,7.19,0.82,71.0,8.3,0.64,3.12
20221101,2022-11,136,7.69,0.87,71.0,20.2,0.64,3.18
20221201,2022-12,136,6.65,0.76,71.0,13.9,0.64,3.23
20230101,2023-01,136,8.05,0.91,71.0,13.4,0.64,3.29
20230201,2023-02,136,8.21,0.93,71.0,12.1,0.64,3.36
20230301,2023-03,136,7.87,0.89,71.0,17.9,0.64,3.42
20230401,2023-04,136,6.35,0.72,71.0,19.0,0.64,3.47
20230501,2023-05,136,6.74,0.77,71.0,23.5,0.64,3.52
20230601,2023-06,136,7.99,0.91,71.0,14.8,0.64,3.58
20230701,2023-07,136,7.69,0.87,71.0,15.9,0.64,3.64
20230801,2023-08,136,7.08,0.8,71.0,13.4,0.64,3.7
20230901,2023-09,136,6.88,0.78,71.0,11.4,0.64,3.75
20231001,2023-10,136,7.24,0.82,71.0,8.3,0.64,3.8
20231101,2023-11,136,8.14,0.93,71.0,15.5,0.64,3.87
20231201,2023-12,136,6.6,0.75,71.0,11.4,0.64,3.92
20240101,2024-01,136,6.57,0.75,71.0,23.7,0.64,3.97
20240201,2024-02,136,7.14,0.81,71.0,16.6,0.64,4.03
20240301,2024-03,136,6.46,0.73,71.0,8.2,0.64,4.08
20240401,2024-04,136,7.82,0.89,71.0,14.2,0.64,4.14
20240501,2024-05,136,7.49,0.85,71.0,14.6,0.64,4.19
20240601,2024-06,136,7.43,0.84,71.0,12.5,0.64,4.25
20240701,2024-07,136,7.75,0.88,71.0,12.1,0.64,4.31
20240801,2024-08,136,8.13,0.92,71.0,12.9,0.64,4.38
20240901,2024-09,136,7.72,0.88,71.0,23.1,0.64,4.44
20241001,2024-10,136,8.19,0.93,71.0,21.0,0.64,4.5
20241101,2024-11,136,7.39,0.84,71.0,14.3,0.64,4.56
20241201,2024-12,136,7.72,0.88,71.0,16.1,0.64,4.62
20250101,2025-01,136,6.7,0.76,71.0,11.3,0.64,4.67
20250201,2025-02,136,6.42,0.73,71.0,11.9,0.0,4.72
20250301,2025-03,136,7.43,0.84,71.0,8.4,0.0,4.78
20250401,2025-04,136,7.44,0.85,71.0,10.9,0.0,4.83
20250501,2025-05,136,8.32,0.95,71.0,14.0,0.0,4.9
20250601,2025-06,136,7.78,0.88,71.0,9.1,0.0,4.96
20250701,2025-07,136,6.69,0.76,71.0,23.4,0.0,5.01
20250801,2025-08,136,6.68,0.76,71.0,14.0,0.0,5.06
20250901,2025-09,136,6.78,0.77,71.0,10.2,0.0,5.11
20251001,2025-10,136,6.72,0.76,71.0,20.3,0.0,5.17
20251101,2025-11,136,6.47,0.74,71.0,21.2,0.0,5.22
20251201,2025-12,136,7.09,0.81,71.0,19.5,0.0,5.27
20221201,2022-12,137,52.69,9.41,91.3,8.1,0.17,1.58
20230101,2023-01,137,38.12,6.81,86.4,17.6,0.17,2.72
20230201,2023-02,137,11.2,2.0,78.8,18.7,0.17,3.06
20230301,2023-03,137,9.17,1.64,78.8,9.4,0.17,3.34
20230401,2023-04,137,8.7,1.55,78.8,12.8,0.17,3.6
20230501,2023-05,137,7.57,1.35,78.8,23.5,0.17,3.82
20230601,2023-06,137,5.53,0.99,78.8,13.8,0.17,3.99
20230701,2023-07,137,3.19,0.57,72.6,18.0,0.17,4.09
20230801,2023-08,137,2.99,0.53,72.6,8.5,0.17,4.17
20230901,2023-09,137,3.54,0.63,72.6,11.8,0.17,4.28
20231001,2023-10,137,2.85,0.51,72.6,11.4,0.17,4.37
20231101,2023-11,137,3.03,0.54,72.6,20.4,0.17,4.46
20231201,2023-12,137,3.17,0.57,72.6,19.0,0.17,4.55
20240101,2024-01,137,3.25,0.58,72.6,18.6,0.17,4.65
20240201,2024-02,137,2.83,0.51,72.6,15.9,0.17,4.73
20240301,2024-03,137,3.17,0.57,72.6,18.5,0.17,4.83
20240401,2024-04,137,2.89,0.52,72.6,15.1,0.17,4.92
20240501,2024-05,137,3.06,0.55,72.6,18.1,0.17,5.01
20240601,2024-06,137,3.45,0.62,72.6,15.2,0.17,5.11
20240701,2024-07,137,3.02,0.54,72.6,15.5,0.17,5.2
20240801,2024-08,137,3.24,0.58,72.6,16.4,0.17,5.3
20240901,2024-09,137,2.99,0.53,72.6,18.4,0.17,5.39
20241001,2024-10,137,2.88,0.51,72.6,19.2,0.17,5.48
20241101,2024-11,137,3.51,0.63,72.6,21.6,0.17,5.58
20241201,2024-12,137,2.95,0.53,72.6,8.1,0.17,5.67
20250101,2025-01,137,3.39,0.61,72.6,9.9,0.17,5.77
20250201,2025-02,137,2.89,0.52,72.6,21.7,0.17,5.86
20250301,2025-03,137,3.39,0.61,72.6,17.4,0.17,5.96
20250401,2025-04,137,3.13,0.56,72.6,17.1,0.17,6.05
20250501,2025-05,137,3.12,0.56,72.6,16.2,0.17,6.15
20250601,2025-06,137,2.95,0.53,72.6,20.6,0.17,6.24
20250701,2025-07,137,3.15,0.56,72.6,16.1,0.17,6.33
20250801,2025-08,137,2.76,0.49,72.6,14.7,0.17,6.41
20250901,2025-09,137,2.96,0.53,72.6,11.0,0.17,6.5
20251001,2025-10,137,2.93,0.52,72.6,18.0,0.17,6.59
20251101,2025-11,137,3.04,0.54,72.6,19.6,0.17,6.68
20251201,2025-12,137,2.96,0.53,72.6,15.7,0.0,6.77
20220301,2022-03,138,66.39,6.92,84.4,14.5,0.21,1.55
20220401,2022-04,138,28.67,2.99,77.8,19.2,0.21,2.22
20220501,2022-05,138,11.72,1.22,76.8,17.5,0.21,2.5
20220601,2022-06,138,9.46,0.99,76.8,9.7,0.21,2.72
20220701,2022-07,138,8.43,0.88,76.8,20.0,0.21,2.91
20220801,2022-08,138,7.72,0.8,76.8,11.3,0.21,3.09
20220901,2022-09,138,5.37,0.56,76.8,22.8,0.21,3.22
20221001,2022-10,138,2.3,0.24,71.1,17.3,0.21,3.27
20221101,2022-11,138,2.56,0.27,71.1,16.7,0.21,3.33
20221201,2022-12,138,2.33,0.24,71.1,23.8,0.21,3.39
20230101,2023-01,138,2.79,0.29,71.1,15.6,0.21,3.45
20230201,2023-02,138,2.78,0.29,71.1,11.2,0.21,3.52
20230301,2023-03,138,2.55,0.27,71.1,14.9,0.21,3.58
20230401,2023-04,138,2.91,0.3,71.1,23.4,0.21,3.65
20230501,2023-05,138,2.71,0.28,71.1,9.0,0.21,3.71
20230601,2023-06,138,2.16,0.22,71.1,12.6,0.21,3.76
20230701,2023-07,138,2.43,0.25,71.1,22.2,0.21,3.82
20230801,2023-08,138,2.87,0.3,71.1,23.5,0.21,3.88
20230901,2023-09,138,2.59,0.27,71.1,24.0,0.21,3.94
20231001,2023-10,138,2.75,0.29,71.1,9.6,0.21,4.01
20231101,2023-11,138,2.74,0.29,71.1,23.5,0.21,4.07
20231201,2023-12,138,2.5,0.26,71.1,13.7,0.21,4.13
20240101,2024-01,138,2.48,0.26,71.1,19.6,0.21,4.19
20240201,2024-02,138,2.79,0.29,71.1,19.1,0.21,4.25
20240301,2024-03,138,2.41,0.25,71.1,11.6,0.21,4.31
20240401,2024-04,138,2.6,0.27,71.1,14.2,0.21,4.37
20240501,2024-05,138,2.59,0.27,71.1,14.8,0.21,4.43
20240601,2024-06,138,2.36,0.25,71.1,21.7,0.21,4.49
20240701,2024-07,138,2.21,0.23,71.1,8.3,0.21,4.54
20240801,2024-08,138,2.24,0.23,71.1,15.0,0.21,4.59
20240901,2024-09,138,2.27,0.24,71.1,12.3,0.21,4.64
20241001,2024-10,138,2.48,0.26,71.1,12.3,0.21,4.7
20241101,2024-11,138,2.63,0.27,71.1,20.0,0.21,4.76
20241201,2024-12,138,2.79,0.29,71.1,17.7,0.21,4.83
20250101,2025-01,138,2.44,0.25,71.1,13.2,0.21,4.89
20250201,2025-02,138,2.35,0.24,71.1,19.8,0.21,4.94
20250301,2025-03,138,2.63,0.27,71.1,13.4,0.0,5.0
20250401,2025-04,138,2.65,0.28,71.1,17.9,0.0,5.06
20250501,2025-05,138,2.79,0.29,71.1,22.1,0.0,5.13
20250601,2025-06,138,2.24,0.23,71.1,14.7,0.0,5.18
20250701,2025-07,138,2.74,0.29,71.1,20.8,0.0,5.25
20250801,2025-08,138,2.35,0.24,71.1,20.0,0.0,5.3
20250901,2025-09,138,2.6,0.27,71.1,17.1,0.0,5.36
20251001,2025-10,138,2.45,0.26,71.1,11.3,0.0,5.42
20251101,2025-11,138,2.8,0.29,71.1,19.0,0.0,5.48
20251201,2025-12,138,2.56,0.27,71.1,12.5,0.0,5.54
20240301,2024-03,139,37.8,5.25,83.7,13.3,0.14,1.36
20240401,2024-04,139,20.29,2.82,75.6,16.3,0.14,2.09
20240501,2024-05,139,8.13,1.13,76.8,16.3,0.14,2.38
20240601,2024-06,139,6.92,0.96,76.8,22.9,0.14,2.63
20240701,2024-07,139,6.21,0.86,76.8,12.4,0.14,2.86
20240801,2024-08,139,4.05,0.56,76.8,19.1,0.14,3.0
20240901,2024-09,139,3.41,0.47,76.8,16.4,0.14,3.13
20241001,2024-10,139,1.63,0.23,71.1,17.9,0.14,3.18
20241101,2024-11,139,1.53,0.21,71.1,12.8,0.14,3.24
20241201,2024-12,139,1.79,0.25,71.1,8.2,0.14,3.3
20250101,2025-01,139,1.83,0.25,71.1,13.7,0.14,3.37
20250201,2025-02,139,1.75,0.24,71.1,11.4,0.14,3.43
20250301,2025-03,139,1.46,0.2,71.1,20.9,0.14,3.48
20250401,2025-04,139,1.56,0.22,71.1,15.4,0.14,3.54
20250501,2025-05,139,1.53,0.21,71.1,16.3,0.14,3.6
20250601,2025-06,139,1.46,0.2,71.1,14.6,0.14,3.65
20250701,2025-07,139,1.64,0.23,71.1,14.0,0.14,3.71
20250801,2025-08,139,1.81,0.25,71.1,13.9,0.14,3.77
20250901,2025-09,139,1.54,0.21,71.1,19.4,0.14,3.83
20251001,2025-10,139,1.45,0.2,71.1,8.5,0.14,3.88
20251101,2025-11,139,1.88,0.26,71.1,10.1,0.14,3.95
20251201,2025-12,139,1.86,0.26,71.1,14.5,0.14,4.02
20220501,2022-05,140,53.09,9.48,89.7,9.9,0.22,1.23
20220601,2022-06,140,32.58,5.82,86.4,20.2,0.22,1.98
20220701,2022-07,140,12.85,2.29,79.2,9.9,0.22,2.27
20220801,2022-08,140,10.68,1.91,79.2,10.8,0.22,2.52
20220901,2022-09,140,8.37,1.49,79.2,17.5,0.22,2.71
20221001,2022-10,140,8.24,1.47,79.2,12.1,0.22,2.9
20221101,2022-11,140,6.69,1.19,79.2,13.6,0.22,3.06
20221201,2022-12,140,3.0,0.54,72.9,15.1,0.22,3.13
20230101,2023-01,140,3.5,0.62,72.9,13.2,0.22,3.21
20230201,2023-02,140,3.1,0.55,72.9,14.1,0.22,3.28
20230301,2023-03,140,3.4,0.61,72.9,14.6,0.22,3.36
20230401,2023-04,140,2.95,0.53,72.9,16.7,0.22,3.43
20230501,2023-05,140,3.49,0.62,72.9,19.9,0.22,3.51
20230601,2023-06,140,3.01,0.54,72.9,12.3,0.22,3.58
20230701,2023-07,140,2.9,0.52,72.9,22.4,0.22,3.64
20230801,2023-08,140,2.83,0.51,72.9,14.0,0.22,3.71
20230901,2023-09,140,3.18,0.57,72.9,10.2,0.22,3.78
20231001,2023-10,140,3.57,0.64,72.9,11.9,0.22,3.86
20231101,2023-11,140,3.1,0.55,72.9,21.6,0.22,3.94
20231201,2023-12,140,3.23,0.58,72.9,23.4,0.22,4.01
20240101,2024-01,140,3.39,0.61,72.9,16.7,0.22,4.09
20240201,2024-02,140,3.07,0.55,72.9,9.3,0.22,4.16
20240301,2024-03,140,2.91,0.52,72.9,23.6,0.22,4.23
20240401,2024-04,140,2.73,0.49,72.9,15.1,0.22,4.29
20240501,2024-05,140,3.32,0.59,72.9,12.8,0.22,4.37
20240601,2024-06,140,3.44,0.61,72.9,12.4,0.22,4.45
20240701,2024-07,140,3.63,0.65,72.9,23.7,0.22,4.53
20240801,2024-08,140,3.05,0.54,72.9,19.7,0.22,4.6
20240901,2024-09,140,2.77,0.49,72.9,20.5,0.22,4.66
20241001,2024-10,140,3.31,0.59,72.9,21.8,0.22,4.74
20241101,2024-11,140,3.11,0.56,72.9,15.2,0.22,4.81
20241201,2024-12,140,3.31,0.59,72.9,12.7,0.22,4.89
20250101,2025-01,140,3.31,0.59,72.9,14.2,0.22,4.96
20250201,2025-02,140,3.0,0.54,72.9,20.6,0.22,5.03
20250301,2025-03,140,3.14,0.56,72.9,8.9,0.22,5.11
20250401,2025-04,140,3.26,0.58,72.9,22.6,0.22,5.18
20250501,2025-05,140,2.86,0.51,72.9,17.2,0.0,5.25
20250601,2025-06,140,3.03,0.54,72.9,14.4,0.0,5.32
20250701,2025-07,140,3.47,0.62,72.9,14.0,0.0,5.4
20250801,2025-08,140,3.49,0.62,72.9,18.4,0.0,5.48
20250901,2025-09,140,3.53,0.63,72.9,14.1,0.0,5.56
20251001,2025-10,140,3.24,0.58,72.9,12.5,0.0,5.63
20251101,2025-11,140,3.47,0.62,72.9,18.8,0.0,5.71
20251201,2025-12,140,2.99,0.53,72.9,12.1,0.0,5.78
20241101,2024-11,141,76.75,42.64,86.1,22.5,0.37,1.04
20241201,2024-12,141,48.82,27.12,80.7,16.4,0.37,1.7
20250101,2025-01,141,15.94,8.86,75.4,18.8,0.37,1.92
20250201,2025-02,141,13.47,7.48,75.4,8.6,0.37,2.1
20250301,2025-03,141,13.04,7.24,75.4,23.6,0.37,2.27
20250401,2025-04,141,9.78,5.43,75.4,19.2,0.37,2.41
20250501,2025-05,141,9.66,5.37,75.4,15.1,0.37,2.54
20250601,2025-06,141,3.08,1.71,70.0,18.1,0.37,2.58
20250701,2025-07,141,3.47,1.93,70.0,23.9,0.37,2.63
20250801,2025-08,141,3.26,1.81,70.0,14.9,0.37,2.67
20250901,2025-09,141,2.62,1.46,70.0,18.7,0.37,2.71
20251001,2025-10,141,3.13,1.74,70.0,13.7,0.37,2.75
20251101,2025-11,141,2.97,1.65,70.0,20.3,0.37,2.79
20251201,2025-12,141,2.63,1.46,70.0,14.5,0.37,2.82
20241201,2024-12,142,59.79,33.22,86.2,14.5,0.23,1.31
20250101,2025-01,142,27.59,15.33,83.3,10.0,0.23,1.92
20250201,2025-02,142,11.47,6.37,76.2,16.0,0.23,2.17
20250301,2025-03,142,9.42,5.23,76.2,20.9,0.23,2.38
20250401,2025-04,142,8.11,4.51,76.2,13.2,0.23,2.55
20250501,2025-05,142,7.11,3.95,76.2,14.5,0.23,2.71
20250601,2025-06,142,6.59,3.66,76.2,21.4,0.23,2.86
20250701,2025-07,142,2.61,1.45,70.7,13.6,0.23,2.91
20250801,2025-08,142,2.35,1.31,70.7,17.9,0.23,2.96
20250901,2025-09,142,2.14,1.19,70.7,16.8,0.23,3.01
20251001,2025-10,142,2.31,1.28,70.7,21.9,0.23,3.06
20251101,2025-11,142,2.07,1.15,70.7,23.4,0.23,3.11
20251201,2025-12,142,2.26,1.26,70.7,17.2,0.23,3.16
20230701,2023-07,143,157.41,28.11,80.9,20.6,0.61,1.3
20230801,2023-08,143,84.14,15.02,82.5,13.7,0.61,1.99
20230901,2023-09,143,35.43,6.33,76.4,11.9,0.61,2.29
20231001,2023-10,143,26.77,4.78,76.4,20.0,0.61,2.51
20231101,2023-11,143,25.0,4.46,76.4,12.9,0.61,2.71
20231201,2023-12,143,21.71,3.88,76.4,18.7,0.61,2.89
20240101,2024-01,143,18.09,3.23,76.4,22.8,0.61,3.04
20240201,2024-02,143,7.4,1.32,70.8,14.0,0.61,3.1
20240301,2024-03,143,7.28,1.3,70.8,16.0,0.61,3.16
20240401,2024-04,143,6.2,1.11,70.8,13.6,0.61,3.22
20240501,2024-05,143,6.14,1.1,70.8,11.7,0.61,3.27
20240601,2024-06,143,6.26,1.12,70.8,11.6,0.61,3.32
20240701,2024-07,143,6.11,1.09,70.8,10.5,0.61,3.37
20240801,2024-08,143,7.0,1.25,70.8,8.7,0.61,3.43
20240901,2024-09,143,5.75,1.03,70.8,13.6,0.61,3.47
20241001,2024-10,143,5.71,1.02,70.8,18.0,0.61,3.52
20241101,2024-11,143,6.77,1.21,70.8,10.5,0.61,3.58
20241201,2024-12,143,5.83,1.04,70.8,22.1,0.61,3.62
20250101,2025-01,143,6.69,1.19,70.8,11.5,0.61,3.68
20250201,2025-02,143,6.38,1.14,70.8,10.8,0.61,3.73
20250301,2025-03,143,6.19,1.11,70.8,9.3,0.61,3.78
20250401,2025-04,143,5.92,1.06,70.8,16.3,0.61,3.83
20250501,2025-05,143,7.15,1.28,70.8,13.4,0.61,3.89
20250601,2025-06,143,5.95,1.06,70.8,15.9,0.61,3.94
20250701,2025-07,143,7.31,1.31,70.8,20.8,0.61,4.0
20250801,2025-08,143,6.92,1.24,70.8,14.8,0.61,4.06
20250901,2025-09,143,6.94,1.24,70.8,19.1,0.61,4.12
20251001,2025-10,143,6.32,1.13,70.8,22.8,0.61,4.17
20251101,2025-11,143,6.58,1.17,70.8,8.6,0.61,4.22
20251201,2025-12,143,5.6,1.0,70.8,16.2,0.61,4.27
20240701,2024-07,144,217.26,30.17,81.6,22.8,1.06,1.03
20240801,2024-08,144,110.94,15.41,79.6,17.5,1.06,1.55
20240901,2024-09,144,43.58,6.05,75.2,9.8,1.06,1.76
20241001,2024-10,144,42.52,5.91,75.2,17.2,1.06,1.96
20241101,2024-11,144,37.33,5.18,75.2,11.4,1.06,2.13
20241201,2024-12,144,27.4,3.81,75.2,12.2,1.06,2.26
20250101,2025-01,144,26.63,3.7,75.2,20.5,1.06,2.39
20250201,2025-02,144,9.2,1.28,69.9,10.2,1.06,2.43
20250301,2025-03,144,8.23,1.14,69.9,19.6,1.06,2.47
20250401,2025-04,144,9.16,1.27,69.9,17.6,1.06,2.51
20250501,2025-05,144,8.83,1.23,69.9,11.0,1.06,2.56
20250601,2025-06,144,9.52,1.32,69.9,17.3,1.06,2.6
20250701,2025-07,144,9.23,1.28,69.9,10.1,1.06,2.64
20250801,2025-08,144,7.48,1.04,69.9,10.2,1.06,2.68
20250901,2025-09,144,9.22,1.28,69.9,18.0,1.06,2.72
20251001,2025-10,144,8.72,1.21,69.9,19.1,1.06,2.76
20251101,2025-11,144,7.57,1.05,69.9,15.2,1.06,2.8
20251201,2025-12,144,8.69,1.21,69.9,15.7,1.06,2.84
20230301,2023-03,145,41.74,7.45,85.2,11.0,0.2,1.04
20230401,2023-04,145,24.44,4.36,77.7,8.4,0.2,1.65
20230501,2023-05,145,9.78,1.75,75.2,9.6,0.2,1.9
20230601,2023-06,145,6.92,1.24,75.2,22.9,0.2,2.07
20230701,2023-07,145,5.69,1.02,75.2,13.3,0.2,2.21
20230801,2023-08,145,5.67,1.01,75.2,12.5,0.2,2.36
20230901,2023-09,145,4.57,0.82,75.2,19.0,0.2,2.47
20231001,2023-10,145,1.63,0.29,69.9,12.8,0.2,2.51
20231101,2023-11,145,1.45,0.26,69.9,16.7,0.2,2.55
20231201,2023-12,145,1.63,0.29,69.9,17.8,0.2,2.59
20240101,2024-01,145,1.79,0.32,69.9,14.3,0.2,2.63
20240201,2024-02,145,1.77,0.32,69.9,16.9,0.2,2.68
20240301,2024-03,145,1.48,0.26,69.9,10.9,0.2,2.71
20240401,2024-04,145,1.6,0.29,69.9,11.0,0.2,2.75
20240501,2024-05,145,1.36,0.24,69.9,18.3,0.2,2.79
20240601,2024-06,145,1.51,0.27,69.9,19.9,0.2,2.83
20240701,2024-07,145,1.56,0.28,69.9,9.9,0.2,2.86
20240801,2024-08,145,1.52,0.27,69.9,20.1,0.2,2.9
20240901,2024-09,145,1.51,0.27,69.9,13.5,0.2,2.94
20241001,2024-10,145,1.78,0.32,69.9,23.9,0.2,2.98
20241101,2024-11,145,1.59,0.28,69.9,12.6,0.2,3.02
20241201,2024-12,145,1.71,0.31,69.9,10.9,0.2,3.07
20250101,2025-01,145,1.44,0.26,69.9,17.0,0.2,3.1
20250201,2025-02,145,1.7,0.3,69.9,14.3,0.2,3.15
20250301,2025-03,145,1.63,0.29,69.9,22.6,0.2,3.19
20250401,2025-04,145,1.63,0.29,69.9,18.7,0.2,3.23
20250501,2025-05,145,1.59,0.28,69.9,23.6,0.2,3.27
20250601,2025-06,145,1.61,0.29,69.9,17.2,0.2,3.31
20250701,2025-07,145,1.7,0.3,69.9,10.8,0.2,3.35
20250801,2025-08,145,1.36,0.24,69.9,16.1,0.2,3.38
20250901,2025-09,145,1.63,0.29,69.9,10.7,0.2,3.42
20251001,2025-10,145,1.44,0.26,69.9,19.5,0.2,3.46
20251101,2025-11,145,1.39,0.25,69.9,18.2,0.2,3.5
20251201,2025-12,145,1.75,0.31,69.9,16.2,0.2,3.54
20220701,2022-07,146,58.52,5.22,80.9,23.0,0.23,1.25
20220801,2022-08,146,32.1,2.87,80.8,23.6,0.23,1.94
20220901,2022-09,146,13.31,1.19,76.2,19.6,0.23,2.23
20221001,2022-10,146,9.54,0.85,76.2,8.6,0.23,2.43
20221101,2022-11,146,8.81,0.79,76.2,23.8,0.23,2.62
20221201,2022-12,146,7.89,0.7,76.2,21.3,0.23,2.79
20230101,2023-01,146,6.5,0.58,76.2,11.6,0.23,2.93
20230201,2023-02,146,2.2,0.2,70.7,11.2,0.23,2.98
20230301,2023-03,146,2.72,0.24,70.7,21.7,0.23,3.03
20230401,2023-04,146,2.28,0.2,70.7,10.1,0.23,3.08
20230501,2023-05,146,2.26,0.2,70.7,8.1,0.23,3.13
20230601,2023-06,146,2.52,0.22,70.7,22.6,0.23,3.19
20230701,2023-07,146,2.72,0.24,70.7,19.5,0.23,3.24
20230801,2023-08,146,2.46,0.22,70.7,22.1,0.23,3.3
20230901,2023-09,146,2.14,0.19,70.7,20.8,0.23,3.34
20231001,2023-10,146,2.27,0.2,70.7,10.2,0.23,3.39
20231101,2023-11,146,2.53,0.23,70.7,8.4,0.23,3.45
20231201,2023-12,146,2.33,0.21,70.7,14.2,0.23,3.49
20240101,2024-01,146,2.19,0.2,70.7,8.9,0.23,3.54
20240201,2024-02,146,2.11,0.19,70.7,8.2,0.23,3.59
20240301,2024-03,146,2.38,0.21,70.7,20.9,0.23,3.64
20240401,2024-04,146,2.44,0.22,70.7,22.4,0.23,3.69
20240501,2024-05,146,2.08,0.19,70.7,16.9,0.23,3.74
20240601,2024-06,146,2.16,0.19,70.7,19.4,0.23,3.78
20240701,2024-07,146,2.42,0.22,70.7,12.7,0.23,3.83
20240801,2024-08,146,2.42,0.22,70.7,10.4,0.23,3.88
20240901,2024-09,146,2.72,0.24,70.7,15.3,0.23,3.94
20241001,2024-10,146,2.35,0.21,70.7,14.1,0.23,3.99
20241101,2024-11,146,2.08,0.19,70.7,19.2,0.23,4.04
20241201,2024-12,146,2.62,0.23,70.7,10.0,0.23,4.09
20250101,2025-01,146,2.37,0.21,70.7,15.4,0.23,4.15
20250201,2025-02,146,2.05,0.18,70.7,20.0,0.23,4.19
20250301,2025-03,146,2.5,0.22,70.7,16.4,0.23,4.24
20250401,2025-04,146,2.28,0.2,70.7,10.5,0.23,4.29
20250501,2025-05,146,2.16,0.19,70.7,11.9,0.23,4.34
20250601,2025-06,146,2.06,0.18,70.7,11.1,0.23,4.38
20250701,2025-07,146,2.38,0.21,70.7,19.1,0.0,4.43
20250801,2025-08,146,2.25,0.2,70.7,22.5,0.0,4.48
20250901,2025-09,146,2.34,0.21,70.7,17.3,0.0,4.53
20251001,2025-10,146,2.45,0.22,70.7,14.8,0.0,4.58
20251101,2025-11,146,2.63,0.23,70.7,22.8,0.0,4.64
20251201,2025-12,146,2.51,0.22,70.7,18.3,0.0,4.69
20220401,2022-04,147,20.06,1.93,81.6,16.2,0.1,0.98
20220501,2022-05,147,9.28,0.89,73.8,18.7,0.1,1.43
20220601,2022-06,147,3.57,0.34,74.6,15.6,0.1,1.6
20220701,2022-07,147,3.36,0.32,74.6,11.3,0.1,1.76
20220801,2022-08,147,3.24,0.31,74.6,13.6,0.1,1.92
20220901,2022-09,147,2.41,0.23,74.6,16.0,0.1,2.04
20221001,2022-10,147,2.07,0.2,74.6,22.8,0.1,2.14
20221101,2022-11,147,0.62,0.06,69.5,8.9,0.1,2.17
20221201,2022-12,147,0.72,0.07,69.5,20.6,0.1,2.21
20230101,2023-01,147,0.7,0.07,69.5,21.8,0.1,2.24
20230201,2023-02,147,0.78,0.07,69.5,13.4,0.1,2.28
20230301,2023-03,147,0.74,0.07,69.5,21.4,0.1,2.31
20230401,2023-04,147,0.64,0.06,69.5,21.4,0.1,2.34
20230501,2023-05,147,0.6,0.06,69.5,19.1,0.1,2.37
20230601,2023-06,147,0.72,0.07,69.5,8.3,0.1,2.41
20230701,2023-07,147,0.74,0.07,69.5,17.4,0.1,2.44
20230801,2023-08,147,0.59,0.06,69.5,18.4,0.1,2.47
20230901,2023-09,147,0.74,0.07,69.5,22.6,0.1,2.51
20231001,2023-10,147,0.69,0.07,69.5,23.9,0.1,2.54
20231101,2023-11,147,0.69,0.07,69.5,17.4,0.1,2.58
20231201,2023-12,147,0.75,0.07,69.5,18.6,0.1,2.61
20240101,2024-01,147,0.62,0.06,69.5,23.4,0.1,2.64
20240201,2024-02,147,0.62,0.06,69.5,11.0,0.1,2.67
20240301,2024-03,147,0.76,0.07,69.5,21.2,0.1,2.71
20240401,2024-04,147,0.67,0.06,69.5,12.2,0.1,2.74
20240501,2024-05,147,0.74,0.07,69.5,18.9,0.1,2.78
20240601,2024-06,147,0.64,0.06,69.5,22.5,0.1,2.81
20240701,2024-07,147,0.74,0.07,69.5,19.2,0.1,2.85
20240801,2024-08,147,0.72,0.07,69.5,12.8,0.1,2.88
20240901,2024-09,147,0.59,0.06,69.5,23.0,0.1,2.91
20241001,2024-10,147,0.76,0.07,69.5,15.4,0.1,2.95
20241101,2024-11,147,0.71,0.07,69.5,19.9,0.1,2.98
20241201,2024-12,147,0.7,0.07,69.5,11.4,0.1,3.02
20250101,2025-01,147,0.67,0.06,69.5,19.5,0.1,3.05
20250201,2025-02,147,0.75,0.07,69.5,10.8,0.1,3.08
20250301,2025-03,147,0.6,0.06,69.5,14.3,0.1,3.11
20250401,2025-04,147,0.71,0.07,69.5,21.4,0.0,3.15
20250501,2025-05,147,0.66,0.06,69.5,20.8,0.0,3.18
20250601,2025-06,147,0.62,0.06,69.5,13.0,0.0,3.21
20250701,2025-07,147,0.59,0.06,69.5,14.9,0.0,3.24
20250801,2025-08,147,0.76,0.07,69.5,15.3,0.0,3.28
20250901,2025-09,147,0.58,0.06,69.5,16.5,0.0,3.3
20251001,2025-10,147,0.69,0.07,69.5,17.8,0.0,3.34
20251101,2025-11,147,0.75,0.07,69.5,8.3,0.0,3.37
20251201,2025-12,147,0.75,0.07,69.5,12.5,0.0,3.41
20230501,2023-05,148,27.66,3.84,89.8,15.4,0.12,1.11
20230601,2023-06,148,14.42,2.0,79.6,20.7,0.12,1.68
20230701,2023-07,148,5.77,0.8,75.2,13.1,0.12,1.91
20230801,2023-08,148,4.41,0.61,75.2,17.6,0.12,2.09
20230901,2023-09,148,3.74,0.52,75.2,19.0,0.12,2.24
20231001,2023-10,148,3.52,0.49,75.2,23.4,0.12,2.38
20231101,2023-11,148,2.85,0.4,75.2,9.8,0.12,2.49
20231201,2023-12,148,0.84,0.12,69.9,14.8,0.12,2.53
20240101,2024-01,148,1.1,0.15,69.9,20.8,0.12,2.57
20240201,2024-02,148,1.12,0.16,69.9,15.0,0.12,2.62
20240301,2024-03,148,1.1,0.15,69.9,22.4,0.12,2.66
20240401,2024-04,148,0.84,0.12,69.9,20.2,0.12,2.69
20240501,2024-05,148,0.86,0.12,69.9,11.6,0.12,2.73
20240601,2024-06,148,0.92,0.13,69.9,10.4,0.12,2.77
20240701,2024-07,148,1.07,0.15,69.9,19.6,0.12,2.81
20240801,2024-08,148,0.84,0.12,69.9,16.9,0.12,2.84
20240901,2024-09,148,1.03,0.14,69.9,17.7,0.12,2.88
20241001,2024-10,148,0.88,0.12,69.9,8.3,0.12,2.92
20241101,2024-11,148,1.0,0.14,69.9,8.6,0.12,2.96
20241201,2024-12,148,0.94,0.13,69.9,11.4,0.12,3.0
20250101,2025-01,148,0.95,0.13,69.9,15.3,0.12,3.03
20250201,2025-02,148,1.09,0.15,69.9,15.3,0.12,3.08
20250301,2025-03,148,1.0,0.14,69.9,18.8,0.12,3.12
20250401,2025-04,148,0.85,0.12,69.9,16.3,0.12,3.15
20250501,2025-05,148,0.97,0.13,69.9,20.1,0.12,3.19
20250601,2025-06,148,0.9,0.12,69.9,17.4,0.12,3.23
20250701,2025-07,148,0.9,0.12,69.9,15.5,0.12,3.26
20250801,2025-08,148,0.89,0.12,69.9,13.9,0.12,3.3
20250901,2025-09,148,0.99,0.14,69.9,9.9,0.12,3.34
20251001,2025-10,148,0.96,0.13,69.9,8.2,0.12,3.38
20251101,2025-11,148,1.08,0.15,69.9,20.5,0.12,3.42
20251201,2025-12,148,0.88,0.12,69.9,16.9,0.12,3.45
20230901,2023-09,149,121.32,67.4,84.8,8.8,0.68,0.89
20231001,2023-10,149,69.35,38.53,82.4,22.5,0.68,1.41
20231101,2023-11,149,27.52,15.29,76.6,19.8,0.68,1.61
20231201,2023-12,149,20.42,11.34,76.6,14.3,0.68,1.76
20240101,2024-01,149,20.33,11.29,76.6,15.5,0.68,1.91
20240201,2024-02,149,17.89,9.94,76.6,22.6,0.68,2.04
20240301,2024-03,149,12.19,6.77,76.6,14.4,0.68,2.13
20240401,2024-04,149,6.45,3.58,71.0,15.5,0.68,2.18
20240501,2024-05,149,5.89,3.27,71.0,20.2,0.68,2.22
20240601,2024-06,149,6.31,3.51,71.0,18.2,0.68,2.27
20240701,2024-07,149,5.77,3.21,71.0,18.9,0.68,2.31
20240801,2024-08,149,5.46,3.03,71.0,9.1,0.68,2.35
20240901,2024-09,149,4.85,2.69,71.0,21.8,0.68,2.39
20241001,2024-10,149,6.27,3.48,71.0,15.1,0.68,2.43
20241101,2024-11,149,6.15,3.42,71.0,14.3,0.68,2.48
20241201,2024-12,149,5.87,3.26,71.0,10.9,0.68,2.52
20250101,2025-01,149,4.92,2.73,71.0,23.8,0.68,2.56
20250201,2025-02,149,5.73,3.18,71.0,19.9,0.68,2.6
20250301,2025-03,149,4.84,2.69,71.0,21.7,0.68,2.64
20250401,2025-04,149,5.26,2.92,71.0,9.4,0.68,2.68
20250501,2025-05,149,6.01,3.34,71.0,16.0,0.68,2.72
20250601,2025-06,149,5.95,3.31,71.0,21.3,0.68,2.76
20250701,2025-07,149,6.24,3.47,71.0,22.8,0.68,2.81
20250801,2025-08,149,5.41,3.01,71.0,22.9,0.68,2.85
20250901,2025-09,149,4.91,2.73,71.0,12.0,0.68,2.89
20251001,2025-10,149,5.13,2.85,71.0,23.5,0.68,2.92
20251101,2025-11,149,4.82,2.68,71.0,13.1,0.68,2.96
20251201,2025-12,149,4.86,2.7,71.0,10.7,0.68,3.0
20250601,2025-06,150,562.93,54.13,88.3,10.2,1.95,1.45
20250701,2025-07,150,382.72,36.8,86.7,19.5,1.95,2.43
20250801,2025-08,150,107.7,10.36,77.8,18.8,1.95,2.7
20250901,2025-09,150,107.53,10.34,77.8,20.0,1.95,2.98
20251001,2025-10,150,87.41,8.4,77.8,12.6,1.95,3.21
20251101,2025-11,150,79.37,7.63,77.8,17.0,1.95,3.41
20251201,2025-12,150,68.51,6.59,77.8,11.9,1.95,3.59
20251201,2025-12,151,32.86,2.42,81.1,21.4,0.13,1.26
20240601,2024-06,152,66.43,4.88,87.5,16.7,0.23,1.42
20240701,2024-07,152,41.32,3.04,82.7,21.5,0.23,2.31
20240801,2024-08,152,15.14,1.11,77.2,19.5,0.23,2.63
20240901,2024-09,152,10.19,0.75,77.2,12.2,0.23,2.85
20241001,2024-10,152,9.64,0.71,77.2,9.5,0.23,3.06
20241101,2024-11,152,7.11,0.52,77.2,22.2,0.23,3.21
20241201,2024-12,152,7.67,0.56,77.2,20.7,0.23,3.38
20250101,2025-01,152,2.64,0.19,71.4,15.2,0.23,3.43
20250201,2025-02,152,3.21,0.24,71.4,17.6,0.23,3.5
20250301,2025-03,152,3.11,0.23,71.4,10.2,0.23,3.57
20250401,2025-04,152,2.76,0.2,71.4,19.6,0.23,3.63
20250501,2025-05,152,2.78,0.2,71.4,10.8,0.23,3.69
20250601,2025-06,152,3.05,0.22,71.4,18.6,0.23,3.75
20250701,2025-07,152,2.87,0.21,71.4,21.0,0.23,3.81
20250801,2025-08,152,2.72,0.2,71.4,21.9,0.23,3.87
20250901,2025-09,152,2.94,0.22,71.4,13.8,0.23,3.93
20251001,2025-10,152,3.11,0.23,71.4,18.1,0.23,4.0
20251101,2025-11,152,2.66,0.2,71.4,13.2,0.23,4.06
20251201,2025-12,152,3.13,0.23,71.4,24.0,0.23,4.12
20230801,2023-08,153,73.94,5.44,84.8,21.0,0.3,1.22
20230901,2023-09,153,46.21,3.4,80.8,10.3,0.3,1.98
20231001,2023-10,153,15.69,1.15,76.2,18.9,0.3,2.24
20231101,2023-11,153,14.23,1.05,76.2,21.7,0.3,2.48
20231201,2023-12,153,10.29,0.76,76.2,11.7,0.3,2.65
20240101,2024-01,153,9.2,0.68,76.2,9.0,0.3,2.8
20240201,2024-02,153,8.59,0.63,76.2,10.5,0.3,2.94
20240301,2024-03,153,2.95,0.22,70.7,15.8,0.3,2.99
20240401,2024-04,153,3.52,0.26,70.7,14.4,0.3,3.05
20240501,2024-05,153,2.67,0.2,70.7,18.2,0.3,3.09
20240601,2024-06,153,3.05,0.22,70.7,10.2,0.3,3.14
20240701,2024-07,153,2.99,0.22,70.7,11.5,0.3,3.19
20240801,2024-08,153,3.36,0.25,70.7,18.0,0.3,3.25
20240901,2024-09,153,2.75,0.2,70.7,16.7,0.3,3.29
20241001,2024-10,153,2.97,0.22,70.7,10.4,0.3,3.34
20241101,2024-11,153,3.28,0.24,70.7,8.5,0.3,3.4
20241201,2024-12,153,3.38,0.25,70.7,21.7,0.3,3.45
20250101,2025-01,153,2.93,0.22,70.7,23.2,0.3,3.5
20250201,2025-02,153,2.65,0.19,70.7,20.2,0.3,3.54
20250301,2025-03,153,3.03,0.22,70.7,12.2,0.3,3.59
20250401,2025-04,153,3.14,0.23,70.7,21.4,0.3,3.65
20250501,2025-05,153,3.15,0.23,70.7,22.4,0.3,3.7
20250601,2025-06,153,3.03,0.22,70.7,22.1,0.3,3.75
20250701,2025-07,153,3.47,0.26,70.7,17.0,0.3,3.81
20250801,2025-08,153,3.09,0.23,70.7,9.1,0.3,3.86
20250901,2025-09,153,3.4,0.25,70.7,11.0,0.3,3.91
20251001,2025-10,153,3.31,0.24,70.7,17.8,0.3,3.97
20251101,2025-11,153,3.5,0.26,70.7,10.0,0.3,4.03
20251201,2025-12,153,2.83,0.21,70.7,13.5,0.3,4.07
20250101,2025-01,154,58.5,32.5,81.0,11.5,0.49,0.6
20250201,2025-02,154,31.82,17.68,77.3,23.3,0.49,0.93
20250301,2025-03,154,12.61,7.01,72.6,21.2,0.49,1.06
20250401,2025-04,154,9.28,5.16,72.6,22.6,0.49,1.15
20250501,2025-05,154,9.75,5.42,72.6,23.2,0.49,1.25
20250601,2025-06,154,8.44,4.69,72.6,18.6,0.49,1.34
20250701,2025-07,154,6.08,3.38,72.6,17.1,0.49,1.4
20250801,2025-08,154,1.81,1.01,68.0,14.1,0.49,1.42
20250901,2025-09,154,1.47,0.82,68.0,22.7,0.49,1.44
20251001,2025-10,154,1.68,0.93,68.0,17.5,0.49,1.45
20251101,2025-11,154,1.52,0.84,68.0,10.1,0.49,1.47
20251201,2025-12,154,1.57,0.87,68.0,14.5,0.49,1.49
20231001,2023-10,155,98.61,10.27,80.6,13.8,1.01,0.49
20231101,2023-11,155,54.51,5.68,74.2,21.6,1.01,0.76
20231201,2023-12,155,21.14,2.2,71.0,15.2,1.01,0.86
20240101,2024-01,155,18.03,1.88,71.0,14.9,1.01,0.95
20240201,2024-02,155,14.82,1.54,71.0,8.7,1.01,1.02
20240301,2024-03,155,11.42,1.19,71.0,13.3,1.01,1.08
20240401,2024-04,155,9.79,1.02,71.0,16.8,1.01,1.13
20240501,2024-05,155,1.97,0.21,66.8,15.0,1.01,1.14
20240601,2024-06,155,2.11,0.22,66.8,18.0,1.01,1.15
20240701,2024-07,155,1.65,0.17,66.8,21.1,1.01,1.15
20240801,2024-08,155,1.69,0.18,66.8,19.2,1.01,1.16
20240901,2024-09,155,1.66,0.17,66.8,9.5,1.01,1.17
20241001,2024-10,155,1.68,0.17,66.8,15.5,1.01,1.18
20241101,2024-11,155,2.1,0.22,66.8,11.3,1.01,1.19
20241201,2024-12,155,1.73,0.18,66.8,16.8,1.01,1.2
20250101,2025-01,155,1.97,0.21,66.8,22.7,1.01,1.21
20250201,2025-02,155,1.67,0.17,66.8,9.0,1.01,1.22
20250301,2025-03,155,1.83,0.19,66.8,20.0,1.01,1.22
20250401,2025-04,155,2.13,0.22,66.8,14.4,1.01,1.24
20250501,2025-05,155,2.01,0.21,66.8,15.4,1.01,1.25
20250601,2025-06,155,1.82,0.19,66.8,21.2,1.01,1.25
20250701,2025-07,155,2.13,0.22,66.8,13.7,1.01,1.26
20250801,2025-08,155,1.95,0.2,66.8,15.4,1.01,1.27
20250901,2025-09,155,1.64,0.17,66.8,19.2,1.01,1.28
20251001,2025-10,155,2.09,0.22,66.8,16.7,1.01,1.29
20251101,2025-11,155,2.12,0.22,66.8,17.5,1.01,1.3
20251201,2025-12,155,2.0,0.21,66.8,18.0,1.01,1.31
20211001,2021-10,156,74.51,41.39,89.2,13.9,0.33,1.12
20211101,2021-11,156,39.79,22.11,77.8,14.8,0.33,1.71
20211201,2021-12,156,15.99,8.88,75.4,22.9,0.33,1.95
20220101,2022-01,156,12.79,7.11,75.4,14.2,0.33,2.15
20220201,2022-02,156,10.4,5.78,75.4,8.6,0.33,2.3
20220301,2022-03,156,10.12,5.62,75.4,20.5,0.33,2.45
20220401,2022-04,156,7.34,4.08,75.4,17.4,0.33,2.56
20220501,2022-05,156,2.66,1.48,70.0,10.9,0.33,2.6
20220601,2022-06,156,2.8,1.56,70.0,11.8,0.33,2.65
20220701,2022-07,156,2.44,1.36,70.0,21.1,0.33,2.68
20220801,2022-08,156,2.49,1.38,70.0,18.1,0.33,2.72
20220901,2022-09,156,2.96,1.64,70.0,17.2,0.33,2.76
20221001,2022-10,156,2.42,1.34,70.0,11.3,0.33,2.8
20221101,2022-11,156,2.99,1.66,70.0,12.9,0.33,2.85
20221201,2022-12,156,2.72,1.51,70.0,12.2,0.33,2.89
20230101,2023-01,156,2.91,1.62,70.0,12.5,0.33,2.93
20230201,2023-02,156,2.84,1.58,70.0,8.7,0.33,2.97
20230301,2023-03,156,2.67,1.48,70.0,12.4,0.33,3.01
20230401,2023-04,156,3.09,1.72,70.0,14.8,0.33,3.06
20230501,2023-05,156,2.88,1.6,70.0,16.9,0.33,3.1
20230601,2023-06,156,2.8,1.56,70.0,17.4,0.33,3.14
20230701,2023-07,156,2.91,1.62,70.0,10.8,0.33,3.19
20230801,2023-08,156,2.56,1.42,70.0,16.7,0.33,3.23
20230901,2023-09,156,2.35,1.31,70.0,21.4,0.33,3.26
20231001,2023-10,156,2.73,1.52,70.0,13.0,0.33,3.3
20231101,2023-11,156,2.57,1.43,70.0,21.4,0.33,3.34
20231201,2023-12,156,2.41,1.34,70.0,12.6,0.33,3.38
20240101,2024-01,156,2.89,1.61,70.0,18.7,0.33,3.42
20240201,2024-02,156,2.71,1.51,70.0,14.9,0.33,3.46
20240301,2024-03,156,2.84,1.58,70.0,8.0,0.33,3.5
20240401,2024-04,156,2.74,1.52,70.0,23.3,0.33,3.54
20240501,2024-05,156,2.98,1.66,70.0,17.1,0.33,3.59
20240601,2024-06,156,2.86,1.59,70.0,13.9,0.33,3.63
20240701,2024-07,156,2.37,1.32,70.0,17.6,0.33,3.67
20240801,2024-08,156,3.13,1.74,70.0,13.6,0.33,3.71
20240901,2024-09,156,3.04,1.69,70.0,22.7,0.33,3.76
20241001,2024-10,156,3.07,1.71,70.0,14.1,0.0,3.81
20241101,2024-11,156,2.38,1.32,70.0,18.0,0.0,3.84
20241201,2024-12,156,3.04,1.69,70.0,14.0,0.0,3.89
20250101,2025-01,156,2.85,1.58,70.0,10.5,0.0,3.93
20250201,2025-02,156,2.4,1.33,70.0,14.1,0.0,3.97
20250301,2025-03,156,2.5,1.39,70.0,15.3,0.0,4.0
20250401,2025-04,156,2.87,1.59,70.0,21.7,0.0,4.05
20250501,2025-05,156,2.84,1.58,70.0,14.0,0.0,4.09
20250601,2025-06,156,2.47,1.37,70.0,16.0,0.0,4.13
20250701,2025-07,156,2.53,1.41,70.0,19.0,0.0,4.16
20250801,2025-08,156,3.1,1.72,70.0,16.4,0.0,4.21
20250901,2025-09,156,2.68,1.49,70.0,8.8,0.0,4.25
20251001,2025-10,156,2.7,1.5,70.0,18.1,0.0,4.29
20251101,2025-11,156,3.02,1.68,70.0,19.4,0.0,4.34
20251201,2025-12,156,2.53,1.41,70.0,16.8,0.0,4.38
20221101,2022-11,157,139.07,77.26,84.1,9.0,0.53,1.32
20221201,2022-12,157,72.87,40.48,77.0,9.4,0.53,2.01
20230101,2023-01,157,29.32,16.29,76.6,16.5,0.53,2.29
20230201,2023-02,157,24.01,13.34,76.6,13.3,0.53,2.51
20230301,2023-03,157,22.24,12.36,76.6,13.2,0.53,2.72
20230401,2023-04,157,15.19,8.44,76.6,20.7,0.53,2.87
20230501,2023-05,157,16.4,9.11,76.6,17.8,0.53,3.02
20230601,2023-06,157,6.47,3.59,71.0,13.1,0.53,3.08
20230701,2023-07,157,6.82,3.79,71.0,9.0,0.53,3.15
20230801,2023-08,157,5.48,3.04,71.0,21.5,0.53,3.2
20230901,2023-09,157,6.85,3.81,71.0,12.4,0.53,3.27
20231001,2023-10,157,5.89,3.27,71.0,10.3,0.53,3.32
20231101,2023-11,157,6.74,3.74,71.0,22.0,0.53,3.39
20231201,2023-12,157,5.97,3.32,71.0,11.4,0.53,3.44
20240101,2024-01,157,5.77,3.21,71.0,15.0,0.53,3.5
20240201,2024-02,157,5.6,3.11,71.0,20.3,0.53,3.55
20240301,2024-03,157,5.99,3.33,71.0,19.8,0.53,3.61
20240401,2024-04,157,6.32,3.51,71.0,9.4,0.53,3.67
20240501,2024-05,157,6.01,3.34,71.0,10.4,0.53,3.72
20240601,2024-06,157,6.18,3.43,71.0,13.2,0.53,3.78
20240701,2024-07,157,5.61,3.12,71.0,21.3,0.53,3.83
20240801,2024-08,157,6.22,3.46,71.0,20.5,0.53,3.89
20240901,2024-09,157,5.95,3.31,71.0,12.6,0.53,3.95
20241001,2024-10,157,6.12,3.4,71.0,8.8,0.53,4.01
20241101,2024-11,157,6.47,3.59,71.0,17.2,0.53,4.07
20241201,2024-12,157,5.13,2.85,71.0,8.0,0.53,4.12
20250101,2025-01,157,6.25,3.47,71.0,9.8,0.53,4.18
20250201,2025-02,157,5.27,2.93,71.0,9.5,0.53,4.23
20250301,2025-03,157,6.75,3.75,71.0,20.3,0.53,4.29
20250401,2025-04,157,6.76,3.76,71.0,11.0,0.53,4.36
20250501,2025-05,157,6.72,3.73,71.0,10.4,0.53,4.42
20250601,2025-06,157,5.18,2.88,71.0,14.7,0.53,4.47
20250701,2025-07,157,6.17,3.43,71.0,22.3,0.53,4.53
20250801,2025-08,157,6.11,3.39,71.0,21.9,0.53,4.58
20250901,2025-09,157,5.56,3.09,71.0,19.4,0.53,4.64
20251001,2025-10,157,6.27,3.48,71.0,9.2,0.53,4.7
20251101,2025-11,157,6.09,3.38,71.0,9.6,0.0,4.75
20251201,2025-12,157,5.13,2.85,71.0,13.9,0.0,4.8
20250201,2025-02,158,36.71,4.59,91.9,23.6,0.1,1.79
20250301,2025-03,158,20.28,2.54,78.7,13.0,0.1,2.77
20250401,2025-04,158,6.56,0.82,77.8,15.2,0.1,3.09
20250501,2025-05,158,5.5,0.69,77.8,10.4,0.1,3.36
20250601,2025-06,158,4.41,0.55,77.8,10.6,0.1,3.57
20250701,2025-07,158,3.79,0.47,77.8,16.8,0.1,3.76
20250801,2025-08,158,3.08,0.39,77.8,10.0,0.1,3.91
20250901,2025-09,158,1.61,0.2,71.8,22.7,0.1,3.99
20251001,2025-10,158,1.6,0.2,71.8,14.2,0.1,4.06
20251101,2025-11,158,1.67,0.21,71.8,13.6,0.1,4.15
20251201,2025-12,158,1.57,0.2,71.8,10.6,0.1,4.22
20250901,2025-09,159,81.19,6.34,92.0,12.1,0.38,1.08
20251001,2025-10,159,47.05,3.68,84.9,14.7,0.38,1.71
20251101,2025-11,159,17.19,1.34,78.0,12.1,0.38,1.94
20251201,2025-12,159,15.46,1.21,78.0,16.6,0.38,2.15
20250301,2025-03,160,94.91,19.77,82.3,10.5,0.5,0.94
20250401,2025-04,160,49.83,10.38,78.6,21.6,0.5,1.44
20250501,2025-05,160,18.41,3.84,74.4,11.0,0.5,1.62
20250601,2025-06,160,14.86,3.1,74.4,19.1,0.5,1.77
20250701,2025-07,160,12.11,2.52,74.4,13.9,0.5,1.89
20250801,2025-08,160,11.09,2.31,74.4,19.0,0.5,2.0
20250901,2025-09,160,10.77,2.24,74.4,19.8,0.5,2.11
20251001,2025-10,160,3.14,0.65,69.3,10.2,0.5,2.14
20251101,2025-11,160,2.78,0.58,69.3,17.4,0.5,2.17
20251201,2025-12,160,2.71,0.56,69.3,17.0,0.5,2.19
20230601,2023-06,161,122.95,9.04,84.1,15.5,0.47,1.3
20230701,2023-07,161,65.34,4.8,79.2,23.9,0.47,1.99
20230801,2023-08,161,20.2,1.49,75.8,21.3,0.47,2.21
20230901,2023-09,161,20.84,1.53,75.8,19.2,0.47,2.43
20231001,2023-10,161,18.03,1.33,75.8,10.3,0.47,2.62
20231101,2023-11,161,14.87,1.09,75.8,15.3,0.47,2.78
20231201,2023-12,161,11.16,0.82,75.8,16.5,0.47,2.89
20240101,2024-01,161,3.93,0.29,70.3,23.0,0.47,2.94
20240201,2024-02,161,3.81,0.28,70.3,8.1,0.47,2.98
20240301,2024-03,161,4.14,0.3,70.3,15.1,0.47,3.02
20240401,2024-04,161,4.25,0.31,70.3,9.3,0.47,3.07
20240501,2024-05,161,4.87,0.36,70.3,16.4,0.47,3.12
20240601,2024-06,161,4.36,0.32,70.3,11.4,0.47,3.16
20240701,2024-07,161,4.48,0.33,70.3,20.9,0.47,3.21
20240801,2024-08,161,4.92,0.36,70.3,21.8,0.47,3.26
20240901,2024-09,161,3.83,0.28,70.3,20.2,0.47,3.3
20241001,2024-10,161,4.03,0.3,70.3,9.8,0.47,3.35
20241101,2024-11,161,4.78,0.35,70.3,21.2,0.47,3.4
20241201,2024-12,161,4.38,0.32,70.3,9.5,0.47,3.44
20250101,2025-01,161,4.81,0.35,70.3,23.9,0.47,3.49
20250201,2025-02,161,4.99,0.37,70.3,14.2,0.47,3.55
20250301,2025-03,161,4.83,0.36,70.3,20.0,0.47,3.6
20250401,2025-04,161,4.31,0.32,70.3,13.2,0.47,3.64
20250501,2025-05,161,4.12,0.3,70.3,18.3,0.47,3.69
20250601,2025-06,161,4.81,0.35,70.3,22.7,0.47,3.74
20250701,2025-07,161,3.74,0.27,70.3,9.4,0.47,3.78
20250801,2025-08,161,4.09,0.3,70.3,13.5,0.47,3.82
20250901,2025-09,161,4.2,0.31,70.3,20.7,0.47,3.87
20251001,2025-10,161,4.04,0.3,70.3,10.2,0.47,3.91
20251101,2025-11,161,4.72,0.35,70.3,21.3,0.47,3.96
20251201,2025-12,161,4.42,0.32,70.3,13.3,0.47,4.01
20230201,2023-02,162,23.48,2.1,85.2,11.0,0.15,0.78
20230301,2023-03,162,12.49,1.12,73.3,18.0,0.15,1.2
20230401,2023-04,162,4.61,0.41,73.2,15.4,0.15,1.35
20230501,2023-05,162,4.01,0.36,73.2,19.5,0.15,1.49
20230601,2023-06,162,3.18,0.28,73.2,23.7,0.15,1.59
20230701,2023-07,162,2.75,0.25,73.2,19.4,0.15,1.68
20230801,2023-08,162,2.63,0.23,73.2,21.0,0.15,1.77
20230901,2023-09,162,0.6,0.05,68.4,20.3,0.15,1.79
20231001,2023-10,162,0.61,0.05,68.4,22.4,0.15,1.81
20231101,2023-11,162,0.6,0.05,68.4,8.3,0.15,1.83
20231201,2023-12,162,0.55,0.05,68.4,16.5,0.15,1.85
20240101,2024-01,162,0.63,0.06,68.4,21.8,0.15,1.87
20240201,2024-02,162,0.61,0.05,68.4,8.6,0.15,1.89
20240301,2024-03,162,0.7,0.06,68.4,9.0,0.15,1.91
20240401,2024-04,162,0.59,0.05,68.4,20.2,0.15,1.93
20240501,2024-05,162,0.56,0.05,68.4,10.0,0.15,1.95
20240601,2024-06,162,0.7,0.06,68.4,11.0,0.15,1.98
20240701,2024-07,162,0.68,0.06,68.4,9.8,0.15,2.0
20240801,2024-08,162,0.6,0.05,68.4,20.7,0.15,2.02
20240901,2024-09,162,0.66,0.06,68.4,10.3,0.15,2.04
20241001,2024-10,162,0.59,0.05,68.4,13.8,0.15,2.06
20241101,2024-11,162,0.64,0.06,68.4,20.2,0.15,2.08
20241201,2024-12,162,0.62,0.06,68.4,19.9,0.15,2.1
20250101,2025-01,162,0.58,0.05,68.4,23.2,0.15,2.12
20250201,2025-02,162,0.71,0.06,68.4,18.7,0.15,2.15
20250301,2025-03,162,0.6,0.05,68.4,19.1,0.15,2.17
20250401,2025-04,162,0.63,0.06,68.4,22.4,0.15,2.19
20250501,2025-05,162,0.68,0.06,68.4,13.9,0.15,2.21
20250601,2025-06,162,0.6,0.05,68.4,15.1,0.15,2.23
20250701,2025-07,162,0.67,0.06,68.4,17.1,0.15,2.25
20250801,2025-08,162,0.72,0.06,68.4,17.7,0.15,2.28
20250901,2025-09,162,0.58,0.05,68.4,12.1,0.15,2.3
20251001,2025-10,162,0.57,0.05,68.4,10.5,0.15,2.31
20251101,2025-11,162,0.57,0.05,68.4,13.0,0.15,2.33
20251201,2025-12,162,0.61,0.05,68.4,23.1,0.15,2.35
20241001,2024-10,163,124.46,69.14,86.7,17.2,0.37,1.7
20241101,2024-11,163,79.21,44.01,88.8,23.4,0.37,2.78
20241201,2024-12,163,24.69,13.72,78.4,16.4,0.37,3.11
20250101,2025-01,163,20.01,11.12,78.4,10.1,0.37,3.39
20250201,2025-02,163,19.69,10.94,78.4,11.1,0.37,3.66
20250301,2025-03,163,14.11,7.84,78.4,20.2,0.37,3.85
20250401,2025-04,163,14.65,8.14,78.4,21.4,0.37,4.05
20250501,2025-05,163,6.16,3.42,72.3,22.2,0.37,4.13
20250601,2025-06,163,6.42,3.57,72.3,18.2,0.37,4.22
20250701,2025-07,163,6.68,3.71,72.3,19.0,0.37,4.31
20250801,2025-08,163,6.6,3.67,72.3,19.9,0.37,4.4
20250901,2025-09,163,6.47,3.59,72.3,20.2,0.37,4.49
20251001,2025-10,163,5.92,3.29,72.3,21.8,0.37,4.57
20251101,2025-11,163,6.24,3.47,72.3,13.1,0.37,4.65
20251201,2025-12,163,5.54,3.08,72.3,22.8,0.37,4.73
20220201,2022-02,164,58.92,6.7,81.3,12.3,0.31,0.94
20220301,2022-03,164,35.42,4.02,77.5,17.0,0.31,1.5
20220401,2022-04,164,12.89,1.46,75.4,11.3,0.31,1.71
20220501,2022-05,164,13.19,1.5,75.4,16.2,0.31,1.92
20220601,2022-06,164,10.2,1.16,75.4,12.9,0.31,2.08
20220701,2022-07,164,8.43,0.96,75.4,9.1,0.31,2.21
20220801,2022-08,164,6.46,0.73,75.4,19.5,0.31,2.32
20220901,2022-09,164,2.97,0.34,70.0,16.9,0.31,2.37
20221001,2022-10,164,2.74,0.31,70.0,8.9,0.31,2.41
20221101,2022-11,164,2.97,0.34,70.0,20.9,0.31,2.46
20221201,2022-12,164,2.68,0.3,70.0,23.6,0.31,2.5
20230101,2023-01,164,2.46,0.28,70.0,9.2,0.31,2.54
20230201,2023-02,164,2.89,0.33,70.0,14.1,0.31,2.58
20230301,2023-03,164,2.37,0.27,70.0,16.6,0.31,2.62
20230401,2023-04,164,2.64,0.3,70.0,9.5,0.31,2.66
20230501,2023-05,164,2.91,0.33,70.0,16.0,0.31,2.71
20230601,2023-06,164,2.23,0.25,70.0,14.8,0.31,2.75
20230701,2023-07,164,2.39,0.27,70.0,19.9,0.31,2.78
20230801,2023-08,164,2.69,0.31,70.0,14.5,0.31,2.83
20230901,2023-09,164,2.82,0.32,70.0,8.6,0.31,2.87
20231001,2023-10,164,2.49,0.28,70.0,14.8,0.31,2.91
20231101,2023-11,164,2.55,0.29,70.0,14.5,0.31,2.95
20231201,2023-12,164,2.39,0.27,70.0,11.0,0.31,2.99
20240101,2024-01,164,2.43,0.28,70.0,20.1,0.31,3.03
20240201,2024-02,164,2.77,0.31,70.0,23.5,0.31,3.07
20240301,2024-03,164,2.24,0.25,70.0,20.3,0.31,3.11
20240401,2024-04,164,2.44,0.28,70.0,20.2,0.31,3.15
20240501,2024-05,164,2.46,0.28,70.0,16.9,0.31,3.19
20240601,2024-06,164,2.94,0.33,70.0,22.1,0.31,3.23
20240701,2024-07,164,2.86,0.32,70.0,16.4,0.31,3.28
20240801,2024-08,164,2.44,0.28,70.0,9.4,0.31,3.32
20240901,2024-09,164,2.28,0.26,70.0,8.9,0.31,3.35
20241001,2024-10,164,2.77,0.31,70.0,15.8,0.31,3.4
20241101,2024-11,164,2.44,0.28,70.0,11.6,0.31,3.44
20241201,2024-12,164,2.81,0.32,70.0,16.6,0.31,3.48
20250101,2025-01,164,2.22,0.25,70.0,8.8,0.31,3.52
20250201,2025-02,164,2.78,0.32,70.0,22.9,0.0,3.56
20250301,2025-03,164,2.89,0.33,70.0,10.3,0.0,3.61
20250401,2025-04,164,2.51,0.29,70.0,8.9,0.0,3.65
20250501,2025-05,164,2.75,0.31,70.0,21.5,0.0,3.69
20250601,2025-06,164,2.58,0.29,70.0,9.9,0.0,3.73
20250701,2025-07,164,2.29,0.26,70.0,13.8,0.0,3.77
20250801,2025-08,164,2.79,0.32,70.0,23.7,0.0,3.81
20250901,2025-09,164,2.81,0.32,70.0,18.1,0.0,3.86
20251001,2025-10,164,2.54,0.29,70.0,20.2,0.0,3.9
20251101,2025-11,164,2.29,0.26,70.0,13.4,0.0,3.93
20251201,2025-12,164,2.63,0.3,70.0,17.2,0.0,3.98
20220101,2022-01,165,80.46,44.7,89.9,14.9,0.26,1.56
20220201,2022-02,165,38.56,21.42,82.2,10.4,0.26,2.3
20220301,2022-03,165,13.57,7.54,79.0,19.3,0.26,2.57
20220401,2022-04,165,11.49,6.38,79.0,20.4,0.26,2.79
20220501,2022-05,165,8.79,4.88,79.0,13.3,0.26,2.96
20220601,2022-06,165,7.66,4.26,79.0,12.2,0.26,3.11
20220701,2022-07,165,7.26,4.03,79.0,13.8,0.26,3.25
20220801,2022-08,165,3.19,1.77,72.8,22.6,0.26,3.31
20220901,2022-09,165,3.53,1.96,72.8,15.0,0.26,3.38
20221001,2022-10,165,3.47,1.93,72.8,9.4,0.26,3.44
20221101,2022-11,165,3.42,1.9,72.8,21.9,0.26,3.51
20221201,2022-12,165,3.78,2.1,72.8,16.4,0.26,3.58
20230101,2023-01,165,3.79,2.11,72.8,10.4,0.26,3.66
20230201,2023-02,165,3.72,2.07,72.8,8.8,0.26,3.73
20230301,2023-03,165,3.84,2.13,72.8,20.4,0.26,3.8
20230401,2023-04,165,4.05,2.25,72.8,22.4,0.26,3.88
20230501,2023-05,165,3.98,2.21,72.8,22.6,0.26,3.96
20230601,2023-06,165,3.57,1.98,72.8,23.7,0.26,4.03
20230701,2023-07,165,3.71,2.06,72.8,9.0,0.26,4.1
20230801,2023-08,165,4.21,2.34,72.8,16.3,0.26,4.18
20230901,2023-09,165,3.64,2.02,72.8,15.1,0.26,4.25
20231001,2023-10,165,3.82,2.12,72.8,14.9,0.26,4.33
20231101,2023-11,165,3.13,1.74,72.8,16.5,0.26,4.39
20231201,2023-12,165,3.17,1.76,72.8,23.8,0.26,4.45
20240101,2024-01,165,3.65,2.03,72.8,13.3,0.26,4.52
20240201,2024-02,165,4.02,2.23,72.8,14.3,0.26,4.6
20240301,2024-03,165,4.12,2.29,72.8,16.6,0.26,4.68
20240401,2024-04,165,3.93,2.18,72.8,12.9,0.26,4.75
20240501,2024-05,165,3.72,2.07,72.8,23.7,0.26,4.82
20240601,2024-06,165,3.3,1.83,72.8,23.7,0.26,4.89
20240701,2024-07,165,3.42,1.9,72.8,18.9,0.26,4.95
20240801,2024-08,165,3.65,2.03,72.8,19.3,0.26,5.02
20240901,2024-09,165,3.98,2.21,72.8,18.5,0.26,5.1
20241001,2024-10,165,3.29,1.83,72.8,22.8,0.26,5.17
20241101,2024-11,165,4.09,2.27,72.8,17.3,0.26,5.24
20241201,2024-12,165,4.05,2.25,72.8,13.9,0.26,5.32
20250101,2025-01,165,3.52,1.96,72.8,16.1,0.0,5.39
20250201,2025-02,165,3.73,2.07,72.8,21.3,0.0,5.46
20250301,2025-03,165,3.89,2.16,72.8,14.9,0.0,5.54
20250401,2025-04,165,4.1,2.28,72.8,22.6,0.0,5.62
20250501,2025-05,165,4.16,2.31,72.8,16.6,0.0,5.7
20250601,2025-06,165,3.92,2.18,72.8,16.8,0.0,5.77
20250701,2025-07,165,3.54,1.97,72.8,14.7,0.0,5.84
20250801,2025-08,165,3.56,1.98,72.8,9.0,0.0,5.91
20250901,2025-09,165,4.19,2.33,72.8,16.9,0.0,5.99
20251001,2025-10,165,3.42,1.9,72.8,10.0,0.0,6.06
20251101,2025-11,165,3.66,2.03,72.8,8.0,0.0,6.13
20251201,2025-12,165,3.18,1.77,72.8,21.4,0.0,6.19
20220901,2022-09,166,89.11,49.51,83.7,16.2,0.52,0.86
20221001,2022-10,166,52.82,29.34,82.6,13.3,0.52,1.37
20221101,2022-11,166,20.29,11.27,74.6,15.0,0.52,1.56
20221201,2022-12,166,16.47,9.15,74.6,10.5,0.52,1.72
20230101,2023-01,166,15.34,8.52,74.6,16.5,0.52,1.87
20230201,2023-02,166,12.51,6.95,74.6,22.4,0.52,1.99
20230301,2023-03,166,10.26,5.7,74.6,10.0,0.52,2.09
20230401,2023-04,166,3.08,1.71,69.5,9.7,0.52,2.12
20230501,2023-05,166,3.3,1.83,69.5,16.9,0.52,2.15
20230601,2023-06,166,3.69,2.05,69.5,17.4,0.52,2.18
20230701,2023-07,166,3.41,1.89,69.5,9.5,0.52,2.22
20230801,2023-08,166,3.14,1.74,69.5,23.6,0.52,2.25
20230901,2023-09,166,3.9,2.17,69.5,14.0,0.52,2.28
20231001,2023-10,166,3.48,1.93,69.5,22.2,0.52,2.32
20231101,2023-11,166,3.8,2.11,69.5,12.2,0.52,2.35
20231201,2023-12,166,3.71,2.06,69.5,22.5,0.52,2.39
20240101,2024-01,166,3.09,1.72,69.5,20.4,0.52,2.42
20240201,2024-02,166,3.83,2.13,69.5,9.2,0.52,2.46
20240301,2024-03,166,3.36,1.87,69.5,10.8,0.52,2.49
20240401,2024-04,166,3.49,1.94,69.5,20.9,0.52,2.52
20240501,2024-05,166,3.7,2.06,69.5,16.1,0.52,2.56
20240601,2024-06,166,3.19,1.77,69.5,12.3,0.52,2.59
20240701,2024-07,166,3.12,1.73,69.5,20.9,0.52,2.62
20240801,2024-08,166,3.4,1.89,69.5,12.0,0.52,2.65
20240901,2024-09,166,3.4,1.89,69.5,14.0,0.52,2.68
20241001,2024-10,166,3.47,1.93,69.5,14.3,0.52,2.72
20241101,2024-11,166,2.98,1.66,69.5,20.0,0.52,2.75
20241201,2024-12,166,3.04,1.69,69.5,18.1,0.52,2.78
20250101,2025-01,166,3.93,2.18,69.5,10.9,0.52,2.81
20250201,2025-02,166,2.98,1.66,69.5,8.7,0.52,2.84
20250301,2025-03,166,3.46,1.92,69.5,16.3,0.52,2.88
20250401,2025-04,166,3.06,1.7,69.5,10.8,0.52,2.91
20250501,2025-05,166,2.97,1.65,69.5,23.9,0.52,2.93
20250601,2025-06,166,3.11,1.73,69.5,19.0,0.52,2.96
20250701,2025-07,166,3.46,1.92,69.5,16.3,0.52,3.0
20250801,2025-08,166,3.65,2.03,69.5,18.3,0.52,3.03
20250901,2025-09,166,3.17,1.76,69.5,13.2,0.0,3.06
20251001,2025-10,166,3.53,1.96,69.5,21.5,0.0,3.1
20251101,2025-11,166,2.99,1.66,69.5,14.5,0.0,3.13
20251201,2025-12,166,3.53,1.96,69.5,17.1,0.0,3.16
20210701,2021-07,167,997.16,77.9,86.3,21.7,3.5,1.42
20210801,2021-08,167,619.91,48.43,83.1,13.2,3.5,2.31
20210901,2021-09,167,173.57,13.56,77.0,8.6,3.5,2.56
20211001,2021-10,167,171.7,13.41,77.0,18.0,3.5,2.8
20211101,2021-11,167,152.55,11.92,77.0,16.9,3.5,3.02
20211201,2021-12,167,128.17,10.01,77.0,9.9,3.5,3.2
20220101,2022-01,167,102.55,8.01,77.0,15.4,3.5,3.35
20220201,2022-02,167,42.68,3.33,71.2,23.3,3.5,3.41
20220301,2022-03,167,43.56,3.4,71.2,21.9,3.5,3.47
20220401,2022-04,167,42.36,3.31,71.2,18.3,3.5,3.53
20220501,2022-05,167,42.67,3.33,71.2,8.7,3.5,3.59
20220601,2022-06,167,48.54,3.79,71.2,9.9,3.5,3.66
20220701,2022-07,167,43.54,3.4,71.2,9.7,3.5,3.72
20220801,2022-08,167,45.89,3.59,71.2,8.3,3.5,3.79
20220901,2022-09,167,39.57,3.09,71.2,11.2,3.5,3.85
20221001,2022-10,167,49.24,3.85,71.2,13.1,3.5,3.92
20221101,2022-11,167,40.21,3.14,71.2,16.1,3.5,3.97
20221201,2022-12,167,42.8,3.34,71.2,10.5,3.5,4.03
20230101,2023-01,167,46.64,3.64,71.2,10.6,3.5,4.1
20230201,2023-02,167,47.91,3.74,71.2,17.5,3.5,4.17
20230301,2023-03,167,43.14,3.37,71.2,23.4,3.5,4.23
20230401,2023-04,167,40.69,3.18,71.2,16.4,3.5,4.29
20230501,2023-05,167,44.16,3.45,71.2,15.2,3.5,4.35
20230601,2023-06,167,49.54,3.87,71.2,13.9,3.5,4.42
20230701,2023-07,167,37.28,2.91,71.2,17.8,3.5,4.48
20230801,2023-08,167,44.78,3.5,71.2,18.2,3.5,4.54
20230901,2023-09,167,49.24,3.85,71.2,18.1,3.5,4.61
20231001,2023-10,167,40.14,3.14,71.2,17.8,3.5,4.67
20231101,2023-11,167,43.2,3.38,71.2,19.5,3.5,4.73
20231201,2023-12,167,49.87,3.9,71.2,18.1,3.5,4.8
20240101,2024-01,167,43.53,3.4,71.2,9.6,3.5,4.86
20240201,2024-02,167,44.78,3.5,71.2,18.3,3.5,4.93
20240301,2024-03,167,42.12,3.29,71.2,16.7,3.5,4.99
20240401,2024-04,167,48.27,3.77,71.2,15.4,3.5,5.06
20240501,2024-05,167,40.02,3.13,71.2,16.8,3.5,5.11
20240601,2024-06,167,49.06,3.83,71.2,22.5,3.5,5.18
20240701,2024-07,167,44.94,3.51,71.2,10.7,0.0,5.25
20240801,2024-08,167,41.44,3.24,71.2,21.1,0.0,5.31
20240901,2024-09,167,47.15,3.68,71.2,23.8,0.0,5.37
20241001,2024-10,167,46.84,3.66,71.2,14.6,0.0,5.44
20241101,2024-11,167,47.07,3.68,71.2,19.4,0.0,5.51
20241201,2024-12,167,41.51,3.24,71.2,12.6,0.0,5.57
20250101,2025-01,167,44.92,3.51,71.2,18.4,0.0,5.63
20250201,2025-02,167,38.2,2.98,71.2,14.6,0.0,5.69
20250301,2025-03,167,42.91,3.35,71.2,13.1,0.0,5.75
20250401,2025-04,167,46.68,3.65,71.2,13.0,0.0,5.81
20250501,2025-05,167,43.7,3.41,71.2,13.1,0.0,5.88
20250601,2025-06,167,49.69,3.88,71.2,12.2,0.0,5.95
20250701,2025-07,167,40.01,3.13,71.2,15.2,0.0,6.0
20250801,2025-08,167,39.16,3.06,71.2,20.3,0.0,6.06
20250901,2025-09,167,38.15,2.98,71.2,21.4,0.0,6.11
20251001,2025-10,167,40.63,3.17,71.2,10.4,0.0,6.17
20251101,2025-11,167,40.42,3.16,71.2,16.3,0.0,6.23
20251201,2025-12,167,42.23,3.3,71.2,14.4,0.0,6.29
20230601,2023-06,168,134.22,16.78,79.5,17.4,1.08,0.62
20230701,2023-07,168,76.12,9.52,78.7,10.4,1.08,0.98
20230801,2023-08,168,34.54,4.32,74.6,20.5,1.08,1.14
20230901,2023-09,168,22.17,2.77,74.6,15.9,1.08,1.24
20231001,2023-10,168,24.4,3.05,74.6,10.4,1.08,1.36
20231101,2023-11,168,19.5,2.44,74.6,18.6,1.08,1.45
20231201,2023-12,168,14.26,1.78,74.6,9.0,1.08,1.51
20240101,2024-01,168,4.47,0.56,69.5,9.8,1.08,1.53
20240201,2024-02,168,5.95,0.74,69.5,8.6,1.08,1.56
20240301,2024-03,168,5.67,0.71,69.5,9.4,1.08,1.59
20240401,2024-04,168,5.18,0.65,69.5,19.5,1.08,1.61
20240501,2024-05,168,5.8,0.72,69.5,8.3,1.08,1.64
20240601,2024-06,168,5.87,0.73,69.5,22.3,1.08,1.67
20240701,2024-07,168,5.79,0.72,69.5,21.0,1.08,1.69
20240801,2024-08,168,4.65,0.58,69.5,20.1,1.08,1.71
20240901,2024-09,168,5.65,0.71,69.5,12.1,1.08,1.74
20241001,2024-10,168,5.92,0.74,69.5,13.0,1.08,1.77
20241101,2024-11,168,4.73,0.59,69.5,17.0,1.08,1.79
20241201,2024-12,168,4.91,0.61,69.5,14.2,1.08,1.81
20250101,2025-01,168,4.75,0.59,69.5,14.9,1.08,1.84
20250201,2025-02,168,5.41,0.68,69.5,16.8,1.08,1.86
20250301,2025-03,168,5.58,0.7,69.5,9.3,1.08,1.89
20250401,2025-04,168,6.0,0.75,69.5,22.0,1.08,1.91
20250501,2025-05,168,5.53,0.69,69.5,8.9,1.08,1.94
20250601,2025-06,168,5.67,0.71,69.5,18.1,1.08,1.97
20250701,2025-07,168,5.88,0.73,69.5,14.1,1.08,1.99
20250801,2025-08,168,4.95,0.62,69.5,18.6,1.08,2.02
20250901,2025-09,168,5.82,0.73,69.5,16.8,1.08,2.04
20251001,2025-10,168,5.06,0.63,69.5,15.3,1.08,2.07
20251101,2025-11,168,5.56,0.69,69.5,18.2,1.08,2.09
20251201,2025-12,168,5.61,0.7,69.5,15.8,1.08,2.12
20210801,2021-08,169,183.32,38.19,89.9,13.0,0.76,1.21
20210901,2021-09,169,108.77,22.66,88.7,13.6,0.76,1.93
20211001,2021-10,169,43.67,9.1,77.0,23.2,0.76,2.21
20211101,2021-11,169,40.28,8.39,77.0,9.9,0.76,2.48
20211201,2021-12,169,26.48,5.52,77.0,20.5,0.76,2.65
20220101,2022-01,169,24.71,5.15,77.0,22.1,0.76,2.82
20220201,2022-02,169,19.68,4.1,77.0,16.6,0.76,2.95
20220301,2022-03,169,8.64,1.8,71.2,11.1,0.76,3.0
20220401,2022-04,169,9.15,1.91,71.2,10.0,0.76,3.06
20220501,2022-05,169,10.36,2.16,71.2,9.1,0.76,3.13
20220601,2022-06,169,10.56,2.2,71.2,15.5,0.76,3.2
20220701,2022-07,169,8.57,1.79,71.2,13.4,0.76,3.26
20220801,2022-08,169,9.58,2.0,71.2,13.9,0.76,3.32
20220901,2022-09,169,9.88,2.06,71.2,13.2,0.76,3.39
20221001,2022-10,169,8.19,1.71,71.2,11.6,0.76,3.44
20221101,2022-11,169,9.52,1.98,71.2,19.4,0.76,3.5
20221201,2022-12,169,8.84,1.84,71.2,17.1,0.76,3.56
20230101,2023-01,169,8.34,1.74,71.2,22.3,0.76,3.62
20230201,2023-02,169,10.76,2.24,71.2,10.0,0.76,3.69
20230301,2023-03,169,9.2,1.92,71.2,19.9,0.76,3.75
20230401,2023-04,169,9.11,1.9,71.2,19.3,0.76,3.81
20230501,2023-05,169,8.78,1.83,71.2,17.3,0.76,3.87
20230601,2023-06,169,9.87,2.06,71.2,22.1,0.76,3.93
20230701,2023-07,169,9.44,1.97,71.2,23.6,0.76,3.99
20230801,2023-08,169,8.57,1.79,71.2,21.4,0.76,4.05
20230901,2023-09,169,8.51,1.77,71.2,10.8,0.76,4.11
20231001,2023-10,169,10.34,2.15,71.2,10.8,0.76,4.17
20231101,2023-11,169,10.15,2.11,71.2,12.4,0.76,4.24
20231201,2023-12,169,8.11,1.69,71.2,22.1,0.76,4.29
20240101,2024-01,169,10.49,2.19,71.2,14.2,0.76,4.36
20240201,2024-02,169,10.73,2.24,71.2,21.2,0.76,4.43
20240301,2024-03,169,9.44,1.97,71.2,16.4,0.76,4.5
20240401,2024-04,169,10.32,2.15,71.2,22.9,0.76,4.57
20240501,2024-05,169,10.63,2.21,71.2,16.7,0.76,4.64
20240601,2024-06,169,10.06,2.1,71.2,11.4,0.76,4.7
20240701,2024-07,169,9.1,1.9,71.2,22.1,0.76,4.76
20240801,2024-08,169,9.27,1.93,71.2,20.1,0.0,4.82
20240901,2024-09,169,10.39,2.16,71.2,16.4,0.0,4.89
20241001,2024-10,169,9.36,1.95,71.2,11.3,0.0,4.95
20241101,2024-11,169,10.66,2.22,71.2,10.1,0.0,5.02
20241201,2024-12,169,9.35,1.95,71.2,15.9,0.0,5.08
20250101,2025-01,169,9.58,2.0,71.2,15.9,0.0,5.15
20250201,2025-02,169,9.65,2.01,71.2,10.1,0.0,5.21
20250301,2025-03,169,8.91,1.86,71.2,14.4,0.0,5.27
20250401,2025-04,169,8.85,1.84,71.2,19.3,0.0,5.33
20250501,2025-05,169,10.15,2.11,71.2,9.4,0.0,5.4
20250601,2025-06,169,9.71,2.02,71.2,8.6,0.0,5.46
20250701,2025-07,169,8.56,1.78,71.2,23.3,0.0,5.52
20250801,2025-08,169,9.64,2.01,71.2,11.6,0.0,5.58
20250901,2025-09,169,10.73,2.24,71.2,17.3,0.0,5.65
20251001,2025-10,169,8.12,1.69,71.2,18.0,0.0,5.7
20251101,2025-11,169,9.63,2.01,71.2,10.9,0.0,5.77
20251201,2025-12,169,10.25,2.14,71.2,20.9,0.0,5.83
20220601,2022-06,170,108.87,9.72,84.8,13.6,0.59,0.93
20220701,2022-07,170,56.79,5.07,81.6,23.8,0.59,1.41
20220801,2022-08,170,24.05,2.15,76.2,22.4,0.59,1.62
20220901,2022-09,170,18.98,1.69,76.2,16.7,0.59,1.78
20221001,2022-10,170,17.63,1.57,76.2,10.8,0.59,1.93
20221101,2022-11,170,13.79,1.23,76.2,8.0,0.59,2.05
20221201,2022-12,170,10.5,0.94,76.2,15.3,0.59,2.14
20230101,2023-01,170,4.52,0.4,70.7,17.9,0.59,2.18
20230201,2023-02,170,4.89,0.44,70.7,15.3,0.59,2.22
20230301,2023-03,170,3.84,0.34,70.7,22.1,0.59,2.25
20230401,2023-04,170,4.61,0.41,70.7,12.9,0.59,2.29
20230501,2023-05,170,4.42,0.39,70.7,9.2,0.59,2.33
20230601,2023-06,170,4.74,0.42,70.7,23.7,0.59,2.37
20230701,2023-07,170,3.75,0.33,70.7,15.5,0.59,2.4
20230801,2023-08,170,4.07,0.36,70.7,22.7,0.59,2.44
20230901,2023-09,170,5.02,0.45,70.7,18.0,0.59,2.48
20231001,2023-10,170,4.36,0.39,70.7,18.9,0.59,2.52
20231101,2023-11,170,4.74,0.42,70.7,22.8,0.59,2.56
20231201,2023-12,170,4.84,0.43,70.7,12.8,0.59,2.6
20240101,2024-01,170,4.97,0.44,70.7,13.3,0.59,2.64
20240201,2024-02,170,3.94,0.35,70.7,23.6,0.59,2.67
20240301,2024-03,170,4.76,0.42,70.7,11.5,0.59,2.71
20240401,2024-04,170,4.21,0.38,70.7,12.7,0.59,2.75
20240501,2024-05,170,4.36,0.39,70.7,13.9,0.59,2.79
20240601,2024-06,170,5.05,0.45,70.7,8.4,0.59,2.83
20240701,2024-07,170,4.89,0.44,70.7,19.9,0.59,2.87
20240801,2024-08,170,4.54,0.41,70.7,10.7,0.59,2.91
20240901,2024-09,170,4.17,0.37,70.7,23.0,0.59,2.95
20241001,2024-10,170,4.98,0.44,70.7,10.7,0.59,2.99
20241101,2024-11,170,4.82,0.43,70.7,16.3,0.59,3.03
20241201,2024-12,170,4.85,0.43,70.7,22.1,0.59,3.07
20250101,2025-01,170,4.68,0.42,70.7,23.3,0.59,3.11
20250201,2025-02,170,4.21,0.38,70.7,12.0,0.59,3.15
20250301,2025-03,170,4.82,0.43,70.7,9.9,0.59,3.19
20250401,2025-04,170,4.52,0.4,70.7,19.7,0.59,3.23
20250501,2025-05,170,4.59,0.41,70.7,21.4,0.59,3.27
20250601,2025-06,170,4.01,0.36,70.7,17.9,0.0,3.3
20250701,2025-07,170,4.39,0.39,70.7,17.1,0.0,3.34
20250801,2025-08,170,4.58,0.41,70.7,23.7,0.0,3.38
20250901,2025-09,170,4.23,0.38,70.7,13.6,0.0,3.41
20251001,2025-10,170,4.78,0.43,70.7,21.1,0.0,3.45
20251101,2025-11,170,4.76,0.42,70.7,15.0,0.0,3.49
20251201,2025-12,170,4.55,0.41,70.7,11.5,0.0,3.53
20231101,2023-11,171,34.24,5.35,88.6,22.2,0.12,1.4
20231201,2023-12,171,24.51,3.83,86.6,22.7,0.12,2.4
20240101,2024-01,171,7.79,1.22,78.0,14.2,0.12,2.72
20240201,2024-02,171,6.39,1.0,78.0,14.9,0.12,2.98
20240301,2024-03,171,5.12,0.8,78.0,22.0,0.12,3.19
20240401,2024-04,171,4.84,0.76,78.0,10.8,0.12,3.39
20240501,2024-05,171,3.82,0.6,78.0,20.1,0.12,3.55
20240601,2024-06,171,1.94,0.3,72.0,13.5,0.12,3.63
20240701,2024-07,171,1.99,0.31,72.0,16.7,0.12,3.71
20240801,2024-08,171,1.93,0.3,72.0,8.8,0.12,3.79
20240901,2024-09,171,2.01,0.31,72.0,17.4,0.12,3.87
20241001,2024-10,171,2.15,0.34,72.0,20.5,0.12,3.96
20241101,2024-11,171,2.09,0.33,72.0,22.4,0.12,4.04
20241201,2024-12,171,1.88,0.29,72.0,14.8,0.12,4.12
20250101,2025-01,171,1.81,0.28,72.0,23.7,0.12,4.19
20250201,2025-02,171,1.63,0.25,72.0,11.9,0.12,4.26
20250301,2025-03,171,1.9,0.3,72.0,9.8,0.12,4.34
20250401,2025-04,171,1.98,0.31,72.0,10.7,0.12,4.42
20250501,2025-05,171,2.02,0.32,72.0,10.4,0.12,4.5
20250601,2025-06,171,2.17,0.34,72.0,8.1,0.12,4.59
20250701,2025-07,171,2.1,0.33,72.0,14.2,0.12,4.68
20250801,2025-08,171,2.12,0.33,72.0,20.6,0.12,4.76
20250901,2025-09,171,1.9,0.3,72.0,23.3,0.12,4.84
20251001,2025-10,171,1.93,0.3,72.0,19.1,0.12,4.92
20251101,2025-11,171,2.19,0.34,72.0,11.3,0.12,5.01
20251201,2025-12,171,1.79,0.28,72.0,8.2,0.12,5.08
20250501,2025-05,172,60.09,5.37,91.9,16.5,0.2,1.48
20250601,2025-06,172,37.69,3.37,77.9,12.3,0.2,2.41
20250701,2025-07,172,10.99,0.98,80.0,15.8,0.2,2.68
20250801,2025-08,172,10.1,0.9,80.0,16.5,0.2,2.93
20250901,2025-09,172,8.32,0.74,80.0,8.2,0.2,3.14
20251001,2025-10,172,6.59,0.59,80.0,20.6,0.2,3.3
20251101,2025-11,172,5.99,0.53,80.0,8.5,0.2,3.45
20251201,2025-12,172,3.57,0.32,73.5,19.1,0.2,3.53
20240701,2024-07,173,28.02,2.06,84.7,18.9,0.18,0.79
20240801,2024-08,173,17.71,1.3,71.0,23.9,0.18,1.29
20240901,2024-09,173,6.17,0.45,74.0,12.5,0.18,1.46
20241001,2024-10,173,4.83,0.36,74.0,21.7,0.18,1.6
20241101,2024-11,173,4.37,0.32,74.0,17.0,0.18,1.72
20241201,2024-12,173,3.46,0.25,74.0,11.0,0.18,1.82
20250101,2025-01,173,3.28,0.24,74.0,11.6,0.18,1.91
20250201,2025-02,173,0.9,0.07,69.0,18.0,0.18,1.93
20250301,2025-03,173,0.98,0.07,69.0,14.2,0.18,1.96
20250401,2025-04,173,0.94,0.07,69.0,19.0,0.18,1.99
20250501,2025-05,173,0.86,0.06,69.0,16.4,0.18,2.01
20250601,2025-06,173,1.01,0.07,69.0,10.7,0.18,2.04
20250701,2025-07,173,1.01,0.07,69.0,14.0,0.18,2.07
20250801,2025-08,173,0.87,0.06,69.0,21.6,0.18,2.09
20250901,2025-09,173,1.11,0.08,69.0,16.9,0.18,2.12
20251001,2025-10,173,1.12,0.08,69.0,19.7,0.18,2.16
20251101,2025-11,173,0.89,0.07,69.0,17.0,0.18,2.18
20251201,2025-12,173,1.1,0.08,69.0,14.0,0.18,2.21
20230301,2023-03,174,68.53,38.07,85.5,22.3,0.24,1.45
20230401,2023-04,174,32.05,17.81,83.9,20.6,0.24,2.13
20230501,2023-05,174,13.53,7.52,76.4,14.6,0.24,2.42
20230601,2023-06,174,9.45,5.25,76.4,22.2,0.24,2.62
20230701,2023-07,174,9.91,5.51,76.4,19.3,0.24,2.83
20230801,2023-08,174,7.08,3.93,76.4,9.0,0.24,2.98
20230901,2023-09,174,6.9,3.83,76.4,11.3,0.24,3.12
20231001,2023-10,174,2.21,1.23,70.8,16.7,0.24,3.17
20231101,2023-11,174,2.8,1.56,70.8,20.8,0.24,3.23
20231201,2023-12,174,2.49,1.38,70.8,11.7,0.24,3.28
20240101,2024-01,174,2.19,1.22,70.8,16.8,0.24,3.33
20240201,2024-02,174,2.83,1.57,70.8,13.6,0.24,3.39
20240301,2024-03,174,2.78,1.54,70.8,11.1,0.24,3.45
20240401,2024-04,174,2.22,1.23,70.8,20.0,0.24,3.49
20240501,2024-05,174,2.19,1.22,70.8,20.6,0.24,3.54
20240601,2024-06,174,2.18,1.21,70.8,14.5,0.24,3.59
20240701,2024-07,174,2.22,1.23,70.8,10.6,0.24,3.63
20240801,2024-08,174,2.59,1.44,70.8,21.7,0.24,3.69
20240901,2024-09,174,2.2,1.22,70.8,14.2,0.24,3.73
20241001,2024-10,174,2.4,1.33,70.8,9.9,0.24,3.79
20241101,2024-11,174,2.36,1.31,70.8,15.4,0.24,3.84
20241201,2024-12,174,2.66,1.48,70.8,15.8,0.24,3.89
20250101,2025-01,174,2.66,1.48,70.8,10.6,0.24,3.95
20250201,2025-02,174,2.55,1.42,70.8,15.6,0.24,4.0
20250301,2025-03,174,2.88,1.6,70.8,21.0,0.24,4.06
20250401,2025-04,174,2.19,1.22,70.8,14.8,0.24,4.11
20250501,2025-05,174,2.48,1.38,70.8,9.0,0.24,4.16
20250601,2025-06,174,2.79,1.55,70.8,18.9,0.24,4.22
20250701,2025-07,174,2.67,1.48,70.8,11.5,0.24,4.28
20250801,2025-08,174,2.19,1.22,70.8,14.6,0.24,4.32
20250901,2025-09,174,2.56,1.42,70.8,11.4,0.24,4.38
20251001,2025-10,174,2.33,1.29,70.8,21.8,0.24,4.43
20251101,2025-11,174,2.5,1.39,70.8,15.9,0.24,4.48
20251201,2025-12,174,2.68,1.49,70.8,23.2,0.24,4.54
20230101,2023-01,175,50.02,27.79,89.4,18.2,0.3,0.84
20230201,2023-02,175,27.06,15.03,74.4,11.4,0.3,1.3
20230301,2023-03,175,9.19,5.11,73.6,10.1,0.3,1.45
20230401,2023-04,175,8.65,4.81,73.6,11.9,0.3,1.6
20230501,2023-05,175,6.51,3.62,73.6,10.8,0.3,1.71
20230601,2023-06,175,6.47,3.59,73.6,9.5,0.3,1.82
20230701,2023-07,175,4.25,2.36,73.6,21.0,0.3,1.89
20230801,2023-08,175,1.32,0.73,68.7,21.3,0.3,1.91
20230901,2023-09,175,1.51,0.84,68.7,8.1,0.3,1.93
20231001,2023-10,175,1.24,0.69,68.7,12.6,0.3,1.96
20231101,2023-11,175,1.45,0.81,68.7,13.9,0.3,1.98
20231201,2023-12,175,1.52,0.84,68.7,9.3,0.3,2.01
20240101,2024-01,175,1.67,0.93,68.7,12.2,0.3,2.03
20240201,2024-02,175,1.47,0.82,68.7,19.2,0.3,2.06
20240301,2024-03,175,1.53,0.85,68.7,18.8,0.3,2.08
20240401,2024-04,175,1.45,0.81,68.7,19.9,0.3,2.11
20240501,2024-05,175,1.61,0.89,68.7,12.9,0.3,2.14
20240601,2024-06,175,1.31,0.73,68.7,18.5,0.3,2.16
20240701,2024-07,175,1.43,0.79,68.7,15.3,0.3,2.18
20240801,2024-08,175,1.55,0.86,68.7,8.3,0.3,2.21
20240901,2024-09,175,1.58,0.88,68.7,18.9,0.3,2.23
20241001,2024-10,175,1.46,0.81,68.7,19.7,0.3,2.26
20241101,2024-11,175,1.31,0.73,68.7,16.9,0.3,2.28
20241201,2024-12,175,1.36,0.76,68.7,9.4,0.3,2.3
20250101,2025-01,175,1.51,0.84,68.7,20.8,0.3,2.33
20250201,2025-02,175,1.56,0.87,68.7,17.0,0.3,2.35
20250301,2025-03,175,1.62,0.9,68.7,18.9,0.3,2.38
20250401,2025-04,175,1.38,0.77,68.7,12.0,0.3,2.41
20250501,2025-05,175,1.31,0.73,68.7,23.3,0.3,2.43
20250601,2025-06,175,1.56,0.87,68.7,15.8,0.3,2.45
20250701,2025-07,175,1.45,0.81,68.7,17.3,0.3,2.48
20250801,2025-08,175,1.53,0.85,68.7,18.2,0.3,2.5
20250901,2025-09,175,1.34,0.74,68.7,17.1,0.3,2.53
20251001,2025-10,175,1.54,0.86,68.7,12.2,0.3,2.55
20251101,2025-11,175,1.62,0.9,68.7,11.3,0.3,2.58
20251201,2025-12,175,1.47,0.82,68.7,20.5,0.3,2.6
20240401,2024-04,176,237.96,49.57,87.0,18.8,0.52,2.3
20240501,2024-05,176,135.84,28.3,87.7,23.1,0.52,3.62
20240601,2024-06,176,52.86,11.01,80.6,11.0,0.52,4.13
20240701,2024-07,176,45.78,9.54,80.6,21.4,0.52,4.57
20240801,2024-08,176,35.04,7.3,80.6,10.0,0.52,4.91
20240901,2024-09,176,32.63,6.8,80.6,10.6,0.52,5.23
20241001,2024-10,176,24.45,5.09,80.6,19.3,0.52,5.46
20241101,2024-11,176,12.31,2.56,74.0,12.2,0.52,5.58
20241201,2024-12,176,15.25,3.18,74.0,21.8,0.52,5.73
20250101,2025-01,176,14.85,3.09,74.0,9.9,0.52,5.87
20250201,2025-02,176,12.4,2.58,74.0,17.4,0.52,5.99
20250301,2025-03,176,13.46,2.8,74.0,19.7,0.52,6.12
20250401,2025-04,176,14.59,3.04,74.0,19.4,0.52,6.27
20250501,2025-05,176,11.89,2.48,74.0,18.7,0.52,6.38
20250601,2025-06,176,13.68,2.85,74.0,23.3,0.52,6.51
20250701,2025-07,176,14.83,3.09,74.0,17.2,0.52,6.66
20250801,2025-08,176,15.72,3.27,74.0,8.9,0.52,6.81
20250901,2025-09,176,15.71,3.27,74.0,21.6,0.52,6.96
20251001,2025-10,176,14.05,2.93,74.0,8.2,0.52,7.1
20251101,2025-11,176,12.18,2.54,74.0,24.0,0.52,7.21
20251201,2025-12,176,14.0,2.92,74.0,23.7,0.52,7.35
20220501,2022-05,177,320.22,28.59,83.8,23.7,1.3,1.23
20220601,2022-06,177,201.09,17.95,84.4,20.5,1.3,2.0
20220701,2022-07,177,68.72,6.14,76.2,8.4,1.3,2.26
20220801,2022-08,177,50.02,4.47,76.2,15.3,1.3,2.46
20220901,2022-09,177,46.0,4.11,76.2,16.7,1.3,2.63
20221001,2022-10,177,36.82,3.29,76.2,14.2,1.3,2.77
20221101,2022-11,177,33.64,3.0,76.2,10.7,1.3,2.9
20221201,2022-12,177,11.85,1.06,70.7,18.3,1.3,2.95
20230101,2023-01,177,13.07,1.17,70.7,14.8,1.3,3.0
20230201,2023-02,177,13.82,1.23,70.7,22.1,1.3,3.05
20230301,2023-03,177,13.58,1.21,70.7,23.4,1.3,3.1
20230401,2023-04,177,12.95,1.16,70.7,21.0,1.3,3.15
20230501,2023-05,177,12.18,1.09,70.7,9.0,1.3,3.2
20230601,2023-06,177,12.53,1.12,70.7,8.5,1.3,3.25
20230701,2023-07,177,13.9,1.24,70.7,18.3,1.3,3.3
20230801,2023-08,177,12.32,1.1,70.7,14.8,1.3,3.35
20230901,2023-09,177,13.12,1.17,70.7,23.1,1.3,3.4
20231001,2023-10,177,13.84,1.24,70.7,19.5,1.3,3.45
20231101,2023-11,177,14.33,1.28,70.7,14.0,1.3,3.51
20231201,2023-12,177,14.5,1.29,70.7,23.2,1.3,3.56
20240101,2024-01,177,13.2,1.18,70.7,20.2,1.3,3.61
20240201,2024-02,177,13.7,1.22,70.7,18.5,1.3,3.67
20240301,2024-03,177,12.66,1.13,70.7,14.0,1.3,3.72
20240401,2024-04,177,14.88,1.33,70.7,15.2,1.3,3.77
20240501,2024-05,177,14.71,1.31,70.7,16.8,1.3,3.83
20240601,2024-06,177,14.57,1.3,70.7,18.0,1.3,3.88
20240701,2024-07,177,13.25,1.18,70.7,18.6,1.3,3.94
20240801,2024-08,177,15.0,1.34,70.7,23.1,1.3,3.99
20240901,2024-09,177,14.81,1.32,70.7,10.3,1.3,4.05
20241001,2024-10,177,15.06,1.34,70.7,19.1,1.3,4.11
20241101,2024-11,177,12.97,1.16,70.7,22.1,1.3,4.16
20241201,2024-12,177,12.56,1.12,70.7,16.9,1.3,4.21
20250101,2025-01,177,14.79,1.32,70.7,8.1,1.3,4.26
20250201,2025-02,177,12.18,1.09,70.7,15.4,1.3,4.31
20250301,2025-03,177,11.96,1.07,70.7,23.4,1.3,4.36
20250401,2025-04,177,11.84,1.06,70.7,18.6,1.3,4.4
20250501,2025-05,177,14.14,1.26,70.7,15.0,0.0,4.46
20250601,2025-06,177,13.04,1.16,70.7,19.4,0.0,4.51
20250701,2025-07,177,11.78,1.05,70.7,12.9,0.0,4.55
20250801,2025-08,177,13.8,1.23,70.7,15.8,0.0,4.6
20250901,2025-09,177,15.3,1.37,70.7,11.1,0.0,4.66
20251001,2025-10,177,13.08,1.17,70.7,10.6,0.0,4.71
20251101,2025-11,177,13.43,1.2,70.7,8.1,0.0,4.76
20251201,2025-12,177,15.16,1.35,70.7,16.7,0.0,4.82
20230701,2023-07,178,114.0,15.83,85.6,12.7,0.49,1.17
20230801,2023-08,178,64.31,8.93,76.4,23.1,0.49,1.82
20230901,2023-09,178,21.23,2.95,76.0,10.5,0.49,2.04
20231001,2023-10,178,19.81,2.75,76.0,19.9,0.49,2.24
20231101,2023-11,178,18.82,2.61,76.0,10.6,0.49,2.44
20231201,2023-12,178,12.66,1.76,76.0,19.4,0.49,2.57
20240101,2024-01,178,12.19,1.69,76.0,8.4,0.49,2.69
20240201,2024-02,178,4.92,0.68,70.5,22.8,0.49,2.74
20240301,2024-03,178,4.6,0.64,70.5,21.3,0.49,2.79
20240401,2024-04,178,4.13,0.57,70.5,14.3,0.49,2.83
20240501,2024-05,178,5.43,0.75,70.5,11.2,0.49,2.89
20240601,2024-06,178,5.4,0.75,70.5,20.9,0.49,2.94
20240701,2024-07,178,4.9,0.68,70.5,18.1,0.49,2.99
20240801,2024-08,178,4.48,0.62,70.5,9.2,0.49,3.04
20240901,2024-09,178,5.46,0.76,70.5,18.0,0.49,3.09
20241001,2024-10,178,4.69,0.65,70.5,16.2,0.49,3.14
20241101,2024-11,178,4.49,0.62,70.5,13.8,0.49,3.19
20241201,2024-12,178,4.65,0.65,70.5,15.5,0.49,3.23
20250101,2025-01,178,4.9,0.68,70.5,16.0,0.49,3.28
20250201,2025-02,178,4.99,0.69,70.5,20.1,0.49,3.33
20250301,2025-03,178,5.0,0.69,70.5,8.8,0.49,3.39
20250401,2025-04,178,4.33,0.6,70.5,17.8,0.49,3.43
20250501,2025-05,178,5.27,0.73,70.5,12.6,0.49,3.48
20250601,2025-06,178,5.23,0.73,70.5,20.8,0.49,3.54
20250701,2025-07,178,4.95,0.69,70.5,16.9,0.49,3.59
20250801,2025-08,178,4.95,0.69,70.5,15.7,0.49,3.64
20250901,2025-09,178,5.36,0.74,70.5,9.8,0.49,3.69
20251001,2025-10,178,5.28,0.73,70.5,22.4,0.49,3.75
20251101,2025-11,178,5.17,0.72,70.5,23.6,0.49,3.8
20251201,2025-12,178,4.45,0.62,70.5,23.2,0.49,3.85
20240201,2024-02,179,218.31,27.29,81.7,16.7,0.81,1.35
20240301,2024-03,179,98.64,12.33,85.6,23.9,0.81,1.96
20240401,2024-04,179,36.81,4.6,76.4,23.1,0.81,2.19
20240501,2024-05,179,39.87,4.98,76.4,22.7,0.81,2.43
20240601,2024-06,179,25.97,3.25,76.4,22.8,0.81,2.6
20240701,2024-07,179,23.94,2.99,76.4,21.0,0.81,2.74
20240801,2024-08,179,24.59,3.07,76.4,20.8,0.81,2.9
20240901,2024-09,179,7.67,0.96,70.8,14.0,0.81,2.94
20241001,2024-10,179,9.22,1.15,70.8,9.4,0.81,3.0
20241101,2024-11,179,8.17,1.02,70.8,8.1,0.81,3.05
20241201,2024-12,179,9.2,1.15,70.8,8.3,0.81,3.11
20250101,2025-01,179,9.48,1.19,70.8,17.8,0.81,3.17
20250201,2025-02,179,9.97,1.25,70.8,11.8,0.81,3.23
20250301,2025-03,179,9.74,1.22,70.8,14.0,0.81,3.29
20250401,2025-04,179,9.68,1.21,70.8,20.3,0.81,3.35
20250501,2025-05,179,9.59,1.2,70.8,23.6,0.81,3.41
20250601,2025-06,179,7.81,0.98,70.8,10.6,0.81,3.46
20250701,2025-07,179,9.27,1.16,70.8,11.7,0.81,3.51
20250801,2025-08,179,9.81,1.23,70.8,9.7,0.81,3.57
20250901,2025-09,179,8.75,1.09,70.8,8.1,0.81,3.63
20251001,2025-10,179,9.6,1.2,70.8,13.4,0.81,3.69
20251101,2025-11,179,9.66,1.21,70.8,23.0,0.81,3.75
20251201,2025-12,179,8.76,1.09,70.8,14.2,0.81,3.8
20241101,2024-11,180,11.51,6.39,81.7,19.4,0.06,0.94
20241201,2024-12,180,5.46,3.03,78.4,23.5,0.06,1.39
20250101,2025-01,180,2.22,1.23,76.4,16.7,0.06,1.57
20250201,2025-02,180,1.91,1.06,76.4,19.7,0.06,1.73
20250301,2025-03,180,1.56,0.87,76.4,22.3,0.06,1.85
20250401,2025-04,180,1.34,0.74,76.4,13.9,0.06,1.96
20250501,2025-05,180,1.32,0.73,76.4,14.6,0.06,2.07
20250601,2025-06,180,0.41,0.23,70.8,10.6,0.06,2.11
20250701,2025-07,180,0.42,0.23,70.8,20.4,0.06,2.14
20250801,2025-08,180,0.5,0.28,70.8,8.6,0.06,2.18
20250901,2025-09,180,0.41,0.23,70.8,15.2,0.06,2.21
20251001,2025-10,180,0.52,0.29,70.8,20.6,0.06,2.26
20251101,2025-11,180,0.47,0.26,70.8,20.4,0.06,2.29
20251201,2025-12,180,0.43,0.24,70.8,8.4,0.06,2.33
20231101,2023-11,181,44.82,6.22,86.2,12.8,0.22,1.03
20231201,2023-12,181,26.63,3.7,79.7,11.7,0.22,1.65
20240101,2024-01,181,10.7,1.49,76.0,10.1,0.22,1.9
20240201,2024-02,181,9.95,1.38,76.0,10.2,0.22,2.13
20240301,2024-03,181,7.66,1.06,76.0,10.1,0.22,2.3
20240401,2024-04,181,5.79,0.8,76.0,19.4,0.22,2.44
20240501,2024-05,181,5.25,0.73,76.0,11.1,0.22,2.56
20240601,2024-06,181,2.28,0.32,70.5,19.8,0.22,2.61
20240701,2024-07,181,2.27,0.32,70.5,22.3,0.22,2.66
20240801,2024-08,181,1.9,0.26,70.5,12.0,0.22,2.71
20240901,2024-09,181,1.84,0.26,70.5,19.8,0.22,2.75
20241001,2024-10,181,2.38,0.33,70.5,17.3,0.22,2.8
20241101,2024-11,181,2.28,0.32,70.5,13.8,0.22,2.86
20241201,2024-12,181,1.86,0.26,70.5,13.4,0.22,2.9
20250101,2025-01,181,1.95,0.27,70.5,19.9,0.22,2.94
20250201,2025-02,181,2.41,0.33,70.5,11.1,0.22,3.0
20250301,2025-03,181,2.16,0.3,70.5,15.9,0.22,3.05
20250401,2025-04,181,2.35,0.33,70.5,19.2,0.22,3.1
20250501,2025-05,181,1.82,0.25,70.5,18.9,0.22,3.15
20250601,2025-06,181,2.15,0.3,70.5,14.6,0.22,3.2
20250701,2025-07,181,2.11,0.29,70.5,15.2,0.22,3.24
20250801,2025-08,181,2.35,0.33,70.5,12.7,0.22,3.3
20250901,2025-09,181,2.2,0.31,70.5,22.2,0.22,3.35
20251001,2025-10,181,2.36,0.33,70.5,10.6,0.22,3.4
20251101,2025-11,181,2.34,0.32,70.5,21.1,0.22,3.46
20251201,2025-12,181,2.41,0.33,70.5,11.0,0.22,3.51
20220401,2022-04,182,276.89,153.83,81.1,17.3,1.69,0.82
20220501,2022-05,182,154.62,85.9,81.0,15.3,1.69,1.27
20220601,2022-06,182,65.44,36.36,76.0,8.4,1.69,1.47
20220701,2022-07,182,45.21,25.12,76.0,10.7,1.69,1.6
20220801,2022-08,182,44.52,24.73,76.0,20.4,1.69,1.73
20220901,2022-09,182,33.94,18.86,76.0,23.2,1.69,1.83
20221001,2022-10,182,33.11,18.39,76.0,12.5,1.69,1.93
20221101,2022-11,182,10.86,6.03,70.5,14.6,1.69,1.96
20221201,2022-12,182,13.5,7.5,70.5,19.1,1.69,2.0
20230101,2023-01,182,12.27,6.82,70.5,9.9,1.69,2.04
20230201,2023-02,182,11.38,6.32,70.5,15.2,1.69,2.07
20230301,2023-03,182,11.81,6.56,70.5,8.8,1.69,2.11
20230401,2023-04,182,11.63,6.46,70.5,19.6,1.69,2.14
20230501,2023-05,182,13.67,7.59,70.5,17.0,1.69,2.18
20230601,2023-06,182,11.1,6.17,70.5,9.4,1.69,2.21
20230701,2023-07,182,12.39,6.88,70.5,10.5,1.69,2.25
20230801,2023-08,182,10.78,5.99,70.5,12.9,1.69,2.28
20230901,2023-09,182,10.99,6.11,70.5,11.4,1.69,2.31
20231001,2023-10,182,11.14,6.19,70.5,23.1,1.69,2.35
20231101,2023-11,182,12.48,6.93,70.5,22.1,1.69,2.38
20231201,2023-12,182,12.94,7.19,70.5,8.4,1.69,2.42
20240101,2024-01,182,12.71,7.06,70.5,22.3,1.69,2.46
20240201,2024-02,182,13.64,7.58,70.5,23.1,1.69,2.5
20240301,2024-03,182,12.63,7.02,70.5,17.7,1.69,2.54
20240401,2024-04,182,13.7,7.61,70.5,20.7,1.69,2.58
20240501,2024-05,182,11.1,6.17,70.5,9.9,1.69,2.61
20240601,2024-06,182,12.33,6.85,70.5,17.8,1.69,2.65
20240701,2024-07,182,10.58,5.88,70.5,14.5,1.69,2.68
20240801,2024-08,182,12.51,6.95,70.5,19.0,1.69,2.71
20240901,2024-09,182,10.7,5.94,70.5,15.3,1.69,2.75
20241001,2024-10,182,11.3,6.28,70.5,19.6,1.69,2.78
20241101,2024-11,182,11.54,6.41,70.5,10.3,1.69,2.81
20241201,2024-12,182,13.6,7.56,70.5,9.9,1.69,2.85
20250101,2025-01,182,10.57,5.87,70.5,23.0,1.69,2.88
20250201,2025-02,182,10.41,5.78,70.5,10.4,1.69,2.92
20250301,2025-03,182,13.18,7.32,70.5,12.1,1.69,2.95
20250401,2025-04,182,13.12,7.29,70.5,22.8,0.0,2.99
20250501,2025-05,182,10.83,6.02,70.5,9.4,0.0,3.02
20250601,2025-06,182,13.72,7.62,70.5,13.5,0.0,3.07
20250701,2025-07,182,12.78,7.1,70.5,10.8,0.0,3.1
20250801,2025-08,182,12.9,7.17,70.5,13.3,0.0,3.14
20250901,2025-09,182,13.76,7.64,70.5,10.0,0.0,3.18
20251001,2025-10,182,10.81,6.01,70.5,10.9,0.0,3.21
20251101,2025-11,182,10.89,6.05,70.5,23.8,0.0,3.25
20251201,2025-12,182,12.31,6.84,70.5,23.9,0.0,3.28
20220601,2022-06,183,105.19,58.44,88.0,23.5,0.46,1.13
20220701,2022-07,183,57.45,31.92,78.1,14.4,0.46,1.75
20220801,2022-08,183,18.66,10.37,74.8,17.2,0.46,1.95
20220901,2022-09,183,16.12,8.96,74.8,18.3,0.46,2.13
20221001,2022-10,183,14.01,7.78,74.8,19.0,0.46,2.28
20221101,2022-11,183,11.04,6.13,74.8,22.9,0.46,2.4
20221201,2022-12,183,9.52,5.29,74.8,18.5,0.46,2.5
20230101,2023-01,183,3.4,1.89,69.6,10.8,0.46,2.54
20230201,2023-02,183,2.89,1.61,69.6,8.6,0.46,2.57
20230301,2023-03,183,2.97,1.65,69.6,19.7,0.46,2.6
20230401,2023-04,183,2.9,1.61,69.6,15.7,0.46,2.63
20230501,2023-05,183,3.62,2.01,69.6,15.6,0.46,2.67
20230601,2023-06,183,3.68,2.04,69.6,10.7,0.46,2.71
20230701,2023-07,183,3.36,1.87,69.6,9.1,0.46,2.75
20230801,2023-08,183,3.57,1.98,69.6,13.4,0.46,2.78
20230901,2023-09,183,3.41,1.89,69.6,11.1,0.46,2.82
20231001,2023-10,183,3.61,2.01,69.6,15.8,0.46,2.86
20231101,2023-11,183,3.07,1.71,69.6,9.1,0.46,2.89
20231201,2023-12,183,2.91,1.62,69.6,12.6,0.46,2.93
20240101,2024-01,183,3.35,1.86,69.6,18.9,0.46,2.96
20240201,2024-02,183,3.72,2.07,69.6,10.7,0.46,3.0
20240301,2024-03,183,3.28,1.82,69.6,21.5,0.46,3.04
20240401,2024-04,183,3.54,1.97,69.6,18.0,0.46,3.07
20240501,2024-05,183,3.63,2.02,69.6,20.2,0.46,3.11
20240601,2024-06,183,3.55,1.97,69.6,22.1,0.46,3.15
20240701,2024-07,183,3.67,2.04,69.6,14.3,0.46,3.19
20240801,2024-08,183,2.84,1.58,69.6,8.4,0.46,3.22
20240901,2024-09,183,2.9,1.61,69.6,16.2,0.46,3.25
20241001,2024-10,183,3.37,1.87,69.6,22.5,0.46,3.29
20241101,2024-11,183,3.32,1.84,69.6,13.4,0.46,3.33
20241201,2024-12,183,3.1,1.72,69.6,10.6,0.46,3.36
20250101,2025-01,183,3.08,1.71,69.6,12.1,0.46,3.39
20250201,2025-02,183,3.43,1.91,69.6,18.7,0.46,3.43
20250301,2025-03,183,2.92,1.62,69.6,11.9,0.46,3.46
20250401,2025-04,183,3.19,1.77,69.6,16.8,0.46,3.5
20250501,2025-05,183,2.85,1.58,69.6,23.6,0.46,3.53
20250601,2025-06,183,2.86,1.59,69.6,9.1,0.0,3.56
20250701,2025-07,183,3.14,1.74,69.6,19.2,0.0,3.59
20250801,2025-08,183,3.72,2.07,69.6,17.9,0.0,3.63
20250901,2025-09,183,2.91,1.62,69.6,16.6,0.0,3.66
20251001,2025-10,183,3.7,2.06,69.6,20.7,0.0,3.7
20251101,2025-11,183,3.39,1.88,69.6,20.7,0.0,3.74
20251201,2025-12,183,3.42,1.9,69.6,14.5,0.0,3.78
20220801,2022-08,184,35.02,19.46,87.0,13.1,0.15,1.15
20220901,2022-09,184,17.27,9.59,75.6,12.0,0.15,1.71
20221001,2022-10,184,7.44,4.13,75.8,8.9,0.15,1.95
20221101,2022-11,184,5.89,3.27,75.8,9.7,0.15,2.15
20221201,2022-12,184,4.62,2.57,75.8,11.9,0.15,2.3
20230101,2023-01,184,4.94,2.74,75.8,11.4,0.15,2.46
20230201,2023-02,184,3.66,2.03,75.8,22.6,0.15,2.58
20230301,2023-03,184,1.47,0.82,70.3,15.6,0.15,2.63
20230401,2023-04,184,1.27,0.71,70.3,22.8,0.15,2.67
20230501,2023-05,184,1.58,0.88,70.3,21.3,0.15,2.72
20230601,2023-06,184,1.38,0.77,70.3,12.1,0.15,2.77
20230701,2023-07,184,1.49,0.83,70.3,17.8,0.15,2.82
20230801,2023-08,184,1.26,0.7,70.3,17.6,0.15,2.86
20230901,2023-09,184,1.45,0.81,70.3,17.5,0.15,2.9
20231001,2023-10,184,1.21,0.67,70.3,16.8,0.15,2.94
20231101,2023-11,184,1.38,0.77,70.3,18.6,0.15,2.99
20231201,2023-12,184,1.39,0.77,70.3,15.0,0.15,3.03
20240101,2024-01,184,1.28,0.71,70.3,21.4,0.15,3.08
20240201,2024-02,184,1.56,0.87,70.3,19.7,0.15,3.13
20240301,2024-03,184,1.46,0.81,70.3,18.2,0.15,3.18
20240401,2024-04,184,1.54,0.86,70.3,22.7,0.15,3.23
20240501,2024-05,184,1.49,0.83,70.3,14.3,0.15,3.27
20240601,2024-06,184,1.48,0.82,70.3,13.8,0.15,3.32
20240701,2024-07,184,1.22,0.68,70.3,9.7,0.15,3.36
20240801,2024-08,184,1.43,0.79,70.3,13.6,0.15,3.41
20240901,2024-09,184,1.33,0.74,70.3,21.1,0.15,3.45
20241001,2024-10,184,1.5,0.83,70.3,16.9,0.15,3.5
20241101,2024-11,184,1.26,0.7,70.3,15.1,0.15,3.54
20241201,2024-12,184,1.55,0.86,70.3,11.8,0.15,3.59
20250101,2025-01,184,1.53,0.85,70.3,20.4,0.15,3.64
20250201,2025-02,184,1.32,0.73,70.3,16.6,0.15,3.69
20250301,2025-03,184,1.24,0.69,70.3,18.8,0.15,3.73
20250401,2025-04,184,1.21,0.67,70.3,9.4,0.15,3.77
20250501,2025-05,184,1.49,0.83,70.3,21.8,0.15,3.82
20250601,2025-06,184,1.57,0.87,70.3,13.6,0.15,3.87
20250701,2025-07,184,1.21,0.67,70.3,15.5,0.15,3.91
20250801,2025-08,184,1.23,0.68,70.3,11.9,0.0,3.95
20250901,2025-09,184,1.61,0.89,70.3,18.7,0.0,4.0
20251001,2025-10,184,1.32,0.73,70.3,16.0,0.0,4.04
20251101,2025-11,184,1.31,0.73,70.3,9.2,0.0,4.09
20251201,2025-12,184,1.51,0.84,70.3,11.9,0.0,4.14
20241201,2024-12,185,204.43,23.23,83.6,9.8,0.91,1.12
20250101,2025-01,185,96.87,11.01,79.0,10.7,0.91,1.65
20250201,2025-02,185,35.69,4.06,74.8,23.0,0.91,1.85
20250301,2025-03,185,29.58,3.36,74.8,12.4,0.91,2.01
20250401,2025-04,185,22.58,2.57,74.8,19.1,0.91,2.14
20250501,2025-05,185,23.53,2.67,74.8,18.1,0.91,2.26
20250601,2025-06,185,17.42,1.98,74.8,11.3,0.91,2.36
20250701,2025-07,185,5.93,0.67,69.6,13.6,0.91,2.39
20250801,2025-08,185,5.93,0.67,69.6,19.3,0.91,2.43
20250901,2025-09,185,6.0,0.68,69.6,19.1,0.91,2.46
20251001,2025-10,185,6.41,0.73,69.6,16.1,0.91,2.49
20251101,2025-11,185,6.91,0.79,69.6,12.8,0.91,2.53
20251201,2025-12,185,6.16,0.7,69.6,20.3,0.91,2.57
20220901,2022-09,186,19.31,2.68,82.5,23.1,0.15,0.64
20221001,2022-10,186,10.78,1.5,76.6,21.7,0.15,1.0
20221101,2022-11,186,3.78,0.52,74.8,12.6,0.15,1.13
20221201,2022-12,186,4.19,0.58,74.8,16.0,0.15,1.27
20230101,2023-01,186,3.54,0.49,74.8,9.6,0.15,1.39
20230201,2023-02,186,2.76,0.38,74.8,21.9,0.15,1.48
20230301,2023-03,186,2.46,0.34,74.8,18.0,0.15,1.56
20230401,2023-04,186,0.85,0.12,69.6,9.4,0.15,1.59
20230501,2023-05,186,0.86,0.12,69.6,22.6,0.15,1.62
20230601,2023-06,186,0.79,0.11,69.6,13.2,0.15,1.64
20230701,2023-07,186,0.77,0.11,69.6,9.6,0.15,1.67
20230801,2023-08,186,0.74,0.1,69.6,8.2,0.15,1.69
20230901,2023-09,186,0.81,0.11,69.6,18.5,0.15,1.72
20231001,2023-10,186,0.75,0.1,69.6,12.7,0.15,1.75
20231101,2023-11,186,0.77,0.11,69.6,9.4,0.15,1.77
20231201,2023-12,186,0.79,0.11,69.6,9.2,0.15,1.8
20240101,2024-01,186,0.89,0.12,69.6,17.5,0.15,1.83
20240201,2024-02,186,0.8,0.11,69.6,20.9,0.15,1.85
20240301,2024-03,186,0.88,0.12,69.6,23.1,0.15,1.88
20240401,2024-04,186,0.71,0.1,69.6,19.6,0.15,1.91
20240501,2024-05,186,0.71,0.1,69.6,18.9,0.15,1.93
20240601,2024-06,186,0.71,0.1,69.6,9.1,0.15,1.95
20240701,2024-07,186,0.75,0.1,69.6,20.9,0.15,1.98
20240801,2024-08,186,0.67,0.09,69.6,20.5,0.15,2.0
20240901,2024-09,186,0.78,0.11,69.6,21.3,0.15,2.03
20241001,2024-10,186,0.8,0.11,69.6,10.4,0.15,2.06
20241101,2024-11,186,0.67,0.09,69.6,13.7,0.15,2.08
20241201,2024-12,186,0.74,0.1,69.6,18.5,0.15,2.1
20250101,2025-01,186,0.85,0.12,69.6,8.3,0.15,2.13
20250201,2025-02,186,0.68,0.09,69.6,23.0,0.15,2.15
20250301,2025-03,186,0.68,0.09,69.6,16.2,0.15,2.18
20250401,2025-04,186,0.84,0.12,69.6,18.3,0.15,2.2
20250501,2025-05,186,0.84,0.12,69.6,12.4,0.15,2.23
20250601,2025-06,186,0.8,0.11,69.6,14.2,0.15,2.26
20250701,2025-07,186,0.71,0.1,69.6,17.1,0.15,2.28
20250801,2025-08,186,0.82,0.11,69.6,10.9,0.15,2.31
20250901,2025-09,186,0.79,0.11,69.6,20.3,0.0,2.34
20251001,2025-10,186,0.79,0.11,69.6,15.1,0.0,2.36
20251101,2025-11,186,0.89,0.12,69.6,18.2,0.0,2.39
20251201,2025-12,186,0.82,0.11,69.6,13.3,0.0,2.42
20211001,2021-10,187,14.7,8.17,91.5,10.3,0.07,1.02
20211101,2021-11,187,7.46,4.14,76.6,22.4,0.07,1.53
20211201,2021-12,187,2.76,1.53,75.4,12.3,0.07,1.73
20220101,2022-01,187,2.95,1.64,75.4,10.0,0.07,1.93
20220201,2022-02,187,2.57,1.43,75.4,16.5,0.07,2.11
20220301,2022-03,187,1.97,1.09,75.4,9.4,0.07,2.24
20220401,2022-04,187,1.67,0.93,75.4,22.9,0.07,2.36
20220501,2022-05,187,0.57,0.32,70.0,8.5,0.07,2.4
20220601,2022-06,187,0.66,0.37,70.0,14.8,0.07,2.44
20220701,2022-07,187,0.57,0.32,70.0,12.0,0.07,2.48
20220801,2022-08,187,0.62,0.34,70.0,11.5,0.07,2.53
20220901,2022-09,187,0.62,0.34,70.0,11.2,0.07,2.57
20221001,2022-10,187,0.66,0.37,70.0,13.2,0.07,2.62
20221101,2022-11,187,0.62,0.34,70.0,19.3,0.07,2.66
20221201,2022-12,187,0.69,0.38,70.0,15.5,0.07,2.71
20230101,2023-01,187,0.67,0.37,70.0,16.3,0.07,2.75
20230201,2023-02,187,0.62,0.34,70.0,18.1,0.07,2.8
20230301,2023-03,187,0.58,0.32,70.0,17.9,0.07,2.84
20230401,2023-04,187,0.58,0.32,70.0,20.4,0.07,2.88
20230501,2023-05,187,0.61,0.34,70.0,12.2,0.07,2.92
20230601,2023-06,187,0.54,0.3,70.0,10.0,0.07,2.96
20230701,2023-07,187,0.68,0.38,70.0,13.5,0.07,3.0
20230801,2023-08,187,0.67,0.37,70.0,14.6,0.07,3.05
20230901,2023-09,187,0.68,0.38,70.0,21.7,0.07,3.1
20231001,2023-10,187,0.6,0.33,70.0,11.7,0.07,3.14
20231101,2023-11,187,0.53,0.29,70.0,18.8,0.07,3.17
20231201,2023-12,187,0.61,0.34,70.0,13.3,0.07,3.22
20240101,2024-01,187,0.6,0.33,70.0,9.8,0.07,3.26
20240201,2024-02,187,0.58,0.32,70.0,12.0,0.07,3.3
20240301,2024-03,187,0.67,0.37,70.0,19.5,0.07,3.34
20240401,2024-04,187,0.6,0.33,70.0,21.4,0.07,3.39
20240501,2024-05,187,0.53,0.29,70.0,8.3,0.07,3.42
20240601,2024-06,187,0.65,0.36,70.0,10.3,0.07,3.47
20240701,2024-07,187,0.65,0.36,70.0,21.6,0.07,3.51
20240801,2024-08,187,0.53,0.29,70.0,21.4,0.07,3.55
20240901,2024-09,187,0.57,0.32,70.0,13.5,0.07,3.59
20241001,2024-10,187,0.58,0.32,70.0,17.3,0.0,3.63
20241101,2024-11,187,0.67,0.37,70.0,10.3,0.0,3.68
20241201,2024-12,187,0.6,0.33,70.0,11.4,0.0,3.72
20250101,2025-01,187,0.63,0.35,70.0,9.3,0.0,3.76
20250201,2025-02,187,0.51,0.28,70.0,18.7,0.0,3.8
20250301,2025-03,187,0.58,0.32,70.0,22.4,0.0,3.84
20250401,2025-04,187,0.64,0.36,70.0,10.7,0.0,3.88
20250501,2025-05,187,0.54,0.3,70.0,23.3,0.0,3.92
20250601,2025-06,187,0.65,0.36,70.0,22.2,0.0,3.96
20250701,2025-07,187,0.6,0.33,70.0,19.1,0.0,4.0
20250801,2025-08,187,0.64,0.36,70.0,14.4,0.0,4.05
20250901,2025-09,187,0.52,0.29,70.0,15.0,0.0,4.08
20251001,2025-10,187,0.64,0.36,70.0,23.9,0.0,4.13
20251101,2025-11,187,0.55,0.31,70.0,10.5,0.0,4.17
20251201,2025-12,187,0.61,0.34,70.0,9.2,0.0,4.21
20250501,2025-05,188,102.23,9.13,92.0,14.1,0.28,1.82
20250601,2025-06,188,51.96,4.64,89.4,18.6,0.28,2.75
20250701,2025-07,188,20.77,1.85,79.4,12.6,0.28,3.12
20250801,2025-08,188,17.47,1.56,79.4,24.0,0.28,3.43
20250901,2025-09,188,17.8,1.59,79.4,22.0,0.28,3.75
20251001,2025-10,188,14.28,1.27,79.4,19.5,0.28,4.0
20251101,2025-11,188,11.77,1.05,79.4,11.6,0.28,4.21
20251201,2025-12,188,6.03,0.54,73.0,13.7,0.28,4.32
20221101,2022-11,189,469.49,53.35,89.2,15.3,1.29,1.81
20221201,2022-12,189,303.36,34.47,81.5,16.4,1.29,2.99
20230101,2023-01,189,104.15,11.84,79.0,22.9,1.29,3.39
20230201,2023-02,189,71.04,8.07,79.0,13.6,1.29,3.66
20230301,2023-03,189,68.69,7.81,79.0,13.5,1.29,3.93
20230401,2023-04,189,67.56,7.68,79.0,12.6,1.29,4.19
20230501,2023-05,189,42.95,4.88,79.0,15.2,1.29,4.35
20230601,2023-06,189,22.48,2.55,72.8,8.6,1.29,4.44
20230701,2023-07,189,28.74,3.27,72.8,11.8,1.29,4.55
20230801,2023-08,189,22.13,2.51,72.8,10.1,1.29,4.64
20230901,2023-09,189,25.15,2.86,72.8,15.0,1.29,4.73
20231001,2023-10,189,22.0,2.5,72.8,17.3,1.29,4.82
20231101,2023-11,189,28.27,3.21,72.8,19.2,1.29,4.93
20231201,2023-12,189,24.92,2.83,72.8,13.9,1.29,5.03
20240101,2024-01,189,21.65,2.46,72.8,14.0,1.29,5.11
20240201,2024-02,189,28.71,3.26,72.8,16.1,1.29,5.22
20240301,2024-03,189,21.67,2.46,72.8,13.3,1.29,5.3
20240401,2024-04,189,25.8,2.93,72.8,23.2,1.29,5.4
20240501,2024-05,189,25.87,2.94,72.8,16.7,1.29,5.5
20240601,2024-06,189,23.28,2.65,72.8,15.1,1.29,5.59
20240701,2024-07,189,26.71,3.04,72.8,8.7,1.29,5.7
20240801,2024-08,189,22.98,2.61,72.8,22.4,1.29,5.78
20240901,2024-09,189,22.82,2.59,72.8,14.6,1.29,5.87
20241001,2024-10,189,22.66,2.57,72.8,21.9,1.29,5.96
20241101,2024-11,189,22.65,2.57,72.8,17.9,1.29,6.05
20241201,2024-12,189,28.44,3.23,72.8,20.0,1.29,6.16
20250101,2025-01,189,21.31,2.42,72.8,9.1,1.29,6.24
20250201,2025-02,189,28.65,3.26,72.8,22.1,1.29,6.35
20250301,2025-03,189,27.88,3.17,72.8,12.3,1.29,6.46
20250401,2025-04,189,25.58,2.91,72.8,12.2,1.29,6.56
20250501,2025-05,189,27.73,3.15,72.8,8.6,1.29,6.66
20250601,2025-06,189,23.1,2.62,72.8,12.8,1.29,6.75
20250701,2025-07,189,26.54,3.02,72.8,9.0,1.29,6.86
20250801,2025-08,189,21.42,2.43,72.8,21.7,1.29,6.94
20250901,2025-09,189,25.34,2.88,72.8,14.7,1.29,7.04
20251001,2025-10,189,27.54,3.13,72.8,9.8,1.29,7.14
20251101,2025-11,189,28.54,3.24,72.8,15.2,0.0,7.25
20251201,2025-12,189,24.42,2.77,72.8,9.7,0.0,7.35
20211201,2021-12,190,85.05,8.18,84.8,9.2,0.55,0.77
20220101,2022-01,190,56.24,5.41,80.4,21.2,0.55,1.28
20220201,2022-02,190,18.09,1.74,75.4,8.4,0.55,1.44
20220301,2022-03,190,14.34,1.38,75.4,19.7,0.55,1.57
20220401,2022-04,190,12.95,1.25,75.4,18.5,0.55,1.69
20220501,2022-05,190,9.61,0.92,75.4,22.7,0.55,1.78
20220601,2022-06,190,9.51,0.91,75.4,9.1,0.55,1.86
20220701,2022-07,190,3.53,0.34,70.0,15.0,0.55,1.89
20220801,2022-08,190,3.85,0.37,70.0,20.5,0.55,1.93
20220901,2022-09,190,3.62,0.35,70.0,12.2,0.55,1.96
20221001,2022-10,190,3.21,0.31,70.0,9.3,0.55,1.99
20221101,2022-11,190,3.18,0.31,70.0,16.7,0.55,2.02
20221201,2022-12,190,3.5,0.34,70.0,22.0,0.55,2.05
20230101,2023-01,190,3.81,0.37,70.0,15.7,0.55,2.08
20230201,2023-02,190,3.05,0.29,70.0,9.7,0.55,2.11
20230301,2023-03,190,3.36,0.32,70.0,13.0,0.55,2.14
20230401,2023-04,190,2.94,0.28,70.0,18.1,0.55,2.17
20230501,2023-05,190,3.41,0.33,70.0,19.3,0.55,2.2
20230601,2023-06,190,3.52,0.34,70.0,9.7,0.55,2.23
20230701,2023-07,190,3.4,0.33,70.0,22.4,0.55,2.26
20230801,2023-08,190,3.04,0.29,70.0,16.1,0.55,2.29
20230901,2023-09,190,3.36,0.32,70.0,21.1,0.55,2.32
20231001,2023-10,190,3.74,0.36,70.0,17.2,0.55,2.35
20231101,2023-11,190,3.37,0.32,70.0,18.4,0.55,2.39
20231201,2023-12,190,2.92,0.28,70.0,17.8,0.55,2.41
20240101,2024-01,190,3.77,0.36,70.0,20.6,0.55,2.45
20240201,2024-02,190,3.83,0.37,70.0,15.9,0.55,2.48
20240301,2024-03,190,3.76,0.36,70.0,12.1,0.55,2.51
20240401,2024-04,190,3.31,0.32,70.0,18.6,0.55,2.54
20240501,2024-05,190,3.6,0.35,70.0,16.0,0.55,2.58
20240601,2024-06,190,3.13,0.3,70.0,9.8,0.55,2.61
20240701,2024-07,190,3.68,0.35,70.0,21.0,0.55,2.64
20240801,2024-08,190,3.41,0.33,70.0,17.9,0.55,2.67
20240901,2024-09,190,3.11,0.3,70.0,19.4,0.55,2.7
20241001,2024-10,190,3.66,0.35,70.0,11.1,0.55,2.73
20241101,2024-11,190,3.81,0.37,70.0,9.1,0.55,2.76
20241201,2024-12,190,3.12,0.3,70.0,11.4,0.0,2.79
20250101,2025-01,190,3.32,0.32,70.0,12.8,0.0,2.82
20250201,2025-02,190,3.53,0.34,70.0,18.7,0.0,2.86
20250301,2025-03,190,3.69,0.35,70.0,21.3,0.0,2.89
20250401,2025-04,190,3.71,0.36,70.0,18.8,0.0,2.92
20250501,2025-05,190,3.65,0.35,70.0,8.5,0.0,2.95
20250601,2025-06,190,3.32,0.32,70.0,23.6,0.0,2.99
20250701,2025-07,190,3.71,0.36,70.0,9.5,0.0,3.02
20250801,2025-08,190,3.85,0.37,70.0,21.3,0.0,3.05
20250901,2025-09,190,3.68,0.35,70.0,19.5,0.0,3.09
20251001,2025-10,190,3.54,0.34,70.0,20.6,0.0,3.12
20251101,2025-11,190,3.01,0.29,70.0,14.4,0.0,3.15
20251201,2025-12,190,3.37,0.32,70.0,22.9,0.0,3.18
20210801,2021-08,191,76.3,5.96,89.8,18.2,0.28,1.36
20210901,2021-09,191,40.39,3.16,89.4,15.2,0.28,2.08
20211001,2021-10,191,15.01,1.17,78.4,9.9,0.28,2.35
20211101,2021-11,191,12.16,0.95,78.4,8.2,0.28,2.56
20211201,2021-12,191,9.33,0.73,78.4,15.8,0.28,2.73
20220101,2022-01,191,9.21,0.72,78.4,22.3,0.28,2.89
20220201,2022-02,191,6.64,0.52,78.4,17.5,0.28,3.01
20220301,2022-03,191,3.75,0.29,72.3,11.5,0.28,3.08
20220401,2022-04,191,3.76,0.29,72.3,11.2,0.28,3.15
20220501,2022-05,191,3.63,0.28,72.3,18.6,0.28,3.21
20220601,2022-06,191,3.11,0.24,72.3,12.1,0.28,3.27
20220701,2022-07,191,3.79,0.3,72.3,16.1,0.28,3.33
20220801,2022-08,191,3.77,0.29,72.3,16.7,0.28,3.4
20220901,2022-09,191,3.37,0.26,72.3,21.9,0.28,3.46
20221001,2022-10,191,3.49,0.27,72.3,14.8,0.28,3.52
20221101,2022-11,191,3.42,0.27,72.3,14.4,0.28,3.58
20221201,2022-12,191,3.83,0.3,72.3,16.9,0.28,3.65
20230101,2023-01,191,3.17,0.25,72.3,8.6,0.28,3.71
20230201,2023-02,191,3.64,0.28,72.3,12.4,0.28,3.77
20230301,2023-03,191,3.38,0.26,72.3,20.8,0.28,3.83
20230401,2023-04,191,3.7,0.29,72.3,8.6,0.28,3.9
20230501,2023-05,191,3.4,0.27,72.3,23.2,0.28,3.96
20230601,2023-06,191,3.66,0.29,72.3,16.3,0.28,4.03
20230701,2023-07,191,3.24,0.25,72.3,11.3,0.28,4.08
20230801,2023-08,191,2.99,0.23,72.3,18.5,0.28,4.14
20230901,2023-09,191,2.99,0.23,72.3,22.1,0.28,4.19
20231001,2023-10,191,3.75,0.29,72.3,11.2,0.28,4.26
20231101,2023-11,191,3.06,0.24,72.3,11.7,0.28,4.31
20231201,2023-12,191,3.98,0.31,72.3,22.2,0.28,4.38
20240101,2024-01,191,3.98,0.31,72.3,24.0,0.28,4.45
20240201,2024-02,191,3.27,0.26,72.3,20.5,0.28,4.51
20240301,2024-03,191,3.03,0.24,72.3,15.6,0.28,4.57
20240401,2024-04,191,3.93,0.31,72.3,8.5,0.28,4.64
20240501,2024-05,191,3.24,0.25,72.3,10.2,0.28,4.69
20240601,2024-06,191,3.59,0.28,72.3,18.7,0.28,4.76
20240701,2024-07,191,3.59,0.28,72.3,17.5,0.28,4.82
20240801,2024-08,191,3.17,0.25,72.3,17.5,0.0,4.88
20240901,2024-09,191,3.58,0.28,72.3,22.1,0.0,4.94
20241001,2024-10,191,3.36,0.26,72.3,21.2,0.0,5.0
20241101,2024-11,191,3.07,0.24,72.3,17.5,0.0,5.06
20241201,2024-12,191,3.8,0.3,72.3,13.2,0.0,5.12
20250101,2025-01,191,3.05,0.24,72.3,23.0,0.0,5.18
20250201,2025-02,191,3.96,0.31,72.3,17.1,0.0,5.25
20250301,2025-03,191,3.49,0.27,72.3,11.6,0.0,5.31
20250401,2025-04,191,3.49,0.27,72.3,17.1,0.0,5.37
20250501,2025-05,191,4.02,0.31,72.3,23.2,0.0,5.45
20250601,2025-06,191,3.2,0.25,72.3,13.9,0.0,5.5
20250701,2025-07,191,3.18,0.25,72.3,8.7,0.0,5.56
20250801,2025-08,191,4.01,0.31,72.3,20.1,0.0,5.63
20250901,2025-09,191,3.76,0.29,72.3,18.6,0.0,5.7
20251001,2025-10,191,3.67,0.29,72.3,19.4,0.0,5.76
20251101,2025-11,191,3.81,0.3,72.3,21.7,0.0,5.83
20251201,2025-12,191,3.42,0.27,72.3,13.7,0.0,5.89
20241101,2024-11,192,213.53,44.49,79.5,12.8,1.01,1.05
20241201,2024-12,192,122.6,25.54,74.2,13.9,1.01,1.66
20250101,2025-01,192,45.33,9.44,74.8,11.7,1.01,1.88
20250201,2025-02,192,30.8,6.42,74.8,21.5,1.01,2.03
20250301,2025-03,192,30.22,6.3,74.8,19.8,1.01,2.18
20250401,2025-04,192,27.44,5.72,74.8,19.2,1.01,2.32
20250501,2025-05,192,22.47,4.68,74.8,23.0,1.01,2.43
20250601,2025-06,192,7.74,1.61,69.6,17.5,1.01,2.47
20250701,2025-07,192,6.43,1.34,69.6,13.1,1.01,2.5
20250801,2025-08,192,7.39,1.54,69.6,20.3,1.01,2.53
20250901,2025-09,192,6.27,1.31,69.6,22.4,1.01,2.57
20251001,2025-10,192,6.46,1.35,69.6,15.9,1.01,2.6
20251101,2025-11,192,7.5,1.56,69.6,10.7,1.01,2.63
20251201,2025-12,192,6.09,1.27,69.6,11.0,1.01,2.66
20210501,2021-05,193,257.53,143.07,84.9,14.4,0.99,1.31
20210601,2021-06,193,155.09,86.16,80.1,14.3,0.99,2.09
20210701,2021-07,193,51.11,28.39,76.2,13.6,0.99,2.35
20210801,2021-08,193,45.55,25.31,76.2,11.9,0.99,2.58
20210901,2021-09,193,40.18,22.32,76.2,18.8,0.99,2.79
20211001,2021-10,193,32.5,18.06,76.2,13.8,0.99,2.95
20211101,2021-11,193,23.42,13.01,76.2,20.3,0.99,3.07
20211201,2021-12,193,8.96,4.98,70.7,10.4,0.99,3.11
20220101,2022-01,193,11.17,6.21,70.7,16.4,0.99,3.17
20220201,2022-02,193,11.54,6.41,70.7,21.3,0.99,3.23
20220301,2022-03,193,10.85,6.03,70.7,16.6,0.99,3.29
20220401,2022-04,193,10.35,5.75,70.7,18.1,0.99,3.34
20220501,2022-05,193,11.04,6.13,70.7,21.9,0.99,3.39
20220601,2022-06,193,10.98,6.1,70.7,13.8,0.99,3.45
20220701,2022-07,193,10.45,5.81,70.7,11.8,0.99,3.5
20220801,2022-08,193,9.05,5.03,70.7,23.6,0.99,3.55
20220901,2022-09,193,10.34,5.74,70.7,15.6,0.99,3.6
20221001,2022-10,193,8.78,4.88,70.7,20.4,0.99,3.65
20221101,2022-11,193,11.34,6.3,70.7,18.7,0.99,3.7
20221201,2022-12,193,11.29,6.27,70.7,13.5,0.99,3.76
20230101,2023-01,193,9.57,5.32,70.7,18.5,0.99,3.81
20230201,2023-02,193,10.25,5.69,70.7,22.7,0.99,3.86
20230301,2023-03,193,10.82,6.01,70.7,13.2,0.99,3.92
20230401,2023-04,193,9.17,5.09,70.7,15.4,0.99,3.96
20230501,2023-05,193,9.06,5.03,70.7,23.1,0.99,4.01
20230601,2023-06,193,11.48,6.38,70.7,23.5,0.99,4.07
20230701,2023-07,193,9.77,5.43,70.7,8.6,0.99,4.12
20230801,2023-08,193,8.85,4.92,70.7,14.8,0.99,4.16
20230901,2023-09,193,9.43,5.24,70.7,8.0,0.99,4.21
20231001,2023-10,193,9.1,5.06,70.7,23.3,0.99,4.25
20231101,2023-11,193,10.87,6.04,70.7,23.0,0.99,4.31
20231201,2023-12,193,9.11,5.06,70.7,23.3,0.99,4.36
20240101,2024-01,193,10.86,6.03,70.7,13.3,0.99,4.41
20240201,2024-02,193,11.5,6.39,70.7,11.5,0.99,4.47
20240301,2024-03,193,10.97,6.09,70.7,12.8,0.99,4.52
20240401,2024-04,193,10.46,5.81,70.7,18.3,0.99,4.58
20240501,2024-05,193,10.98,6.1,70.7,11.8,0.0,4.63
20240601,2024-06,193,10.71,5.95,70.7,16.5,0.0,4.69
20240701,2024-07,193,10.47,5.82,70.7,8.1,0.0,4.74
20240801,2024-08,193,10.54,5.86,70.7,16.6,0.0,4.79
20240901,2024-09,193,9.41,5.23,70.7,17.2,0.0,4.84
20241001,2024-10,193,10.76,5.98,70.7,21.5,0.0,4.9
20241101,2024-11,193,9.6,5.33,70.7,23.7,0.0,4.94
20241201,2024-12,193,11.37,6.32,70.7,14.2,0.0,5.0
20250101,2025-01,193,9.81,5.45,70.7,10.2,0.0,5.05
20250201,2025-02,193,9.26,5.14,70.7,22.8,0.0,5.1
20250301,2025-03,193,9.54,5.3,70.7,23.8,0.0,5.15
20250401,2025-04,193,9.22,5.12,70.7,23.9,0.0,5.19
20250501,2025-05,193,9.48,5.27,70.7,15.5,0.0,5.24
20250601,2025-06,193,8.75,4.86,70.7,16.1,0.0,5.29
20250701,2025-07,193,10.84,6.02,70.7,13.3,0.0,5.34
20250801,2025-08,193,11.06,6.14,70.7,15.9,0.0,5.4
20250901,2025-09,193,9.13,5.07,70.7,21.8,0.0,5.44
20251001,2025-10,193,9.04,5.02,70.7,16.1,0.0,5.49
20251101,2025-11,193,11.39,6.33,70.7,10.8,0.0,5.55
20251201,2025-12,193,9.97,5.54,70.7,9.9,0.0,5.6
20251201,2025-12,194,16.83,3.51,88.6,11.7,0.2,0.43
20220701,2022-07,195,165.92,15.95,82.7,10.6,0.83,1.0
20220801,2022-08,195,100.25,9.64,78.8,17.3,0.83,1.6
20220901,2022-09,195,33.32,3.2,75.6,9.6,0.83,1.8
20221001,2022-10,195,34.02,3.27,75.6,16.6,0.83,2.01
20221101,2022-11,195,26.1,2.51,75.6,22.5,0.83,2.16
20221201,2022-12,195,21.63,2.08,75.6,12.1,0.83,2.3
20230101,2023-01,195,20.41,1.96,75.6,9.9,0.83,2.42
20230201,2023-02,195,7.72,0.74,70.2,20.9,0.83,2.46
20230301,2023-03,195,6.64,0.64,70.2,16.9,0.83,2.5
20230401,2023-04,195,6.94,0.67,70.2,8.4,0.83,2.55
20230501,2023-05,195,8.31,0.8,70.2,19.1,0.83,2.6
20230601,2023-06,195,8.33,0.8,70.2,13.9,0.83,2.65
20230701,2023-07,195,6.69,0.64,70.2,21.2,0.83,2.69
20230801,2023-08,195,8.03,0.77,70.2,19.9,0.83,2.73
20230901,2023-09,195,7.62,0.73,70.2,10.2,0.83,2.78
20231001,2023-10,195,6.21,0.6,70.2,14.2,0.83,2.82
20231101,2023-11,195,8.16,0.78,70.2,21.9,0.83,2.87
20231201,2023-12,195,7.14,0.69,70.2,15.8,0.83,2.91
20240101,2024-01,195,7.19,0.69,70.2,8.3,0.83,2.95
20240201,2024-02,195,7.46,0.72,70.2,21.2,0.83,3.0
20240301,2024-03,195,6.49,0.62,70.2,14.6,0.83,3.04
20240401,2024-04,195,7.69,0.74,70.2,9.7,0.83,3.08
20240501,2024-05,195,6.74,0.65,70.2,23.0,0.83,3.12
20240601,2024-06,195,8.08,0.78,70.2,18.6,0.83,3.17
20240701,2024-07,195,7.08,0.68,70.2,21.2,0.83,3.22
20240801,2024-08,195,7.62,0.73,70.2,9.0,0.83,3.26
20240901,2024-09,195,7.14,0.69,70.2,8.9,0.83,3.3
20241001,2024-10,195,8.18,0.79,70.2,9.9,0.83,3.35
20241101,2024-11,195,7.85,0.75,70.2,10.8,0.83,3.4
20241201,2024-12,195,7.61,0.73,70.2,21.2,0.83,3.45
20250101,2025-01,195,7.72,0.74,70.2,8.9,0.83,3.49
20250201,2025-02,195,7.95,0.76,70.2,16.5,0.83,3.54
20250301,2025-03,195,7.28,0.7,70.2,18.3,0.83,3.59
20250401,2025-04,195,7.95,0.76,70.2,22.3,0.83,3.63
20250501,2025-05,195,7.39,0.71,70.2,12.4,0.83,3.68
20250601,2025-06,195,7.95,0.76,70.2,22.4,0.83,3.73
20250701,2025-07,195,8.34,0.8,70.2,10.4,0.0,3.78
20250801,2025-08,195,6.68,0.64,70.2,18.6,0.0,3.82
20250901,2025-09,195,6.54,0.63,70.2,14.8,0.0,3.86
20251001,2025-10,195,7.54,0.72,70.2,16.4,0.0,3.9
20251101,2025-11,195,7.75,0.75,70.2,12.1,0.0,3.95
20251201,2025-12,195,6.48,0.62,70.2,22.9,0.0,3.99
20220301,2022-03,196,151.78,11.86,82.3,17.4,1.12,0.68
20220401,2022-04,196,103.36,8.07,79.7,23.1,1.12,1.14
20220501,2022-05,196,34.09,2.66,74.8,9.3,1.12,1.29
20220601,2022-06,196,30.73,2.4,74.8,14.6,1.12,1.43
20220701,2022-07,196,24.92,1.95,74.8,20.6,1.12,1.54
20220801,2022-08,196,18.06,1.41,74.8,23.2,1.12,1.62
20220901,2022-09,196,17.04,1.33,74.8,22.2,1.12,1.69
20221001,2022-10,196,6.3,0.49,69.6,20.3,1.12,1.72
20221101,2022-11,196,5.32,0.42,69.6,18.8,1.12,1.74
20221201,2022-12,196,5.73,0.45,69.6,17.4,1.12,1.77
20230101,2023-01,196,6.35,0.5,69.6,21.1,1.12,1.8
20230201,2023-02,196,6.02,0.47,69.6,8.4,1.12,1.83
20230301,2023-03,196,5.76,0.45,69.6,20.4,1.12,1.85
20230401,2023-04,196,6.37,0.5,69.6,22.7,1.12,1.88
20230501,2023-05,196,5.81,0.45,69.6,9.4,1.12,1.91
20230601,2023-06,196,5.11,0.4,69.6,20.5,1.12,1.93
20230701,2023-07,196,5.29,0.41,69.6,18.4,1.12,1.95
20230801,2023-08,196,5.17,0.4,69.6,18.9,1.12,1.97
20230901,2023-09,196,5.79,0.45,69.6,22.2,1.12,2.0
20231001,2023-10,196,6.08,0.47,69.6,9.7,1.12,2.03
20231101,2023-11,196,6.58,0.51,69.6,19.5,1.12,2.06
20231201,2023-12,196,5.52,0.43,69.6,12.8,1.12,2.08
20240101,2024-01,196,5.41,0.42,69.6,21.1,1.12,2.11
20240201,2024-02,196,5.45,0.43,69.6,19.9,1.12,2.13
20240301,2024-03,196,6.25,0.49,69.6,19.9,1.12,2.16
20240401,2024-04,196,5.6,0.44,69.6,11.5,1.12,2.18
20240501,2024-05,196,6.53,0.51,69.6,12.9,1.12,2.21
20240601,2024-06,196,5.51,0.43,69.6,8.2,1.12,2.24
20240701,2024-07,196,5.32,0.42,69.6,17.0,1.12,2.26
20240801,2024-08,196,5.05,0.39,69.6,22.1,1.12,2.28
20240901,2024-09,196,6.3,0.49,69.6,16.3,1.12,2.31
20241001,2024-10,196,5.58,0.44,69.6,16.6,1.12,2.34
20241101,2024-11,196,5.11,0.4,69.6,16.4,1.12,2.36
20241201,2024-12,196,6.63,0.52,69.6,15.1,1.12,2.39
20250101,2025-01,196,5.38,0.42,69.6,12.0,1.12,2.41
20250201,2025-02,196,5.44,0.42,69.6,12.7,1.12,2.44
20250301,2025-03,196,6.25,0.49,69.6,11.1,0.0,2.46
20250401,2025-04,196,5.34,0.42,69.6,10.0,0.0,2.49
20250501,2025-05,196,6.29,0.49,69.6,13.6,0.0,2.52
20250601,2025-06,196,6.16,0.48,69.6,18.4,0.0,2.54
20250701,2025-07,196,6.46,0.5,69.6,20.1,0.0,2.57
20250801,2025-08,196,5.07,0.4,69.6,12.7,0.0,2.59
20250901,2025-09,196,5.32,0.42,69.6,21.4,0.0,2.62
20251001,2025-10,196,6.28,0.49,69.6,21.8,0.0,2.65
20251101,2025-11,196,6.48,0.51,69.6,21.1,0.0,2.68
20251201,2025-12,196,5.35,0.42,69.6,23.0,0.0,2.7
20240401,2024-04,197,25.54,2.46,81.3,21.6,0.21,0.61
20240501,2024-05,197,17.13,1.65,83.1,9.0,0.21,1.02
20240601,2024-06,197,5.73,0.55,73.0,14.8,0.21,1.16
20240701,2024-07,197,5.68,0.55,73.0,11.0,0.21,1.3
20240801,2024-08,197,3.69,0.35,73.0,11.3,0.21,1.39
20240901,2024-09,197,3.72,0.36,73.0,10.7,0.21,1.48
20241001,2024-10,197,3.36,0.32,73.0,8.3,0.21,1.56
20241101,2024-11,197,0.74,0.07,68.2,20.8,0.21,1.57
20241201,2024-12,197,0.89,0.09,68.2,22.3,0.21,1.6
20250101,2025-01,197,0.91,0.09,68.2,23.7,0.21,1.62
20250201,2025-02,197,0.79,0.08,68.2,12.5,0.21,1.64
20250301,2025-03,197,0.84,0.08,68.2,17.8,0.21,1.66
20250401,2025-04,197,0.78,0.07,68.2,9.1,0.21,1.68
20250501,2025-05,197,0.92,0.09,68.2,20.8,0.21,1.7
20250601,2025-06,197,0.76,0.07,68.2,13.8,0.21,1.72
20250701,2025-07,197,0.83,0.08,68.2,11.7,0.21,1.74
20250801,2025-08,197,0.89,0.09,68.2,18.4,0.21,1.76
20250901,2025-09,197,0.84,0.08,68.2,19.0,0.21,1.78
20251001,2025-10,197,0.72,0.07,68.2,20.0,0.21,1.79
20251101,2025-11,197,0.96,0.09,68.2,21.8,0.21,1.82
20251201,2025-12,197,0.75,0.07,68.2,21.3,0.21,1.84
20220301,2022-03,198,72.37,9.05,88.8,10.7,0.41,0.89
20220401,2022-04,198,40.08,5.01,73.8,19.0,0.41,1.38
20220501,2022-05,198,15.98,2.0,74.0,10.6,0.41,1.57
20220601,2022-06,198,11.0,1.38,74.0,10.7,0.41,1.71
20220701,2022-07,198,10.03,1.25,74.0,19.7,0.41,1.83
20220801,2022-08,198,8.01,1.0,74.0,12.4,0.41,1.93
20220901,2022-09,198,7.43,0.93,74.0,20.0,0.41,2.02
20221001,2022-10,198,2.07,0.26,69.0,9.2,0.41,2.04
20221101,2022-11,198,2.49,0.31,69.0,11.3,0.41,2.08
20221201,2022-12,198,2.5,0.31,69.0,13.6,0.41,2.11
20230101,2023-01,198,2.22,0.28,69.0,19.1,0.41,2.13
20230201,2023-02,198,2.27,0.28,69.0,13.8,0.41,2.16
20230301,2023-03,198,2.57,0.32,69.0,14.6,0.41,2.19
20230401,2023-04,198,1.98,0.25,69.0,14.2,0.41,2.22
20230501,2023-05,198,2.05,0.26,69.0,8.3,0.41,2.24
20230601,2023-06,198,2.4,0.3,69.0,16.2,0.41,2.27
20230701,2023-07,198,2.42,0.3,69.0,21.1,0.41,2.3
20230801,2023-08,198,2.17,0.27,69.0,15.9,0.41,2.33
20230901,2023-09,198,1.96,0.24,69.0,16.4,0.41,2.35
20231001,2023-10,198,2.22,0.28,69.0,13.5,0.41,2.38
20231101,2023-11,198,2.05,0.26,69.0,18.3,0.41,2.4
20231201,2023-12,198,2.01,0.25,69.0,8.9,0.41,2.43
20240101,2024-01,198,1.97,0.25,69.0,17.0,0.41,2.45
20240201,2024-02,198,2.53,0.32,69.0,10.6,0.41,2.48
20240301,2024-03,198,2.17,0.27,69.0,23.5,0.41,2.51
20240401,2024-04,198,1.99,0.25,69.0,22.3,0.41,2.53
20240501,2024-05,198,2.03,0.25,69.0,10.2,0.41,2.56
20240601,2024-06,198,1.99,0.25,69.0,8.1,0.41,2.58
20240701,2024-07,198,2.12,0.27,69.0,8.4,0.41,2.61
20240801,2024-08,198,2.02,0.25,69.0,11.1,0.41,2.63
20240901,2024-09,198,2.07,0.26,69.0,10.9,0.41,2.66
20241001,2024-10,198,2.53,0.32,69.0,15.7,0.41,2.69
20241101,2024-11,198,2.54,0.32,69.0,18.8,0.41,2.72
20241201,2024-12,198,2.36,0.29,69.0,16.4,0.41,2.75
20250101,2025-01,198,2.27,0.28,69.0,16.7,0.41,2.78
20250201,2025-02,198,2.11,0.26,69.0,22.5,0.41,2.8
20250301,2025-03,198,2.44,0.3,69.0,15.1,0.0,2.83
20250401,2025-04,198,2.54,0.32,69.0,17.3,0.0,2.86
20250501,2025-05,198,1.95,0.24,69.0,15.4,0.0,2.89
20250601,2025-06,198,1.97,0.25,69.0,14.9,0.0,2.91
20250701,2025-07,198,2.29,0.29,69.0,9.5,0.0,2.94
20250801,2025-08,198,2.47,0.31,69.0,20.5,0.0,2.97
20250901,2025-09,198,2.44,0.3,69.0,12.8,0.0,3.0
20251001,2025-10,198,1.96,0.24,69.0,21.7,0.0,3.02
20251101,2025-11,198,1.93,0.24,69.0,18.9,0.0,3.05
20251201,2025-12,198,2.34,0.29,69.0,16.7,0.0,3.08
20250901,2025-09,199,84.55,15.1,85.2,16.8,0.56,0.75
20251001,2025-10,199,43.1,7.7,77.1,17.6,0.56,1.13
20251101,2025-11,199,19.36,3.46,73.6,13.0,0.56,1.3
20251201,2025-12,199,17.61,3.14,73.6,9.2,0.56,1.46
20240901,2024-09,200,160.86,89.37,81.9,8.8,0.55,1.46
20241001,2024-10,200,82.85,46.03,81.3,14.1,0.55,2.22
20241101,2024-11,200,31.41,17.45,76.6,13.4,0.55,2.5
20241201,2024-12,200,26.9,14.94,76.6,14.2,0.55,2.75
20250101,2025-01,200,23.12,12.84,76.6,10.6,0.55,2.96
20250201,2025-02,200,17.7,9.83,76.6,11.9,0.55,3.12
20250301,2025-03,200,15.56,8.64,76.6,10.1,0.55,3.26
20250401,2025-04,200,5.46,3.03,71.0,9.4,0.55,3.31
20250501,2025-05,200,6.29,3.49,71.0,17.7,0.55,3.36
20250601,2025-06,200,6.95,3.86,71.0,20.0,0.55,3.43
20250701,2025-07,200,6.36,3.53,71.0,23.1,0.55,3.49
20250801,2025-08,200,5.41,3.01,71.0,23.3,0.55,3.54
20250901,2025-09,200,6.27,3.48,71.0,18.0,0.55,3.59
20251001,2025-10,200,6.17,3.43,71.0,11.1,0.55,3.65
20251101,2025-11,200,5.31,2.95,71.0,8.8,0.55,3.7
20251201,2025-12,200,6.14,3.41,71.0,9.8,0.55,3.75
20230601,2023-06,201,43.45,4.18,86.3,15.1,0.19,1.12
20230701,2023-07,201,25.22,2.42,76.9,23.4,0.19,1.77
20230801,2023-08,201,9.73,0.94,76.2,22.8,0.19,2.02
20230901,2023-09,201,7.65,0.74,76.2,22.7,0.19,2.21
20231001,2023-10,201,7.55,0.73,76.2,19.3,0.19,2.41
20231101,2023-11,201,6.46,0.62,76.2,20.7,0.19,2.57
20231201,2023-12,201,4.68,0.45,76.2,12.9,0.19,2.69
20240101,2024-01,201,1.92,0.18,70.7,13.3,0.19,2.74
20240201,2024-02,201,1.71,0.16,70.7,20.7,0.19,2.79
20240301,2024-03,201,2.01,0.19,70.7,23.8,0.19,2.84
20240401,2024-04,201,2.19,0.21,70.7,14.0,0.19,2.89
20240501,2024-05,201,1.73,0.17,70.7,17.9,0.19,2.94
20240601,2024-06,201,1.81,0.17,70.7,21.3,0.19,2.99
20240701,2024-07,201,2.0,0.19,70.7,17.7,0.19,3.04
20240801,2024-08,201,2.13,0.2,70.7,8.1,0.19,3.09
20240901,2024-09,201,1.76,0.17,70.7,20.3,0.19,3.14
20241001,2024-10,201,2.25,0.22,70.7,10.9,0.19,3.2
20241101,2024-11,201,2.04,0.2,70.7,8.4,0.19,3.25
20241201,2024-12,201,2.09,0.2,70.7,20.5,0.19,3.3
20250101,2025-01,201,1.82,0.17,70.7,17.3,0.19,3.35
20250201,2025-02,201,2.05,0.2,70.7,21.7,0.19,3.4
20250301,2025-03,201,1.7,0.16,70.7,20.2,0.19,3.44
20250401,2025-04,201,1.9,0.18,70.7,19.0,0.19,3.49
20250501,2025-05,201,2.16,0.21,70.7,21.0,0.19,3.55
20250601,2025-06,201,1.98,0.19,70.7,10.5,0.19,3.6
20250701,2025-07,201,1.83,0.18,70.7,8.5,0.19,3.65
20250801,2025-08,201,1.7,0.16,70.7,22.4,0.19,3.69
20250901,2025-09,201,2.14,0.21,70.7,17.7,0.19,3.75
20251001,2025-10,201,2.19,0.21,70.7,8.6,0.19,3.8
20251101,2025-11,201,1.91,0.18,70.7,17.0,0.19,3.85
20251201,2025-12,201,1.73,0.17,70.7,12.8,0.19,3.9
20250401,2025-04,202,51.63,6.45,86.2,22.6,0.33,0.79
20250501,2025-05,202,31.36,3.92,79.0,15.9,0.33,1.27
20250601,2025-06,202,11.12,1.39,74.0,18.2,0.33,1.44
20250701,2025-07,202,8.51,1.06,74.0,11.1,0.33,1.57
20250801,2025-08,202,8.62,1.08,74.0,18.1,0.33,1.7
20250901,2025-09,202,6.43,0.8,74.0,21.0,0.33,1.79
20251001,2025-10,202,5.08,0.64,74.0,20.3,0.33,1.87
20251101,2025-11,202,1.84,0.23,69.0,22.5,0.33,1.9
20251201,2025-12,202,1.98,0.25,69.0,8.5,0.33,1.93
20240801,2024-08,203,486.88,46.82,86.6,19.8,1.68,1.45
20240901,2024-09,203,323.12,31.07,86.5,21.5,1.68,2.41
20241001,2024-10,203,119.71,11.51,78.0,17.2,1.68,2.76
20241101,2024-11,203,97.12,9.34,78.0,21.5,1.68,3.05
20241201,2024-12,203,69.34,6.67,78.0,17.2,1.68,3.26
20250101,2025-01,203,66.98,6.44,78.0,22.8,1.68,3.45
20250201,2025-02,203,64.32,6.18,78.0,11.3,1.68,3.65
20250301,2025-03,203,22.73,2.19,72.0,16.2,1.68,3.71
20250401,2025-04,203,29.08,2.8,72.0,11.9,1.68,3.8
20250501,2025-05,203,24.43,2.35,72.0,23.2,1.68,3.87
20250601,2025-06,203,26.63,2.56,72.0,12.7,1.68,3.95
20250701,2025-07,203,28.36,2.73,72.0,17.3,1.68,4.04
20250801,2025-08,203,24.88,2.39,72.0,22.1,1.68,4.11
20250901,2025-09,203,25.15,2.42,72.0,12.5,1.68,4.18
20251001,2025-10,203,29.57,2.84,72.0,19.1,1.68,4.27
20251101,2025-11,203,28.95,2.78,72.0,8.8,1.68,4.36
20251201,2025-12,203,26.79,2.58,72.0,9.5,1.68,4.44
20210901,2021-09,204,12.31,1.71,92.0,18.4,0.06,1.11
20211001,2021-10,204,7.46,1.04,80.2,18.1,0.06,1.78
20211101,2021-11,204,2.51,0.35,77.6,10.0,0.06,2.01
20211201,2021-12,204,2.33,0.32,77.6,13.2,0.06,2.21
20220101,2022-01,204,1.65,0.23,77.6,9.9,0.06,2.36
20220201,2022-02,204,1.6,0.22,77.6,23.7,0.06,2.51
20220301,2022-03,204,1.18,0.16,77.6,23.7,0.06,2.61
20220401,2022-04,204,0.61,0.08,71.7,17.8,0.06,2.67
20220501,2022-05,204,0.53,0.07,71.7,18.6,0.06,2.72
20220601,2022-06,204,0.52,0.07,71.7,18.6,0.06,2.76
20220701,2022-07,204,0.56,0.08,71.7,10.2,0.06,2.81
20220801,2022-08,204,0.63,0.09,71.7,11.5,0.06,2.87
20220901,2022-09,204,0.52,0.07,71.7,16.8,0.06,2.92
20221001,2022-10,204,0.59,0.08,71.7,19.0,0.06,2.97
20221101,2022-11,204,0.66,0.09,71.7,18.1,0.06,3.03
20221201,2022-12,204,0.59,0.08,71.7,22.0,0.06,3.08
20230101,2023-01,204,0.5,0.07,71.7,13.6,0.06,3.13
20230201,2023-02,204,0.56,0.08,71.7,14.2,0.06,3.18
20230301,2023-03,204,0.64,0.09,71.7,15.1,0.06,3.24
20230401,2023-04,204,0.54,0.07,71.7,17.4,0.06,3.28
20230501,2023-05,204,0.64,0.09,71.7,19.0,0.06,3.34
20230601,2023-06,204,0.5,0.07,71.7,10.8,0.06,3.39
20230701,2023-07,204,0.5,0.07,71.7,12.3,0.06,3.43
20230801,2023-08,204,0.65,0.09,71.7,16.4,0.06,3.49
20230901,2023-09,204,0.53,0.07,71.7,21.3,0.06,3.54
20231001,2023-10,204,0.63,0.09,71.7,16.0,0.06,3.59
20231101,2023-11,204,0.52,0.07,71.7,23.9,0.06,3.64
20231201,2023-12,204,0.54,0.07,71.7,16.6,0.06,3.69
20240101,2024-01,204,0.55,0.08,71.7,18.4,0.06,3.74
20240201,2024-02,204,0.65,0.09,71.7,13.2,0.06,3.8
20240301,2024-03,204,0.67,0.09,71.7,13.2,0.06,3.86
20240401,2024-04,204,0.52,0.07,71.7,21.2,0.06,3.91
20240501,2024-05,204,0.55,0.08,71.7,10.9,0.06,3.95
20240601,2024-06,204,0.56,0.08,71.7,21.0,0.06,4.01
20240701,2024-07,204,0.6,0.08,71.7,8.2,0.06,4.06
20240801,2024-08,204,0.59,0.08,71.7,8.6,0.06,4.11
20240901,2024-09,204,0.65,0.09,71.7,14.3,0.0,4.17
20241001,2024-10,204,0.53,0.07,71.7,12.4,0.0,4.22
20241101,2024-11,204,0.64,0.09,71.7,22.9,0.0,4.28
20241201,2024-12,204,0.51,0.07,71.7,19.0,0.0,4.32
20250101,2025-01,204,0.65,0.09,71.7,19.4,0.0,4.38
20250201,2025-02,204,0.65,0.09,71.7,18.2,0.0,4.44
20250301,2025-03,204,0.61,0.08,71.7,13.6,0.0,4.49
20250401,2025-04,204,0.6,0.08,71.7,17.2,0.0,4.55
20250501,2025-05,204,0.62,0.09,71.7,15.2,0.0,4.6
20250601,2025-06,204,0.56,0.08,71.7,15.9,0.0,4.65
20250701,2025-07,204,0.51,0.07,71.7,12.5,0.0,4.7
20250801,2025-08,204,0.54,0.07,71.7,15.8,0.0,4.75
20250901,2025-09,204,0.51,0.07,71.7,13.0,0.0,4.79
20251001,2025-10,204,0.55,0.08,71.7,17.0,0.0,4.84
20251101,2025-11,204,0.63,0.09,71.7,19.1,0.0,4.9
20251201,2025-12,204,0.67,0.09,71.7,19.2,0.0,4.96
20220701,2022-07,205,65.84,5.14,90.5,15.8,0.22,1.48
20220801,2022-08,205,39.49,3.09,87.1,12.8,0.22,2.37
20220901,2022-09,205,14.3,1.12,78.2,10.7,0.22,2.69
20221001,2022-10,205,14.32,1.12,78.2,9.7,0.22,3.01
20221101,2022-11,205,12.37,0.97,78.2,17.7,0.22,3.29
20221201,2022-12,205,8.57,0.67,78.2,17.6,0.22,3.49
20230101,2023-01,205,8.03,0.63,78.2,13.7,0.22,3.67
20230201,2023-02,205,3.19,0.25,72.2,9.7,0.22,3.74
20230301,2023-03,205,3.81,0.3,72.2,10.7,0.22,3.82
20230401,2023-04,205,4.14,0.32,72.2,22.8,0.22,3.92
20230501,2023-05,205,4.02,0.31,72.2,23.0,0.22,4.01
20230601,2023-06,205,3.88,0.3,72.2,18.2,0.22,4.09
20230701,2023-07,205,3.8,0.3,72.2,20.2,0.22,4.18
20230801,2023-08,205,3.85,0.3,72.2,21.8,0.22,4.27
20230901,2023-09,205,4.17,0.33,72.2,18.5,0.22,4.36
20231001,2023-10,205,4.12,0.32,72.2,12.4,0.22,4.45
20231101,2023-11,205,3.51,0.27,72.2,23.2,0.22,4.53
20231201,2023-12,205,3.78,0.3,72.2,22.8,0.22,4.62
20240101,2024-01,205,3.6,0.28,72.2,13.5,0.22,4.7
20240201,2024-02,205,3.14,0.25,72.2,9.8,0.22,4.77
20240301,2024-03,205,3.25,0.25,72.2,8.8,0.22,4.84
20240401,2024-04,205,3.35,0.26,72.2,22.8,0.22,4.92
20240501,2024-05,205,3.38,0.26,72.2,12.3,0.22,4.99
20240601,2024-06,205,3.58,0.28,72.2,15.7,0.22,5.07
20240701,2024-07,205,3.71,0.29,72.2,17.4,0.22,5.16
20240801,2024-08,205,3.49,0.27,72.2,8.8,0.22,5.24
20240901,2024-09,205,3.3,0.26,72.2,20.6,0.22,5.31
20241001,2024-10,205,4.18,0.33,72.2,11.5,0.22,5.4
20241101,2024-11,205,3.9,0.3,72.2,10.7,0.22,5.49
20241201,2024-12,205,3.25,0.25,72.2,22.6,0.22,5.56
20250101,2025-01,205,3.63,0.28,72.2,12.2,0.22,5.65
20250201,2025-02,205,3.67,0.29,72.2,21.9,0.22,5.73
20250301,2025-03,205,3.84,0.3,72.2,19.9,0.22,5.82
20250401,2025-04,205,3.13,0.24,72.2,11.0,0.22,5.89
20250501,2025-05,205,3.86,0.3,72.2,9.4,0.22,5.97
20250601,2025-06,205,3.35,0.26,72.2,10.0,0.22,6.05
20250701,2025-07,205,3.58,0.28,72.2,14.5,0.0,6.13
20250801,2025-08,205,3.36,0.26,72.2,8.6,0.0,6.2
20250901,2025-09,205,3.5,0.27,72.2,13.3,0.0,6.28
20251001,2025-10,205,3.82,0.3,72.2,21.3,0.0,6.37
20251101,2025-11,205,3.47,0.27,72.2,23.9,0.0,6.45
20251201,2025-12,205,4.16,0.33,72.2,23.3,0.0,6.54
20240401,2024-04,206,45.55,3.8,86.9,9.6,0.17,1.37
20240501,2024-05,206,28.93,2.41,81.7,23.6,0.17,2.23
20240601,2024-06,206,9.71,0.81,76.8,15.5,0.17,2.53
20240701,2024-07,206,7.46,0.62,76.8,12.5,0.17,2.75
20240801,2024-08,206,5.82,0.49,76.8,15.8,0.17,2.92
20240901,2024-09,206,5.37,0.45,76.8,23.3,0.17,3.09
20241001,2024-10,206,5.41,0.45,76.8,16.2,0.17,3.25
20241101,2024-11,206,1.99,0.17,71.1,18.3,0.17,3.31
20241201,2024-12,206,2.04,0.17,71.1,11.3,0.17,3.37
20250101,2025-01,206,2.23,0.19,71.1,17.4,0.17,3.44
20250201,2025-02,206,1.69,0.14,71.1,13.4,0.17,3.49
20250301,2025-03,206,1.97,0.16,71.1,10.6,0.17,3.55
20250401,2025-04,206,1.82,0.15,71.1,18.8,0.17,3.6
20250501,2025-05,206,1.8,0.15,71.1,10.2,0.17,3.65
20250601,2025-06,206,1.76,0.15,71.1,12.9,0.17,3.71
20250701,2025-07,206,1.73,0.14,71.1,8.1,0.17,3.76
20250801,2025-08,206,1.98,0.17,71.1,13.0,0.17,3.82
20250901,2025-09,206,2.06,0.17,71.1,11.0,0.17,3.88
20251001,2025-10,206,2.14,0.18,71.1,10.6,0.17,3.94
20251101,2025-11,206,2.21,0.18,71.1,13.6,0.17,4.01
20251201,2025-12,206,1.84,0.15,71.1,16.2,0.17,4.07
20240101,2024-01,207,39.46,4.93,81.1,23.7,0.29,0.69
20240201,2024-02,207,17.54,2.19,82.9,13.8,0.29,1.0
20240301,2024-03,207,6.44,0.81,73.8,11.6,0.29,1.11
20240401,2024-04,207,5.83,0.73,73.8,15.7,0.29,1.21
20240501,2024-05,207,4.6,0.57,73.8,17.2,0.29,1.29
20240601,2024-06,207,4.01,0.5,73.8,16.5,0.29,1.36
20240701,2024-07,207,4.07,0.51,73.8,12.5,0.29,1.43
20240801,2024-08,207,0.98,0.12,68.8,19.8,0.29,1.45
20240901,2024-09,207,1.15,0.14,68.8,22.4,0.29,1.47
20241001,2024-10,207,1.21,0.15,68.8,14.1,0.29,1.49
20241101,2024-11,207,0.96,0.12,68.8,20.2,0.29,1.51
20241201,2024-12,207,1.24,0.15,68.8,22.5,0.29,1.53
20250101,2025-01,207,1.25,0.16,68.8,15.9,0.29,1.55
20250201,2025-02,207,1.0,0.12,68.8,14.4,0.29,1.57
20250301,2025-03,207,0.97,0.12,68.8,9.0,0.29,1.59
20250401,2025-04,207,0.98,0.12,68.8,21.8,0.29,1.6
20250501,2025-05,207,1.22,0.15,68.8,11.4,0.29,1.62
20250601,2025-06,207,1.2,0.15,68.8,9.1,0.29,1.64
20250701,2025-07,207,1.22,0.15,68.8,8.6,0.29,1.67
20250801,2025-08,207,1.19,0.15,68.8,18.5,0.29,1.69
20250901,2025-09,207,0.97,0.12,68.8,11.5,0.29,1.7
20251001,2025-10,207,1.01,0.13,68.8,12.4,0.29,1.72
20251101,2025-11,207,0.95,0.12,68.8,11.9,0.29,1.74
20251201,2025-12,207,1.11,0.14,68.8,22.9,0.29,1.76
20230701,2023-07,208,119.06,66.14,92.0,12.1,0.45,1.33
20230801,2023-08,208,72.91,40.51,90.0,19.3,0.45,2.15
20230901,2023-09,208,29.44,16.36,79.4,9.9,0.45,2.48
20231001,2023-10,208,21.47,11.93,79.4,14.5,0.45,2.72
20231101,2023-11,208,17.36,9.64,79.4,11.0,0.45,2.91
20231201,2023-12,208,14.59,8.11,79.4,11.1,0.45,3.07
20240101,2024-01,208,12.97,7.21,79.4,20.0,0.45,3.22
20240201,2024-02,208,6.66,3.7,73.0,21.0,0.45,3.29
20240301,2024-03,208,6.76,3.76,73.0,13.2,0.45,3.37
20240401,2024-04,208,6.4,3.56,73.0,16.7,0.45,3.44
20240501,2024-05,208,6.58,3.66,73.0,14.1,0.45,3.51
20240601,2024-06,208,7.82,4.34,73.0,22.4,0.45,3.6
20240701,2024-07,208,6.28,3.49,73.0,21.9,0.45,3.67
20240801,2024-08,208,7.53,4.18,73.0,22.8,0.45,3.75
20240901,2024-09,208,7.77,4.32,73.0,12.3,0.45,3.84
20241001,2024-10,208,6.62,3.68,73.0,13.0,0.45,3.92
20241101,2024-11,208,6.1,3.39,73.0,19.9,0.45,3.98
20241201,2024-12,208,6.29,3.49,73.0,10.0,0.45,4.05
20250101,2025-01,208,6.0,3.33,73.0,23.7,0.45,4.12
20250201,2025-02,208,6.03,3.35,73.0,12.2,0.45,4.19
20250301,2025-03,208,6.65,3.69,73.0,11.7,0.45,4.26
20250401,2025-04,208,7.45,4.14,73.0,14.1,0.45,4.35
20250501,2025-05,208,6.25,3.47,73.0,23.4,0.45,4.42
20250601,2025-06,208,7.62,4.23,73.0,20.0,0.45,4.5
20250701,2025-07,208,6.19,3.44,73.0,10.3,0.45,4.57
20250801,2025-08,208,6.84,3.8,73.0,12.6,0.45,4.65
20250901,2025-09,208,6.09,3.38,73.0,19.1,0.45,4.71
20251001,2025-10,208,7.52,4.18,73.0,17.0,0.45,4.8
20251101,2025-11,208,6.42,3.57,73.0,15.2,0.45,4.87
20251201,2025-12,208,7.28,4.04,73.0,17.7,0.45,4.95
20210701,2021-07,209,78.59,7.56,88.4,9.4,0.35,1.11
20210801,2021-08,209,51.16,4.92,85.5,9.5,0.35,1.84
20210901,2021-09,209,19.36,1.86,76.2,12.7,0.35,2.11
20211001,2021-10,209,14.59,1.4,76.2,21.8,0.35,2.32
20211101,2021-11,209,11.69,1.12,76.2,15.4,0.35,2.49
20211201,2021-12,209,9.34,0.9,76.2,11.0,0.35,2.62
20220101,2022-01,209,10.42,1.0,76.2,20.6,0.35,2.77
20220201,2022-02,209,3.85,0.37,70.7,11.9,0.35,2.82
20220301,2022-03,209,3.9,0.38,70.7,18.0,0.35,2.88
20220401,2022-04,209,3.83,0.37,70.7,13.4,0.35,2.93
20220501,2022-05,209,3.23,0.31,70.7,17.3,0.35,2.98
20220601,2022-06,209,3.3,0.32,70.7,20.0,0.35,3.02
20220701,2022-07,209,3.42,0.33,70.7,12.4,0.35,3.07
20220801,2022-08,209,3.85,0.37,70.7,16.6,0.35,3.13
20220901,2022-09,209,3.72,0.36,70.7,23.5,0.35,3.18
20221001,2022-10,209,3.6,0.35,70.7,16.2,0.35,3.23
20221101,2022-11,209,3.57,0.34,70.7,20.9,0.35,3.28
20221201,2022-12,209,3.26,0.31,70.7,8.7,0.35,3.33
20230101,2023-01,209,3.19,0.31,70.7,17.9,0.35,3.37
20230201,2023-02,209,4.01,0.39,70.7,14.6,0.35,3.43
20230301,2023-03,209,3.34,0.32,70.7,19.9,0.35,3.48
20230401,2023-04,209,4.06,0.39,70.7,14.9,0.35,3.53
20230501,2023-05,209,4.07,0.39,70.7,21.5,0.35,3.59
20230601,2023-06,209,3.94,0.38,70.7,17.4,0.35,3.65
20230701,2023-07,209,3.16,0.3,70.7,15.5,0.35,3.69
20230801,2023-08,209,3.13,0.3,70.7,22.5,0.35,3.74
20230901,2023-09,209,3.37,0.32,70.7,10.7,0.35,3.78
20231001,2023-10,209,3.37,0.32,70.7,23.8,0.35,3.83
20231101,2023-11,209,3.16,0.3,70.7,18.5,0.35,3.88
20231201,2023-12,209,3.71,0.36,70.7,21.2,0.35,3.93
20240101,2024-01,209,3.34,0.32,70.7,23.2,0.35,3.98
20240201,2024-02,209,3.43,0.33,70.7,17.2,0.35,4.02
20240301,2024-03,209,3.87,0.37,70.7,9.9,0.35,4.08
20240401,2024-04,209,3.85,0.37,70.7,9.5,0.35,4.13
20240501,2024-05,209,3.88,0.37,70.7,15.2,0.35,4.19
20240601,2024-06,209,3.69,0.35,70.7,17.7,0.35,4.24
20240701,2024-07,209,3.98,0.38,70.7,8.9,0.0,4.3
20240801,2024-08,209,3.1,0.3,70.7,20.9,0.0,4.34
20240901,2024-09,209,3.83,0.37,70.7,17.7,0.0,4.4
20241001,2024-10,209,3.71,0.36,70.7,13.0,0.0,4.45
20241101,2024-11,209,4.05,0.39,70.7,19.8,0.0,4.51
20241201,2024-12,209,3.33,0.32,70.7,10.8,0.0,4.55
20250101,2025-01,209,4.15,0.4,70.7,11.7,0.0,4.61
20250201,2025-02,209,3.88,0.37,70.7,17.5,0.0,4.67
20250301,2025-03,209,3.36,0.32,70.7,19.0,0.0,4.71
20250401,2025-04,209,4.06,0.39,70.7,20.1,0.0,4.77
20250501,2025-05,209,3.37,0.32,70.7,10.3,0.0,4.82
20250601,2025-06,209,3.64,0.35,70.7,10.6,0.0,4.87
20250701,2025-07,209,3.5,0.34,70.7,12.4,0.0,4.92
20250801,2025-08,209,3.65,0.35,70.7,21.9,0.0,4.97
20250901,2025-09,209,3.29,0.32,70.7,9.8,0.0,5.02
20251001,2025-10,209,4.07,0.39,70.7,18.5,0.0,5.08
20251101,2025-11,209,3.37,0.32,70.7,10.4,0.0,5.12
20251201,2025-12,209,3.86,0.37,70.7,19.6,0.0,5.18
20220201,2022-02,210,192.24,21.85,83.0,23.9,1.16,0.83
20220301,2022-03,210,108.18,12.29,83.8,22.1,1.16,1.3
20220401,2022-04,210,45.02,5.12,75.8,17.2,1.16,1.49
20220501,2022-05,210,29.62,3.37,75.8,14.5,1.16,1.62
20220601,2022-06,210,25.03,2.84,75.8,12.8,1.16,1.73
20220701,2022-07,210,26.26,2.98,75.8,14.8,1.16,1.84
20220801,2022-08,210,23.03,2.62,75.8,9.0,1.16,1.94
20220901,2022-09,210,8.68,0.99,70.3,8.8,1.16,1.98
20221001,2022-10,210,6.95,0.79,70.3,11.2,1.16,2.01
20221101,2022-11,210,7.44,0.85,70.3,16.8,1.16,2.04
20221201,2022-12,210,6.84,0.78,70.3,8.6,1.16,2.07
20230101,2023-01,210,7.62,0.87,70.3,10.1,1.16,2.11
20230201,2023-02,210,8.7,0.99,70.3,15.5,1.16,2.14
20230301,2023-03,210,8.56,0.97,70.3,15.9,1.16,2.18
20230401,2023-04,210,8.95,1.02,70.3,15.4,1.16,2.22
20230501,2023-05,210,8.21,0.93,70.3,20.8,1.16,2.26
20230601,2023-06,210,8.98,1.02,70.3,11.3,1.16,2.29
20230701,2023-07,210,7.29,0.83,70.3,18.8,1.16,2.33
20230801,2023-08,210,7.94,0.9,70.3,19.7,1.16,2.36
20230901,2023-09,210,7.38,0.84,70.3,8.4,1.16,2.39
20231001,2023-10,210,8.04,0.91,70.3,16.5,1.16,2.43
20231101,2023-11,210,7.98,0.91,70.3,9.3,1.16,2.46
20231201,2023-12,210,7.53,0.86,70.3,20.5,1.16,2.49
20240101,2024-01,210,7.54,0.86,70.3,10.6,1.16,2.53
20240201,2024-02,210,8.11,0.92,70.3,14.3,1.16,2.56
20240301,2024-03,210,7.78,0.88,70.3,23.8,1.16,2.6
20240401,2024-04,210,7.38,0.84,70.3,16.5,1.16,2.63
20240501,2024-05,210,7.05,0.8,70.3,8.1,1.16,2.66
20240601,2024-06,210,7.88,0.9,70.3,22.7,1.16,2.69
20240701,2024-07,210,7.44,0.85,70.3,20.7,1.16,2.72
20240801,2024-08,210,8.31,0.94,70.3,20.9,1.16,2.76
20240901,2024-09,210,7.06,0.8,70.3,8.2,1.16,2.79
20241001,2024-10,210,8.91,1.01,70.3,14.5,1.16,2.83
20241101,2024-11,210,8.76,1.0,70.3,23.0,1.16,2.87
20241201,2024-12,210,7.27,0.83,70.3,12.3,1.16,2.9
20250101,2025-01,210,7.82,0.89,70.3,12.2,1.16,2.93
20250201,2025-02,210,6.71,0.76,70.3,18.8,0.0,2.96
20250301,2025-03,210,8.76,1.0,70.3,11.9,0.0,3.0
20250401,2025-04,210,8.51,0.97,70.3,18.0,0.0,3.04
20250501,2025-05,210,8.12,0.92,70.3,14.9,0.0,3.07
20250601,2025-06,210,8.91,1.01,70.3,18.4,0.0,3.11
20250701,2025-07,210,8.13,0.92,70.3,16.3,0.0,3.15
20250801,2025-08,210,7.57,0.86,70.3,14.8,0.0,3.18
20250901,2025-09,210,7.96,0.9,70.3,14.5,0.0,3.21
20251001,2025-10,210,7.24,0.82,70.3,18.1,0.0,3.24
20251101,2025-11,210,6.83,0.78,70.3,22.7,0.0,3.27
20251201,2025-12,210,7.99,0.91,70.3,20.9,0.0,3.31
20210601,2021-06,211,22.98,4.1,82.7,19.5,0.11,1.03
20210701,2021-07,211,10.71,1.91,80.9,14.3,0.11,1.52
20210801,2021-08,211,4.67,0.83,74.4,12.9,0.11,1.73
20210901,2021-09,211,3.19,0.57,74.4,12.7,0.11,1.87
20211001,2021-10,211,3.41,0.61,74.4,21.2,0.11,2.02
20211101,2021-11,211,2.22,0.4,74.4,12.9,0.11,2.12
20211201,2021-12,211,2.18,0.39,74.4,13.8,0.11,2.22
20220101,2022-01,211,0.74,0.13,69.3,17.5,0.11,2.25
20220201,2022-02,211,0.65,0.12,69.3,22.4,0.11,2.28
20220301,2022-03,211,0.76,0.14,69.3,23.7,0.11,2.32
20220401,2022-04,211,0.6,0.11,69.3,8.4,0.11,2.34
20220501,2022-05,211,0.79,0.14,69.3,11.3,0.11,2.38
20220601,2022-06,211,0.78,0.14,69.3,20.0,0.11,2.42
20220701,2022-07,211,0.79,0.14,69.3,10.4,0.11,2.45
20220801,2022-08,211,0.6,0.11,69.3,8.7,0.11,2.48
20220901,2022-09,211,0.78,0.14,69.3,13.9,0.11,2.51
20221001,2022-10,211,0.63,0.11,69.3,22.1,0.11,2.54
20221101,2022-11,211,0.73,0.13,69.3,21.4,0.11,2.57
20221201,2022-12,211,0.61,0.11,69.3,15.9,0.11,2.6
20230101,2023-01,211,0.76,0.14,69.3,14.9,0.11,2.64
20230201,2023-02,211,0.77,0.14,69.3,18.4,0.11,2.67
20230301,2023-03,211,0.68,0.12,69.3,11.9,0.11,2.7
20230401,2023-04,211,0.74,0.13,69.3,10.2,0.11,2.73
20230501,2023-05,211,0.69,0.12,69.3,13.0,0.11,2.77
20230601,2023-06,211,0.59,0.11,69.3,21.4,0.11,2.79
20230701,2023-07,211,0.68,0.12,69.3,22.1,0.11,2.82
20230801,2023-08,211,0.65,0.12,69.3,18.1,0.11,2.85
20230901,2023-09,211,0.76,0.14,69.3,21.6,0.11,2.89
20231001,2023-10,211,0.76,0.14,69.3,17.9,0.11,2.92
20231101,2023-11,211,0.63,0.11,69.3,12.3,0.11,2.95
20231201,2023-12,211,0.79,0.14,69.3,23.6,0.11,2.98
20240101,2024-01,211,0.66,0.12,69.3,15.5,0.11,3.01
20240201,2024-02,211,0.67,0.12,69.3,12.9,0.11,3.04
20240301,2024-03,211,0.66,0.12,69.3,11.0,0.11,3.07
20240401,2024-04,211,0.61,0.11,69.3,19.0,0.11,3.1
20240501,2024-05,211,0.68,0.12,69.3,23.6,0.11,3.13
20240601,2024-06,211,0.62,0.11,69.3,13.2,0.0,3.16
20240701,2024-07,211,0.68,0.12,69.3,18.7,0.0,3.19
20240801,2024-08,211,0.78,0.14,69.3,11.4,0.0,3.23
20240901,2024-09,211,0.75,0.13,69.3,13.5,0.0,3.26
20241001,2024-10,211,0.8,0.14,69.3,19.2,0.0,3.3
20241101,2024-11,211,0.77,0.14,69.3,11.5,0.0,3.33
20241201,2024-12,211,0.77,0.14,69.3,17.1,0.0,3.36
20250101,2025-01,211,0.69,0.12,69.3,16.7,0.0,3.4
20250201,2025-02,211,0.62,0.11,69.3,15.6,0.0,3.42
20250301,2025-03,211,0.68,0.12,69.3,20.6,0.0,3.45
20250401,2025-04,211,0.61,0.11,69.3,23.8,0.0,3.48
20250501,2025-05,211,0.67,0.12,69.3,10.4,0.0,3.51
20250601,2025-06,211,0.74,0.13,69.3,12.3,0.0,3.55
20250701,2025-07,211,0.62,0.11,69.3,12.7,0.0,3.57
20250801,2025-08,211,0.62,0.11,69.3,13.8,0.0,3.6
20250901,2025-09,211,0.68,0.12,69.3,18.3,0.0,3.63
20251001,2025-10,211,0.69,0.12,69.3,14.5,0.0,3.66
20251101,2025-11,211,0.78,0.14,69.3,14.3,0.0,3.7
20251201,2025-12,211,0.72,0.13,69.3,20.2,0.0,3.73
20230701,2023-07,212,189.1,18.18,81.5,14.0,0.93,1.02
20230801,2023-08,212,94.39,9.08,76.1,13.5,0.93,1.53
20230901,2023-09,212,38.42,3.69,74.6,23.4,0.93,1.73
20231001,2023-10,212,33.19,3.19,74.6,21.8,0.93,1.91
20231101,2023-11,212,22.09,2.12,74.6,8.6,0.93,2.03
20231201,2023-12,212,25.14,2.42,74.6,10.7,0.93,2.17
20240101,2024-01,212,19.75,1.9,74.6,17.3,0.93,2.27
20240201,2024-02,212,6.98,0.67,69.5,15.6,0.93,2.31
20240301,2024-03,212,5.69,0.55,69.5,16.0,0.93,2.34
20240401,2024-04,212,5.37,0.52,69.5,21.9,0.93,2.37
20240501,2024-05,212,5.53,0.53,69.5,21.8,0.93,2.4
20240601,2024-06,212,5.66,0.54,69.5,18.7,0.93,2.43
20240701,2024-07,212,5.74,0.55,69.5,11.8,0.93,2.46
20240801,2024-08,212,5.8,0.56,69.5,8.5,0.93,2.49
20240901,2024-09,212,5.31,0.51,69.5,23.5,0.93,2.52
20241001,2024-10,212,6.53,0.63,69.5,11.7,0.93,2.56
20241101,2024-11,212,5.38,0.52,69.5,13.5,0.93,2.59
20241201,2024-12,212,6.66,0.64,69.5,17.1,0.93,2.62
20250101,2025-01,212,5.6,0.54,69.5,17.4,0.93,2.65
20250201,2025-02,212,7.01,0.67,69.5,17.1,0.93,2.69
20250301,2025-03,212,6.21,0.6,69.5,12.2,0.93,2.72
20250401,2025-04,212,6.69,0.64,69.5,21.8,0.93,2.76
20250501,2025-05,212,6.22,0.6,69.5,21.9,0.93,2.79
20250601,2025-06,212,5.58,0.54,69.5,13.2,0.93,2.82
20250701,2025-07,212,7.03,0.68,69.5,18.3,0.93,2.86
20250801,2025-08,212,5.45,0.52,69.5,8.6,0.93,2.89
20250901,2025-09,212,6.84,0.66,69.5,9.0,0.93,2.93
20251001,2025-10,212,6.33,0.61,69.5,10.7,0.93,2.96
20251101,2025-11,212,6.06,0.58,69.5,19.9,0.93,3.0
20251201,2025-12,212,5.89,0.57,69.5,14.6,0.93,3.03
20241201,2024-12,213,39.99,22.22,87.3,12.7,0.12,1.6
20250101,2025-01,213,24.34,13.52,85.8,9.4,0.12,2.57
20250201,2025-02,213,8.3,4.61,78.2,11.3,0.12,2.91
20250301,2025-03,213,7.4,4.11,78.2,21.4,0.12,3.2
20250401,2025-04,213,6.72,3.73,78.2,21.7,0.12,3.47
20250501,2025-05,213,5.77,3.21,78.2,11.0,0.12,3.7
20250601,2025-06,213,4.67,2.59,78.2,11.5,0.12,3.89
20250701,2025-07,213,1.79,0.99,72.2,9.5,0.12,3.96
20250801,2025-08,213,2.12,1.18,72.2,8.1,0.12,4.04
20250901,2025-09,213,2.07,1.15,72.2,23.3,0.12,4.13
20251001,2025-10,213,2.03,1.13,72.2,20.1,0.12,4.21
20251101,2025-11,213,2.21,1.23,72.2,18.2,0.12,4.3
20251201,2025-12,213,2.33,1.29,72.2,13.0,0.12,4.39
20231101,2023-11,214,85.79,15.32,83.8,16.2,1.03,0.42
20231201,2023-12,214,51.95,9.28,81.7,8.0,1.03,0.67
20240101,2024-01,214,15.5,2.77,72.0,21.1,1.03,0.75
20240201,2024-02,214,12.69,2.27,72.0,22.9,1.03,0.81
20240301,2024-03,214,12.14,2.17,72.0,11.9,1.03,0.87
20240401,2024-04,214,9.66,1.72,72.0,18.8,1.03,0.91
20240501,2024-05,214,9.64,1.72,72.0,11.0,1.03,0.96
20240601,2024-06,214,2.34,0.42,67.5,10.6,1.03,0.97
20240701,2024-07,214,1.85,0.33,67.5,23.9,1.03,0.98
20240801,2024-08,214,2.02,0.36,67.5,19.0,1.03,0.99
20240901,2024-09,214,1.87,0.33,67.5,13.8,1.03,1.0
20241001,2024-10,214,2.16,0.39,67.5,23.7,1.03,1.01
20241101,2024-11,214,2.21,0.39,67.5,22.4,1.03,1.02
20241201,2024-12,214,2.16,0.39,67.5,10.9,1.03,1.03
20250101,2025-01,214,2.09,0.37,67.5,10.4,1.03,1.04
20250201,2025-02,214,2.38,0.42,67.5,14.5,1.03,1.05
20250301,2025-03,214,1.95,0.35,67.5,19.5,1.03,1.06
20250401,2025-04,214,1.84,0.33,67.5,19.1,1.03,1.07
20250501,2025-05,214,2.1,0.38,67.5,15.4,1.03,1.08
20250601,2025-06,214,1.87,0.33,67.5,19.0,1.03,1.09
20250701,2025-07,214,1.83,0.33,67.5,14.2,1.03,1.1
20250801,2025-08,214,2.04,0.36,67.5,17.1,1.03,1.11
20250901,2025-09,214,1.83,0.33,67.5,9.0,1.03,1.12
20251001,2025-10,214,1.97,0.35,67.5,14.2,1.03,1.13
20251101,2025-11,214,1.83,0.33,67.5,15.0,1.03,1.14
20251201,2025-12,214,1.88,0.34,67.5,14.6,1.03,1.15
20211001,2021-10,215,39.03,6.97,84.8,14.8,0.19,1.05
20211101,2021-11,215,21.5,3.84,83.9,11.8,0.19,1.63
20211201,2021-12,215,7.51,1.34,77.4,10.6,0.19,1.83
20220101,2022-01,215,7.72,1.38,77.4,17.6,0.19,2.04
20220201,2022-02,215,6.15,1.1,77.4,16.2,0.19,2.2
20220301,2022-03,215,5.63,1.01,77.4,14.0,0.19,2.35
20220401,2022-04,215,4.5,0.8,77.4,23.1,0.19,2.47
20220501,2022-05,215,2.1,0.38,71.5,13.0,0.19,2.53
20220601,2022-06,215,1.81,0.32,71.5,19.5,0.19,2.58
20220701,2022-07,215,2.03,0.36,71.5,8.8,0.19,2.63
20220801,2022-08,215,1.65,0.29,71.5,14.4,0.19,2.68
20220901,2022-09,215,1.9,0.34,71.5,8.3,0.19,2.73
20221001,2022-10,215,1.99,0.36,71.5,8.5,0.19,2.78
20221101,2022-11,215,1.62,0.29,71.5,15.5,0.19,2.82
20221201,2022-12,215,1.78,0.32,71.5,18.4,0.19,2.87
20230101,2023-01,215,2.14,0.38,71.5,20.8,0.19,2.93
20230201,2023-02,215,2.09,0.37,71.5,16.9,0.19,2.99
20230301,2023-03,215,1.99,0.36,71.5,17.9,0.19,3.04
20230401,2023-04,215,1.97,0.35,71.5,8.9,0.19,3.09
20230501,2023-05,215,1.99,0.36,71.5,10.4,0.19,3.15
20230601,2023-06,215,1.89,0.34,71.5,12.7,0.19,3.2
20230701,2023-07,215,1.99,0.36,71.5,20.7,0.19,3.25
20230801,2023-08,215,1.62,0.29,71.5,8.7,0.19,3.29
20230901,2023-09,215,1.99,0.36,71.5,19.7,0.19,3.35
20231001,2023-10,215,1.61,0.29,71.5,22.5,0.19,3.39
20231101,2023-11,215,1.81,0.32,71.5,19.8,0.19,3.44
20231201,2023-12,215,1.81,0.32,71.5,8.5,0.19,3.49
20240101,2024-01,215,1.6,0.29,71.5,13.8,0.19,3.53
20240201,2024-02,215,1.66,0.3,71.5,20.4,0.19,3.58
20240301,2024-03,215,1.92,0.34,71.5,9.6,0.19,3.63
20240401,2024-04,215,1.61,0.29,71.5,10.1,0.19,3.67
20240501,2024-05,215,2.11,0.38,71.5,11.4,0.19,3.73
20240601,2024-06,215,1.81,0.32,71.5,22.9,0.19,3.78
20240701,2024-07,215,1.92,0.34,71.5,23.7,0.19,3.83
20240801,2024-08,215,1.7,0.3,71.5,14.2,0.19,3.87
20240901,2024-09,215,1.87,0.33,71.5,14.4,0.19,3.92
20241001,2024-10,215,1.99,0.36,71.5,14.2,0.0,3.98
20241101,2024-11,215,1.9,0.34,71.5,14.7,0.0,4.03
20241201,2024-12,215,1.77,0.32,71.5,15.8,0.0,4.07
20250101,2025-01,215,2.04,0.36,71.5,23.9,0.0,4.13
20250201,2025-02,215,1.98,0.35,71.5,18.5,0.0,4.18
20250301,2025-03,215,1.8,0.32,71.5,22.4,0.0,4.23
20250401,2025-04,215,1.68,0.3,71.5,15.7,0.0,4.28
20250501,2025-05,215,1.86,0.33,71.5,11.5,0.0,4.33
20250601,2025-06,215,2.07,0.37,71.5,20.5,0.0,4.38
20250701,2025-07,215,2.14,0.38,71.5,8.8,0.0,4.44
20250801,2025-08,215,2.11,0.38,71.5,18.4,0.0,4.5
20250901,2025-09,215,2.14,0.38,71.5,18.9,0.0,4.55
20251001,2025-10,215,1.66,0.3,71.5,19.8,0.0,4.6
20251101,2025-11,215,1.79,0.32,71.5,20.2,0.0,4.65
20251201,2025-12,215,1.91,0.34,71.5,12.4,0.0,4.7
20231001,2023-10,216,53.34,8.33,85.6,12.3,0.27,0.98
20231101,2023-11,216,27.55,4.3,80.4,11.5,0.27,1.49
20231201,2023-12,216,10.86,1.7,74.8,23.7,0.27,1.69
20240101,2024-01,216,8.06,1.26,74.8,11.9,0.27,1.83
20240201,2024-02,216,8.74,1.37,74.8,18.2,0.27,1.99
20240301,2024-03,216,7.05,1.1,74.8,9.2,0.27,2.12
20240401,2024-04,216,5.58,0.87,74.8,14.1,0.27,2.23
20240501,2024-05,216,2.07,0.32,69.6,20.3,0.27,2.26
20240601,2024-06,216,1.79,0.28,69.6,18.6,0.27,2.3
20240701,2024-07,216,2.06,0.32,69.6,9.2,0.27,2.33
20240801,2024-08,216,2.04,0.32,69.6,10.0,0.27,2.37
20240901,2024-09,216,1.96,0.31,69.6,16.0,0.27,2.41
20241001,2024-10,216,2.0,0.31,69.6,21.4,0.27,2.44
20241101,2024-11,216,1.74,0.27,69.6,10.4,0.27,2.48
20241201,2024-12,216,1.96,0.31,69.6,12.5,0.27,2.51
20250101,2025-01,216,1.81,0.28,69.6,10.4,0.27,2.55
20250201,2025-02,216,1.85,0.29,69.6,23.3,0.27,2.58
20250301,2025-03,216,2.14,0.33,69.6,17.2,0.27,2.62
20250401,2025-04,216,2.15,0.34,69.6,20.5,0.27,2.66
20250501,2025-05,216,2.12,0.33,69.6,21.3,0.27,2.7
20250601,2025-06,216,2.16,0.34,69.6,14.9,0.27,2.74
20250701,2025-07,216,2.17,0.34,69.6,12.9,0.27,2.78
20250801,2025-08,216,1.85,0.29,69.6,17.4,0.27,2.81
20250901,2025-09,216,1.75,0.27,69.6,22.4,0.27,2.84
20251001,2025-10,216,1.74,0.27,69.6,17.6,0.27,2.88
20251101,2025-11,216,1.75,0.27,69.6,14.8,0.27,2.91
20251201,2025-12,216,2.06,0.32,69.6,10.6,0.27,2.95
20230801,2023-08,217,311.21,27.79,87.4,11.0,1.62,0.96
20230901,2023-09,217,161.72,14.44,82.7,21.8,1.62,1.46
20231001,2023-10,217,64.38,5.75,76.8,20.9,1.62,1.66
20231101,2023-11,217,56.81,5.07,76.8,20.1,1.62,1.83
20231201,2023-12,217,51.89,4.63,76.8,11.6,1.62,1.99
20240101,2024-01,217,35.59,3.18,76.8,11.2,1.62,2.1
20240201,2024-02,217,30.7,2.74,76.8,16.7,1.62,2.2
20240301,2024-03,217,13.33,1.19,71.1,8.1,1.62,2.24
20240401,2024-04,217,15.22,1.36,71.1,10.7,1.62,2.29
20240501,2024-05,217,14.78,1.32,71.1,23.5,1.62,2.33
20240601,2024-06,217,15.08,1.35,71.1,13.0,1.62,2.38
20240701,2024-07,217,12.94,1.16,71.1,13.3,1.62,2.42
20240801,2024-08,217,12.04,1.07,71.1,14.8,1.62,2.46
20240901,2024-09,217,14.89,1.33,71.1,11.7,1.62,2.5
20241001,2024-10,217,12.63,1.13,71.1,22.4,1.62,2.54
20241101,2024-11,217,15.76,1.41,71.1,19.5,1.62,2.59
20241201,2024-12,217,12.89,1.15,71.1,12.2,1.62,2.63
20250101,2025-01,217,15.82,1.41,71.1,16.6,1.62,2.68
20250201,2025-02,217,12.55,1.12,71.1,15.0,1.62,2.72
20250301,2025-03,217,13.85,1.24,71.1,19.3,1.62,2.76
20250401,2025-04,217,13.3,1.19,71.1,17.9,1.62,2.8
20250501,2025-05,217,13.08,1.17,71.1,13.8,1.62,2.84
20250601,2025-06,217,13.86,1.24,71.1,17.9,1.62,2.88
20250701,2025-07,217,13.66,1.22,71.1,13.6,1.62,2.93
20250801,2025-08,217,12.31,1.1,71.1,22.0,1.62,2.96
20250901,2025-09,217,15.74,1.41,71.1,14.1,1.62,3.01
20251001,2025-10,217,12.29,1.1,71.1,18.4,1.62,3.05
20251101,2025-11,217,12.58,1.12,71.1,22.9,1.62,3.09
20251201,2025-12,217,15.1,1.35,71.1,13.5,1.62,3.14
20230701,2023-07,218,132.38,73.54,80.7,16.6,0.58,1.14
20230801,2023-08,218,57.24,31.8,85.4,21.4,0.58,1.63
20230901,2023-09,218,23.49,13.05,74.8,14.5,0.58,1.84
20231001,2023-10,218,17.73,9.85,74.8,23.0,0.58,1.99
20231101,2023-11,218,15.37,8.54,74.8,10.2,0.58,2.12
20231201,2023-12,218,14.95,8.31,74.8,21.0,0.58,2.25
20240101,2024-01,218,10.76,5.98,74.8,8.6,0.58,2.34
20240201,2024-02,218,4.32,2.4,69.6,11.5,0.58,2.38
20240301,2024-03,218,4.42,2.46,69.6,15.2,0.58,2.42
20240401,2024-04,218,4.1,2.28,69.6,19.0,0.58,2.45
20240501,2024-05,218,3.74,2.08,69.6,19.9,0.58,2.48
20240601,2024-06,218,4.49,2.49,69.6,20.4,0.58,2.52
20240701,2024-07,218,3.75,2.08,69.6,10.8,0.58,2.56
20240801,2024-08,218,4.57,2.54,69.6,16.4,0.58,2.6
20240901,2024-09,218,4.35,2.42,69.6,15.4,0.58,2.63
20241001,2024-10,218,3.85,2.14,69.6,22.1,0.58,2.67
20241101,2024-11,218,4.1,2.28,69.6,14.1,0.58,2.7
20241201,2024-12,218,4.55,2.53,69.6,8.2,0.58,2.74
20250101,2025-01,218,3.83,2.13,69.6,22.3,0.58,2.77
20250201,2025-02,218,4.0,2.22,69.6,22.7,0.58,2.81
20250301,2025-03,218,3.92,2.18,69.6,18.8,0.58,2.84
20250401,2025-04,218,4.2,2.33,69.6,16.8,0.58,2.88
20250501,2025-05,218,4.55,2.53,69.6,16.3,0.58,2.92
20250601,2025-06,218,4.54,2.52,69.6,11.9,0.58,2.96
20250701,2025-07,218,3.57,1.98,69.6,9.7,0.58,2.99
20250801,2025-08,218,4.12,2.29,69.6,12.7,0.58,3.02
20250901,2025-09,218,4.21,2.34,69.6,22.3,0.58,3.06
20251001,2025-10,218,4.01,2.23,69.6,10.9,0.58,3.09
20251101,2025-11,218,4.16,2.31,69.6,21.9,0.58,3.13
20251201,2025-12,218,4.21,2.34,69.6,8.8,0.58,3.16
20230301,2023-03,219,53.5,3.93,88.3,18.2,0.24,1.12
20230401,2023-04,219,32.02,2.35,76.8,19.7,0.24,1.79
20230501,2023-05,219,12.65,0.93,77.8,23.5,0.24,2.05
20230601,2023-06,219,10.26,0.75,77.8,21.9,0.24,2.27
20230701,2023-07,219,9.15,0.67,77.8,12.4,0.24,2.46
20230801,2023-08,219,7.21,0.53,77.8,21.8,0.24,2.61
20230901,2023-09,219,6.0,0.44,77.8,22.5,0.24,2.74
20231001,2023-10,219,2.75,0.2,71.8,9.9,0.24,2.8
20231101,2023-11,219,2.48,0.18,71.8,8.9,0.24,2.85
20231201,2023-12,219,2.29,0.17,71.8,8.8,0.24,2.89
20240101,2024-01,219,2.37,0.17,71.8,11.2,0.24,2.94
20240201,2024-02,219,2.44,0.18,71.8,9.4,0.24,3.0
20240301,2024-03,219,2.85,0.21,71.8,8.2,0.24,3.06
20240401,2024-04,219,3.01,0.22,71.8,15.9,0.24,3.12
20240501,2024-05,219,2.35,0.17,71.8,15.9,0.24,3.17
20240601,2024-06,219,2.66,0.2,71.8,18.5,0.24,3.22
20240701,2024-07,219,2.99,0.22,71.8,11.7,0.24,3.29
20240801,2024-08,219,2.42,0.18,71.8,13.0,0.24,3.34
20240901,2024-09,219,2.53,0.19,71.8,11.1,0.24,3.39
20241001,2024-10,219,2.9,0.21,71.8,14.8,0.24,3.45
20241101,2024-11,219,2.26,0.17,71.8,23.2,0.24,3.5
20241201,2024-12,219,2.75,0.2,71.8,23.1,0.24,3.55
20250101,2025-01,219,2.39,0.18,71.8,18.2,0.24,3.6
20250201,2025-02,219,2.83,0.21,71.8,18.1,0.24,3.66
20250301,2025-03,219,2.3,0.17,71.8,20.8,0.24,3.71
20250401,2025-04,219,2.63,0.19,71.8,15.0,0.24,3.77
20250501,2025-05,219,2.5,0.18,71.8,13.0,0.24,3.82
20250601,2025-06,219,2.97,0.22,71.8,9.3,0.24,3.88
20250701,2025-07,219,2.27,0.17,71.8,9.7,0.24,3.93
20250801,2025-08,219,2.88,0.21,71.8,14.3,0.24,3.99
20250901,2025-09,219,2.34,0.17,71.8,8.5,0.24,4.04
20251001,2025-10,219,2.9,0.21,71.8,23.1,0.24,4.1
20251101,2025-11,219,2.57,0.19,71.8,19.2,0.24,4.15
20251201,2025-12,219,2.78,0.2,71.8,11.6,0.24,4.21
20250701,2025-07,220,106.12,7.8,84.1,17.0,0.62,0.86
20250801,2025-08,220,66.81,4.91,77.9,20.4,0.62,1.4
20250901,2025-09,220,25.02,1.84,74.2,20.1,0.62,1.6
20251001,2025-10,220,20.85,1.53,74.2,10.0,0.62,1.77
20251101,2025-11,220,16.67,1.23,74.2,11.2,0.62,1.9
20251201,2025-12,220,15.53,1.14,74.2,9.1,0.62,2.03
20230401,2023-04,221,128.7,14.62,83.5,18.9,0.6,1.07
20230501,2023-05,221,64.88,7.37,80.5,23.9,0.6,1.61
20230601,2023-06,221,26.5,3.01,75.2,19.1,0.6,1.83
20230701,2023-07,221,20.93,2.38,75.2,17.3,0.6,2.01
20230801,2023-08,221,17.62,2.0,75.2,23.8,0.6,2.16
20230901,2023-09,221,14.25,1.62,75.2,16.7,0.6,2.27
20231001,2023-10,221,11.52,1.31,75.2,18.8,0.6,2.37
20231101,2023-11,221,5.01,0.57,69.9,8.4,0.6,2.41
20231201,2023-12,221,5.13,0.58,69.9,13.7,0.6,2.45
20240101,2024-01,221,4.99,0.57,69.9,10.9,0.6,2.5
20240201,2024-02,221,4.16,0.47,69.9,17.9,0.6,2.53
20240301,2024-03,221,5.21,0.59,69.9,16.3,0.6,2.57
20240401,2024-04,221,5.14,0.58,69.9,22.8,0.6,2.62
20240501,2024-05,221,4.45,0.51,69.9,10.5,0.6,2.65
20240601,2024-06,221,5.11,0.58,69.9,9.7,0.6,2.7
20240701,2024-07,221,4.17,0.47,69.9,21.8,0.6,2.73
20240801,2024-08,221,4.04,0.46,69.9,17.0,0.6,2.77
20240901,2024-09,221,5.33,0.61,69.9,19.1,0.6,2.81
20241001,2024-10,221,4.36,0.5,69.9,11.1,0.6,2.85
20241101,2024-11,221,4.77,0.54,69.9,18.7,0.6,2.89
20241201,2024-12,221,4.06,0.46,69.9,15.7,0.6,2.92
20250101,2025-01,221,5.4,0.61,69.9,9.5,0.6,2.96
20250201,2025-02,221,4.63,0.53,69.9,9.8,0.6,3.0
20250301,2025-03,221,5.17,0.59,69.9,23.9,0.6,3.05
20250401,2025-04,221,4.36,0.5,69.9,14.4,0.6,3.08
20250501,2025-05,221,4.19,0.48,69.9,14.7,0.6,3.12
20250601,2025-06,221,4.49,0.51,69.9,22.6,0.6,3.15
20250701,2025-07,221,5.22,0.59,69.9,10.2,0.6,3.2
20250801,2025-08,221,4.68,0.53,69.9,13.0,0.6,3.24
20250901,2025-09,221,4.82,0.55,69.9,15.9,0.6,3.28
20251001,2025-10,221,5.17,0.59,69.9,19.4,0.6,3.32
20251101,2025-11,221,4.35,0.49,69.9,13.1,0.6,3.36
20251201,2025-12,221,5.14,0.58,69.9,13.4,0.6,3.4
20250301,2025-03,222,619.85,48.43,92.0,18.2,1.18,2.63
20250401,2025-04,222,310.02,24.22,80.7,20.7,1.18,3.94
20250501,2025-05,222,99.82,7.8,80.8,12.7,1.18,4.36
20250601,2025-06,222,95.15,7.43,80.8,21.3,1.18,4.76
20250701,2025-07,222,73.07,5.71,80.8,19.6,1.18,5.07
20250801,2025-08,222,67.28,5.26,80.8,19.7,1.18,5.36
20250901,2025-09,222,64.69,5.05,80.8,23.8,1.18,5.63
20251001,2025-10,222,31.69,2.48,74.1,8.5,1.18,5.77
20251101,2025-11,222,29.04,2.27,74.1,17.9,1.18,5.89
20251201,2025-12,222,31.94,2.5,74.1,16.5,1.18,6.02
20230301,2023-03,223,126.28,70.16,87.6,15.3,0.57,1.11
20230401,2023-04,223,63.85,35.47,83.4,10.0,0.57,1.67
20230501,2023-05,223,22.25,12.36,77.6,17.2,0.57,1.86
20230601,2023-06,223,21.24,11.8,77.6,22.4,0.57,2.05
20230701,2023-07,223,16.62,9.23,77.6,15.8,0.57,2.2
20230801,2023-08,223,13.87,7.71,77.6,20.8,0.57,2.32
20230901,2023-09,223,11.75,6.53,77.6,15.1,0.57,2.42
20231001,2023-10,223,5.33,2.96,71.7,11.4,0.57,2.47
20231101,2023-11,223,6.75,3.75,71.7,8.2,0.57,2.53
20231201,2023-12,223,5.58,3.1,71.7,22.7,0.57,2.58
20240101,2024-01,223,5.42,3.01,71.7,9.3,0.57,2.62
20240201,2024-02,223,6.53,3.63,71.7,15.2,0.57,2.68
20240301,2024-03,223,6.14,3.41,71.7,18.3,0.57,2.74
20240401,2024-04,223,5.17,2.87,71.7,12.4,0.57,2.78
20240501,2024-05,223,5.81,3.23,71.7,18.5,0.57,2.83
20240601,2024-06,223,5.79,3.22,71.7,17.0,0.57,2.88
20240701,2024-07,223,5.97,3.32,71.7,13.6,0.57,2.94
20240801,2024-08,223,5.59,3.11,71.7,14.2,0.57,2.98
20240901,2024-09,223,5.77,3.21,71.7,14.1,0.57,3.04
20241001,2024-10,223,6.24,3.47,71.7,16.4,0.57,3.09
20241101,2024-11,223,6.53,3.63,71.7,22.7,0.57,3.15
20241201,2024-12,223,6.85,3.81,71.7,12.3,0.57,3.21
20250101,2025-01,223,5.57,3.09,71.7,19.9,0.57,3.26
20250201,2025-02,223,6.25,3.47,71.7,21.0,0.57,3.31
20250301,2025-03,223,6.26,3.48,71.7,21.7,0.57,3.37
20250401,2025-04,223,5.4,3.0,71.7,17.5,0.57,3.41
20250501,2025-05,223,5.15,2.86,71.7,13.8,0.57,3.46
20250601,2025-06,223,5.57,3.09,71.7,12.4,0.57,3.51
20250701,2025-07,223,6.64,3.69,71.7,19.1,0.57,3.57
20250801,2025-08,223,5.67,3.15,71.7,14.1,0.57,3.62
20250901,2025-09,223,5.64,3.13,71.7,9.5,0.57,3.67
20251001,2025-10,223,6.57,3.65,71.7,20.2,0.57,3.72
20251101,2025-11,223,6.35,3.53,71.7,9.5,0.57,3.78
20251201,2025-12,223,6.59,3.66,71.7,14.4,0.57,3.84
20240301,2024-03,224,59.78,5.34,85.7,10.1,0.24,1.22
20240401,2024-04,224,31.57,2.82,85.3,19.9,0.24,1.87
20240501,2024-05,224,9.99,0.89,77.2,10.1,0.24,2.07
20240601,2024-06,224,7.71,0.69,77.2,18.6,0.24,2.23
20240701,2024-07,224,7.32,0.65,77.2,16.2,0.24,2.38
20240801,2024-08,224,5.65,0.5,77.2,21.7,0.24,2.5
20240901,2024-09,224,5.96,0.53,77.2,23.4,0.24,2.62
20241001,2024-10,224,2.03,0.18,71.4,19.8,0.24,2.66
20241101,2024-11,224,2.36,0.21,71.4,11.6,0.24,2.71
20241201,2024-12,224,2.58,0.23,71.4,23.4,0.24,2.76
20250101,2025-01,224,2.04,0.18,71.4,14.9,0.24,2.8
20250201,2025-02,224,2.09,0.19,71.4,18.2,0.24,2.84
20250301,2025-03,224,2.48,0.22,71.4,16.3,0.24,2.9
20250401,2025-04,224,2.47,0.22,71.4,8.5,0.24,2.95
20250501,2025-05,224,2.06,0.18,71.4,16.6,0.24,2.99
20250601,2025-06,224,2.52,0.22,71.4,17.8,0.24,3.04
20250701,2025-07,224,2.36,0.21,71.4,16.4,0.24,3.09
20250801,2025-08,224,2.49,0.22,71.4,10.0,0.24,3.14
20250901,2025-09,224,2.22,0.2,71.4,19.4,0.24,3.18
20251001,2025-10,224,2.01,0.18,71.4,10.4,0.24,3.23
20251101,2025-11,224,2.61,0.23,71.4,20.2,0.24,3.28
20251201,2025-12,224,2.46,0.22,71.4,11.9,0.24,3.33
20230501,2023-05,225,56.32,31.29,89.1,20.0,0.22,1.27
20230601,2023-06,225,31.26,17.37,83.1,9.4,0.22,1.97
20230701,2023-07,225,13.06,7.26,76.8,18.7,0.22,2.26
20230801,2023-08,225,10.3,5.72,76.8,14.1,0.22,2.5
20230901,2023-09,225,8.54,4.74,76.8,17.9,0.22,2.69
20231001,2023-10,225,8.09,4.49,76.8,21.4,0.22,2.87
20231101,2023-11,225,6.39,3.55,76.8,13.7,0.22,3.01
20231201,2023-12,225,2.67,1.48,71.1,8.9,0.22,3.07
20240101,2024-01,225,2.37,1.32,71.1,15.3,0.22,3.13
20240201,2024-02,225,2.5,1.39,71.1,15.9,0.22,3.18
20240301,2024-03,225,2.95,1.64,71.1,19.9,0.22,3.25
20240401,2024-04,225,2.67,1.48,71.1,15.5,0.22,3.31
20240501,2024-05,225,2.57,1.43,71.1,20.1,0.22,3.37
20240601,2024-06,225,2.51,1.39,71.1,22.4,0.22,3.42
20240701,2024-07,225,2.45,1.36,71.1,18.7,0.22,3.48
20240801,2024-08,225,2.71,1.51,71.1,20.8,0.22,3.54
20240901,2024-09,225,2.31,1.28,71.1,19.5,0.22,3.59
20241001,2024-10,225,2.69,1.49,71.1,8.4,0.22,3.65
20241101,2024-11,225,2.24,1.24,71.1,23.6,0.22,3.7
20241201,2024-12,225,2.66,1.48,71.1,21.7,0.22,3.76
20250101,2025-01,225,2.92,1.62,71.1,21.3,0.22,3.83
20250201,2025-02,225,2.77,1.54,71.1,21.3,0.22,3.89
20250301,2025-03,225,2.64,1.47,71.1,16.4,0.22,3.95
20250401,2025-04,225,2.67,1.48,71.1,21.7,0.22,4.01
20250501,2025-05,225,2.36,1.31,71.1,20.6,0.22,4.06
20250601,2025-06,225,2.91,1.62,71.1,13.4,0.22,4.13
20250701,2025-07,225,2.61,1.45,71.1,17.1,0.22,4.19
20250801,2025-08,225,2.3,1.28,71.1,22.0,0.22,4.24
20250901,2025-09,225,2.96,1.64,71.1,12.7,0.22,4.31
20251001,2025-10,225,2.83,1.57,71.1,21.8,0.22,4.37
20251101,2025-11,225,2.6,1.44,71.1,18.3,0.22,4.43
20251201,2025-12,225,2.54,1.41,71.1,23.4,0.22,4.49
20210601,2021-06,226,91.5,50.83,80.9,15.0,0.38,1.2
20210701,2021-07,226,46.44,25.8,78.7,22.4,0.38,1.81
20210801,2021-08,226,16.71,9.28,75.2,8.8,0.38,2.03
20210901,2021-09,226,12.63,7.02,75.2,11.1,0.38,2.2
20211001,2021-10,226,11.98,6.66,75.2,23.7,0.38,2.36
20211101,2021-11,226,9.76,5.42,75.2,18.9,0.38,2.48
20211201,2021-12,226,7.95,4.42,75.2,21.0,0.38,2.59
20220101,2022-01,226,3.04,1.69,69.9,20.0,0.38,2.63
20220201,2022-02,226,2.8,1.56,69.9,21.9,0.38,2.66
20220301,2022-03,226,2.58,1.43,69.9,10.9,0.38,2.7
20220401,2022-04,226,3.39,1.88,69.9,10.0,0.38,2.74
20220501,2022-05,226,2.73,1.52,69.9,11.1,0.38,2.78
20220601,2022-06,226,3.19,1.77,69.9,14.9,0.38,2.82
20220701,2022-07,226,3.19,1.77,69.9,10.3,0.38,2.86
20220801,2022-08,226,2.93,1.63,69.9,17.6,0.38,2.9
20220901,2022-09,226,2.87,1.59,69.9,19.5,0.38,2.94
20221001,2022-10,226,2.67,1.48,69.9,20.9,0.38,2.97
20221101,2022-11,226,3.39,1.88,69.9,15.2,0.38,3.02
20221201,2022-12,226,2.57,1.43,69.9,9.7,0.38,3.05
20230101,2023-01,226,3.31,1.84,69.9,15.8,0.38,3.1
20230201,2023-02,226,2.57,1.43,69.9,18.6,0.38,3.13
20230301,2023-03,226,2.95,1.64,69.9,12.0,0.38,3.17
20230401,2023-04,226,2.62,1.46,69.9,23.7,0.38,3.2
20230501,2023-05,226,3.39,1.88,69.9,15.8,0.38,3.25
20230601,2023-06,226,3.36,1.87,69.9,19.8,0.38,3.29
20230701,2023-07,226,3.35,1.86,69.9,16.3,0.38,3.34
20230801,2023-08,226,2.96,1.64,69.9,9.6,0.38,3.37
20230901,2023-09,226,3.36,1.87,69.9,19.9,0.38,3.42
20231001,2023-10,226,2.76,1.53,69.9,16.2,0.38,3.45
20231101,2023-11,226,3.04,1.69,69.9,22.0,0.38,3.49
20231201,2023-12,226,3.06,1.7,69.9,8.7,0.38,3.53
20240101,2024-01,226,2.8,1.56,69.9,10.4,0.38,3.57
20240201,2024-02,226,3.07,1.71,69.9,14.3,0.38,3.61
20240301,2024-03,226,2.59,1.44,69.9,13.3,0.38,3.65
20240401,2024-04,226,3.22,1.79,69.9,16.0,0.38,3.69
20240501,2024-05,226,2.6,1.44,69.9,19.3,0.38,3.72
20240601,2024-06,226,3.18,1.77,69.9,16.4,0.0,3.76
20240701,2024-07,226,2.95,1.64,69.9,23.5,0.0,3.8
20240801,2024-08,226,3.43,1.91,69.9,21.1,0.0,3.85
20240901,2024-09,226,2.63,1.46,69.9,16.6,0.0,3.88
20241001,2024-10,226,3.11,1.73,69.9,19.0,0.0,3.92
20241101,2024-11,226,2.99,1.66,69.9,15.1,0.0,3.96
20241201,2024-12,226,2.6,1.44,69.9,19.9,0.0,4.0
20250101,2025-01,226,2.74,1.52,69.9,17.2,0.0,4.03
20250201,2025-02,226,3.15,1.75,69.9,21.8,0.0,4.07
20250301,2025-03,226,2.64,1.47,69.9,21.6,0.0,4.11
20250401,2025-04,226,3.17,1.76,69.9,15.8,0.0,4.15
20250501,2025-05,226,2.77,1.54,69.9,17.4,0.0,4.19
20250601,2025-06,226,2.72,1.51,69.9,22.6,0.0,4.22
20250701,2025-07,226,3.37,1.87,69.9,24.0,0.0,4.27
20250801,2025-08,226,3.2,1.78,69.9,16.8,0.0,4.31
20250901,2025-09,226,2.61,1.45,69.9,20.1,0.0,4.34
20251001,2025-10,226,3.42,1.9,69.9,23.5,0.0,4.39
20251101,2025-11,226,3.23,1.79,69.9,14.3,0.0,4.43
20251201,2025-12,226,3.0,1.67,69.9,9.1,0.0,4.47
20211101,2021-11,227,272.95,42.65,84.3,17.9,0.91,1.5
20211201,2021-12,227,149.09,23.3,75.2,18.0,0.91,2.32
20220101,2022-01,227,48.79,7.62,76.8,14.7,0.91,2.59
20220201,2022-02,227,42.73,6.68,76.8,19.7,0.91,2.83
20220301,2022-03,227,33.24,5.19,76.8,18.9,0.91,3.01
20220401,2022-04,227,32.76,5.12,76.8,17.5,0.91,3.19
20220501,2022-05,227,25.16,3.93,76.8,21.5,0.91,3.33
20220601,2022-06,227,10.12,1.58,71.1,17.8,0.91,3.38
20220701,2022-07,227,11.7,1.83,71.1,21.9,0.91,3.45
20220801,2022-08,227,10.68,1.67,71.1,12.8,0.91,3.51
20220901,2022-09,227,10.88,1.7,71.1,19.6,0.91,3.57
20221001,2022-10,227,10.02,1.57,71.1,18.2,0.91,3.62
20221101,2022-11,227,11.73,1.83,71.1,24.0,0.91,3.69
20221201,2022-12,227,12.27,1.92,71.1,15.8,0.91,3.75
20230101,2023-01,227,10.38,1.62,71.1,13.4,0.91,3.81
20230201,2023-02,227,9.96,1.56,71.1,8.6,0.91,3.87
20230301,2023-03,227,9.18,1.43,71.1,11.6,0.91,3.92
20230401,2023-04,227,10.36,1.62,71.1,19.2,0.91,3.97
20230501,2023-05,227,10.7,1.67,71.1,21.8,0.91,4.03
20230601,2023-06,227,10.84,1.69,71.1,17.9,0.91,4.09
20230701,2023-07,227,12.28,1.92,71.1,12.2,0.91,4.16
20230801,2023-08,227,9.88,1.54,71.1,8.6,0.91,4.21
20230901,2023-09,227,10.88,1.7,71.1,20.5,0.91,4.27
20231001,2023-10,227,11.91,1.86,71.1,12.9,0.91,4.34
20231101,2023-11,227,10.82,1.69,71.1,19.5,0.91,4.4
20231201,2023-12,227,10.7,1.67,71.1,21.8,0.91,4.46
20240101,2024-01,227,10.98,1.72,71.1,21.3,0.91,4.52
20240201,2024-02,227,11.36,1.77,71.1,20.4,0.91,4.58
20240301,2024-03,227,9.84,1.54,71.1,21.5,0.91,4.64
20240401,2024-04,227,10.92,1.71,71.1,10.8,0.91,4.7
20240501,2024-05,227,11.99,1.87,71.1,15.2,0.91,4.76
20240601,2024-06,227,10.82,1.69,71.1,10.1,0.91,4.82
20240701,2024-07,227,12.31,1.92,71.1,12.2,0.91,4.89
20240801,2024-08,227,11.83,1.85,71.1,18.3,0.91,4.95
20240901,2024-09,227,10.74,1.68,71.1,18.6,0.91,5.01
20241001,2024-10,227,11.48,1.79,71.1,19.3,0.91,5.08
20241101,2024-11,227,9.73,1.52,71.1,23.0,0.0,5.13
20241201,2024-12,227,9.4,1.47,71.1,9.4,0.0,5.18
20250101,2025-01,227,10.06,1.57,71.1,16.7,0.0,5.24
20250201,2025-02,227,9.67,1.51,71.1,11.6,0.0,5.29
20250301,2025-03,227,11.22,1.75,71.1,17.7,0.0,5.35
20250401,2025-04,227,11.06,1.73,71.1,23.0,0.0,5.41
20250501,2025-05,227,12.38,1.93,71.1,14.7,0.0,5.48
20250601,2025-06,227,11.41,1.78,71.1,20.0,0.0,5.54
20250701,2025-07,227,10.7,1.67,71.1,13.9,0.0,5.6
20250801,2025-08,227,9.32,1.46,71.1,23.9,0.0,5.65
20250901,2025-09,227,11.88,1.86,71.1,19.4,0.0,5.72
20251001,2025-10,227,11.18,1.75,71.1,9.5,0.0,5.78
20251101,2025-11,227,11.5,1.8,71.1,14.8,0.0,5.84
20251201,2025-12,227,9.4,1.47,71.1,17.7,0.0,5.9
20230301,2023-03,228,80.06,6.25,83.4,18.5,0.3,1.35
20230401,2023-04,228,39.92,3.12,82.2,23.8,0.3,2.02
20230501,2023-05,228,12.75,1.0,76.0,16.2,0.3,2.23
20230601,2023-06,228,10.81,0.84,76.0,10.0,0.3,2.41
20230701,2023-07,228,11.71,0.91,76.0,13.4,0.3,2.61
20230801,2023-08,228,9.19,0.72,76.0,16.7,0.3,2.77
20230901,2023-09,228,7.41,0.58,76.0,22.2,0.3,2.89
20231001,2023-10,228,2.94,0.23,70.5,19.8,0.3,2.94
20231101,2023-11,228,2.74,0.21,70.5,11.6,0.3,2.99
20231201,2023-12,228,2.96,0.23,70.5,19.0,0.3,3.04
20240101,2024-01,228,2.56,0.2,70.5,19.2,0.3,3.08
20240201,2024-02,228,2.88,0.22,70.5,12.1,0.3,3.13
20240301,2024-03,228,2.8,0.22,70.5,8.7,0.3,3.17
20240401,2024-04,228,2.58,0.2,70.5,8.8,0.3,3.22
20240501,2024-05,228,3.23,0.25,70.5,20.1,0.3,3.27
20240601,2024-06,228,3.09,0.24,70.5,12.4,0.3,3.32
20240701,2024-07,228,2.94,0.23,70.5,20.8,0.3,3.37
20240801,2024-08,228,2.75,0.21,70.5,15.8,0.3,3.42
20240901,2024-09,228,2.57,0.2,70.5,12.7,0.3,3.46
20241001,2024-10,228,3.28,0.26,70.5,19.2,0.3,3.52
20241101,2024-11,228,2.57,0.2,70.5,12.5,0.3,3.56
20241201,2024-12,228,3.09,0.24,70.5,22.2,0.3,3.61
20250101,2025-01,228,2.7,0.21,70.5,10.6,0.3,3.66
20250201,2025-02,228,3.09,0.24,70.5,15.1,0.3,3.71
20250301,2025-03,228,2.76,0.22,70.5,11.9,0.3,3.76
20250401,2025-04,228,3.14,0.25,70.5,16.9,0.3,3.81
20250501,2025-05,228,2.98,0.23,70.5,11.9,0.3,3.86
20250601,2025-06,228,2.75,0.21,70.5,9.2,0.3,3.91
20250701,2025-07,228,3.12,0.24,70.5,18.9,0.3,3.96
20250801,2025-08,228,3.12,0.24,70.5,19.7,0.3,4.01
20250901,2025-09,228,2.48,0.19,70.5,22.7,0.3,4.05
20251001,2025-10,228,2.98,0.23,70.5,11.6,0.3,4.1
20251101,2025-11,228,2.95,0.23,70.5,12.6,0.3,4.15
20251201,2025-12,228,3.09,0.24,70.5,8.5,0.3,4.21
20211101,2021-11,229,368.93,204.96,90.0,9.1,1.02,1.81
20211201,2021-12,229,245.72,136.51,88.4,17.3,1.02,3.01
20220101,2022-01,229,91.22,50.68,80.0,8.0,1.02,3.46
20220201,2022-02,229,72.38,40.21,80.0,18.7,1.02,3.82
20220301,2022-03,229,57.49,31.94,80.0,12.5,1.02,4.1
20220401,2022-04,229,58.93,32.74,80.0,16.3,1.02,4.39
20220501,2022-05,229,45.13,25.07,80.0,13.6,1.02,4.61
20220601,2022-06,229,24.78,13.77,73.5,20.9,1.02,4.73
20220701,2022-07,229,27.39,15.22,73.5,12.6,1.02,4.87
20220801,2022-08,229,21.56,11.98,73.5,18.6,1.02,4.97
20220901,2022-09,229,25.03,13.91,73.5,16.1,1.02,5.09
20221001,2022-10,229,21.45,11.92,73.5,12.2,1.02,5.2
20221101,2022-11,229,26.31,14.62,73.5,15.9,1.02,5.33
20221201,2022-12,229,26.16,14.53,73.5,17.9,1.02,5.46
20230101,2023-01,229,22.48,12.49,73.5,21.5,1.02,5.57
20230201,2023-02,229,25.17,13.98,73.5,22.8,1.02,5.69
20230301,2023-03,229,27.03,15.02,73.5,21.5,1.02,5.82
20230401,2023-04,229,24.7,13.72,73.5,16.0,1.02,5.94
20230501,2023-05,229,21.2,11.78,73.5,16.8,1.02,6.05
20230601,2023-06,229,26.45,14.69,73.5,20.9,1.02,6.18
20230701,2023-07,229,26.64,14.8,73.5,14.3,1.02,6.31
20230801,2023-08,229,24.38,13.54,73.5,19.7,1.02,6.43
20230901,2023-09,229,26.46,14.7,73.5,17.6,1.02,6.56
20231001,2023-10,229,23.46,13.03,73.5,16.1,1.02,6.67
20231101,2023-11,229,21.14,11.74,73.5,14.1,1.02,6.78
20231201,2023-12,229,22.1,12.28,73.5,12.1,1.02,6.88
20240101,2024-01,229,24.46,13.59,73.5,17.6,1.02,7.0
20240201,2024-02,229,23.2,12.89,73.5,11.7,1.02,7.12
20240301,2024-03,229,24.59,13.66,73.5,18.2,1.02,7.24
20240401,2024-04,229,22.46,12.48,73.5,21.4,1.02,7.35
20240501,2024-05,229,24.58,13.66,73.5,18.2,1.02,7.47
20240601,2024-06,229,27.09,15.05,73.5,11.9,1.02,7.6
20240701,2024-07,229,27.08,15.04,73.5,9.2,1.02,7.74
20240801,2024-08,229,27.68,15.38,73.5,18.0,1.02,7.87
20240901,2024-09,229,22.46,12.48,73.5,20.1,1.02,7.98
20241001,2024-10,229,24.21,13.45,73.5,12.7,1.02,8.1
20241101,2024-11,229,27.16,15.09,73.5,15.1,0.0,8.23
20241201,2024-12,229,27.46,15.26,73.5,12.5,0.0,8.37
20250101,2025-01,229,23.32,12.96,73.5,14.9,0.0,8.48
20250201,2025-02,229,21.58,11.99,73.5,16.3,0.0,8.59
20250301,2025-03,229,21.83,12.13,73.5,20.1,0.0,8.7
20250401,2025-04,229,26.88,14.93,73.5,18.6,0.0,8.83
20250501,2025-05,229,26.9,14.94,73.5,18.7,0.0,8.96
20250601,2025-06,229,23.49,13.05,73.5,11.1,0.0,9.07
20250701,2025-07,229,26.25,14.58,73.5,22.9,0.0,9.2
20250801,2025-08,229,21.84,12.13,73.5,16.2,0.0,9.31
20250901,2025-09,229,24.58,13.66,73.5,18.3,0.0,9.43
20251001,2025-10,229,22.38,12.43,73.5,13.0,0.0,9.54
20251101,2025-11,229,24.75,13.75,73.5,19.6,0.0,9.66
20251201,2025-12,229,21.91,12.17,73.5,18.1,0.0,9.77
20251101,2025-11,230,26.58,14.77,89.2,23.1,0.12,1.14
20251201,2025-12,230,15.36,8.53,83.9,17.8,0.12,1.8
20220101,2022-01,231,388.08,69.3,89.9,16.5,0.98,1.98
20220201,2022-02,231,200.49,35.8,80.5,11.3,0.98,3.01
20220301,2022-03,231,68.77,12.28,79.2,13.7,0.98,3.36
20220401,2022-04,231,54.2,9.68,79.2,12.2,0.98,3.64
20220501,2022-05,231,53.2,9.5,79.2,21.1,0.98,3.91
20220601,2022-06,231,44.82,8.0,79.2,9.0,0.98,4.14
20220701,2022-07,231,44.0,7.86,79.2,18.2,0.98,4.36
20220801,2022-08,231,20.21,3.61,72.9,21.6,0.98,4.47
20220901,2022-09,231,20.83,3.72,72.9,14.2,0.98,4.57
20221001,2022-10,231,18.77,3.35,72.9,10.3,0.98,4.67
20221101,2022-11,231,20.87,3.73,72.9,9.7,0.98,4.78
20221201,2022-12,231,22.06,3.94,72.9,14.2,0.98,4.89
20230101,2023-01,231,20.86,3.72,72.9,8.7,0.98,5.0
20230201,2023-02,231,19.44,3.47,72.9,12.7,0.98,5.1
20230301,2023-03,231,19.33,3.45,72.9,15.5,0.98,5.2
20230401,2023-04,231,21.44,3.83,72.9,21.0,0.98,5.3
20230501,2023-05,231,21.08,3.76,72.9,15.5,0.98,5.41
20230601,2023-06,231,20.38,3.64,72.9,17.0,0.98,5.52
20230701,2023-07,231,22.07,3.94,72.9,10.1,0.98,5.63
20230801,2023-08,231,20.17,3.6,72.9,8.3,0.98,5.73
20230901,2023-09,231,18.86,3.37,72.9,20.8,0.98,5.83
20231001,2023-10,231,17.75,3.17,72.9,13.2,0.98,5.92
20231101,2023-11,231,17.01,3.04,72.9,23.0,0.98,6.01
20231201,2023-12,231,18.8,3.36,72.9,21.5,0.98,6.1
20240101,2024-01,231,17.27,3.08,72.9,21.8,0.98,6.19
20240201,2024-02,231,18.73,3.34,72.9,11.9,0.98,6.29
20240301,2024-03,231,17.97,3.21,72.9,15.1,0.98,6.38
20240401,2024-04,231,18.32,3.27,72.9,8.8,0.98,6.47
20240501,2024-05,231,20.79,3.71,72.9,19.3,0.98,6.58
20240601,2024-06,231,20.63,3.68,72.9,8.8,0.98,6.68
20240701,2024-07,231,21.29,3.8,72.9,12.1,0.98,6.79
20240801,2024-08,231,20.39,3.64,72.9,14.2,0.98,6.9
20240901,2024-09,231,21.42,3.82,72.9,12.4,0.98,7.01
20241001,2024-10,231,18.6,3.32,72.9,13.4,0.98,7.1
20241101,2024-11,231,20.33,3.63,72.9,16.3,0.98,7.21
20241201,2024-12,231,17.37,3.1,72.9,21.2,0.98,7.3
20250101,2025-01,231,22.47,4.01,72.9,14.9,0.0,7.41
20250201,2025-02,231,22.6,4.04,72.9,10.6,0.0,7.53
20250301,2025-03,231,21.53,3.84,72.9,20.9,0.0,7.64
20250401,2025-04,231,21.6,3.86,72.9,16.5,0.0,7.75
20250501,2025-05,231,17.11,3.06,72.9,23.0,0.0,7.83
20250601,2025-06,231,21.97,3.92,72.9,17.5,0.0,7.95
20250701,2025-07,231,17.13,3.06,72.9,17.9,0.0,8.03
20250801,2025-08,231,19.76,3.53,72.9,17.2,0.0,8.13
20250901,2025-09,231,17.98,3.21,72.9,8.9,0.0,8.23
20251001,2025-10,231,20.42,3.65,72.9,18.2,0.0,8.33
20251101,2025-11,231,20.45,3.65,72.9,9.1,0.0,8.44
20251201,2025-12,231,21.47,3.83,72.9,23.9,0.0,8.55
20240101,2024-01,232,637.52,113.84,85.2,9.8,2.03,1.57
20240201,2024-02,232,392.67,70.12,83.2,9.8,2.03,2.54
20240301,2024-03,232,111.53,19.92,77.8,8.3,2.03,2.82
20240401,2024-04,232,109.84,19.61,77.8,11.8,2.03,3.09
20240501,2024-05,232,99.8,17.82,77.8,23.2,2.03,3.34
20240601,2024-06,232,79.92,14.27,77.8,9.9,2.03,3.53
20240701,2024-07,232,58.34,10.42,77.8,13.2,2.03,3.68
20240801,2024-08,232,27.83,4.97,71.8,21.3,2.03,3.75
20240901,2024-09,232,27.44,4.9,71.8,18.7,2.03,3.81
20241001,2024-10,232,29.18,5.21,71.8,21.8,2.03,3.89
20241101,2024-11,232,27.12,4.84,71.8,11.9,2.03,3.95
20241201,2024-12,232,31.09,5.55,71.8,22.9,2.03,4.03
20250101,2025-01,232,30.62,5.47,71.8,12.5,2.03,4.11
20250201,2025-02,232,34.36,6.14,71.8,10.4,2.03,4.19
20250301,2025-03,232,26.96,4.81,71.8,16.2,2.03,4.26
20250401,2025-04,232,29.8,5.32,71.8,18.1,2.03,4.33
20250501,2025-05,232,27.59,4.93,71.8,15.2,2.03,4.4
20250601,2025-06,232,27.66,4.94,71.8,21.1,2.03,4.47
20250701,2025-07,232,31.71,5.66,71.8,10.7,2.03,4.55
20250801,2025-08,232,30.2,5.39,71.8,22.3,2.03,4.62
20250901,2025-09,232,29.61,5.29,71.8,21.0,2.03,4.69
20251001,2025-10,232,27.11,4.84,71.8,16.6,2.03,4.76
20251101,2025-11,232,33.37,5.96,71.8,15.2,2.03,4.84
20251201,2025-12,232,33.7,6.02,71.8,11.8,2.03,4.93
20210701,2021-07,233,36.8,7.67,86.5,20.1,0.19,0.99
20210801,2021-08,233,16.16,3.37,79.9,23.8,0.19,1.42
20210901,2021-09,233,5.99,1.25,76.0,11.8,0.19,1.58
20211001,2021-10,233,5.79,1.21,76.0,14.7,0.19,1.74
20211101,2021-11,233,5.24,1.09,76.0,9.8,0.19,1.88
20211201,2021-12,233,3.59,0.75,76.0,19.7,0.19,1.98
20220101,2022-01,233,3.4,0.71,76.0,18.4,0.19,2.07
20220201,2022-02,233,1.39,0.29,70.5,9.4,0.19,2.11
20220301,2022-03,233,1.22,0.25,70.5,14.5,0.19,2.14
20220401,2022-04,233,1.15,0.24,70.5,19.9,0.19,2.17
20220501,2022-05,233,1.37,0.29,70.5,10.2,0.19,2.21
20220601,2022-06,233,1.45,0.3,70.5,14.8,0.19,2.24
20220701,2022-07,233,1.36,0.28,70.5,11.8,0.19,2.28
20220801,2022-08,233,1.35,0.28,70.5,18.7,0.19,2.32
20220901,2022-09,233,1.14,0.24,70.5,23.5,0.19,2.35
20221001,2022-10,233,1.25,0.26,70.5,11.3,0.19,2.38
20221101,2022-11,233,1.41,0.29,70.5,16.7,0.19,2.42
20221201,2022-12,233,1.29,0.27,70.5,20.4,0.19,2.45
20230101,2023-01,233,1.43,0.3,70.5,21.0,0.19,2.49
20230201,2023-02,233,1.35,0.28,70.5,8.2,0.19,2.53
20230301,2023-03,233,1.14,0.24,70.5,16.7,0.19,2.56
20230401,2023-04,233,1.19,0.25,70.5,16.3,0.19,2.59
20230501,2023-05,233,1.39,0.29,70.5,20.2,0.19,2.63
20230601,2023-06,233,1.15,0.24,70.5,10.4,0.19,2.66
20230701,2023-07,233,1.31,0.27,70.5,18.6,0.19,2.69
20230801,2023-08,233,1.16,0.24,70.5,15.9,0.19,2.73
20230901,2023-09,233,1.46,0.3,70.5,8.5,0.19,2.77
20231001,2023-10,233,1.25,0.26,70.5,11.4,0.19,2.8
20231101,2023-11,233,1.42,0.3,70.5,19.2,0.19,2.84
20231201,2023-12,233,1.33,0.28,70.5,14.9,0.19,2.87
20240101,2024-01,233,1.5,0.31,70.5,12.9,0.19,2.91
20240201,2024-02,233,1.26,0.26,70.5,20.9,0.19,2.95
20240301,2024-03,233,1.16,0.24,70.5,15.4,0.19,2.98
20240401,2024-04,233,1.4,0.29,70.5,18.5,0.19,3.02
20240501,2024-05,233,1.34,0.28,70.5,18.6,0.19,3.05
20240601,2024-06,233,1.52,0.32,70.5,23.3,0.19,3.09
20240701,2024-07,233,1.48,0.31,70.5,21.5,0.0,3.13
20240801,2024-08,233,1.42,0.3,70.5,8.5,0.0,3.17
20240901,2024-09,233,1.24,0.26,70.5,9.0,0.0,3.2
20241001,2024-10,233,1.5,0.31,70.5,18.3,0.0,3.24
20241101,2024-11,233,1.3,0.27,70.5,13.0,0.0,3.28
20241201,2024-12,233,1.23,0.26,70.5,23.6,0.0,3.31
20250101,2025-01,233,1.26,0.26,70.5,11.8,0.0,3.35
20250201,2025-02,233,1.5,0.31,70.5,9.4,0.0,3.39
20250301,2025-03,233,1.36,0.28,70.5,12.7,0.0,3.42
20250401,2025-04,233,1.42,0.3,70.5,20.9,0.0,3.46
20250501,2025-05,233,1.26,0.26,70.5,9.0,0.0,3.49
20250601,2025-06,233,1.17,0.24,70.5,15.3,0.0,3.53
20250701,2025-07,233,1.28,0.27,70.5,12.8,0.0,3.56
20250801,2025-08,233,1.44,0.3,70.5,8.6,0.0,3.6
20250901,2025-09,233,1.15,0.24,70.5,13.0,0.0,3.63
20251001,2025-10,233,1.43,0.3,70.5,8.3,0.0,3.67
20251101,2025-11,233,1.52,0.32,70.5,19.2,0.0,3.71
20251201,2025-12,233,1.43,0.3,70.5,17.1,0.0,3.75
20240101,2024-01,234,56.4,7.83,87.6,14.7,0.24,1.18
20240201,2024-02,234,40.57,5.63,78.9,20.2,0.24,2.03
20240301,2024-03,234,14.43,2.0,76.8,15.2,0.24,2.33
20240401,2024-04,234,9.92,1.38,76.8,22.1,0.24,2.54
20240501,2024-05,234,10.72,1.49,76.8,12.4,0.24,2.76
20240601,2024-06,234,8.21,1.14,76.8,9.5,0.24,2.94
20240701,2024-07,234,5.85,0.81,76.8,20.6,0.24,3.06
20240801,2024-08,234,2.49,0.35,71.1,15.8,0.24,3.11
20240901,2024-09,234,2.45,0.34,71.1,17.8,0.24,3.16
20241001,2024-10,234,2.6,0.36,71.1,13.6,0.24,3.22
20241101,2024-11,234,3.23,0.45,71.1,8.3,0.24,3.28
20241201,2024-12,234,2.81,0.39,71.1,19.6,0.24,3.34
20250101,2025-01,234,2.46,0.34,71.1,22.6,0.24,3.39
20250201,2025-02,234,2.91,0.4,71.1,19.7,0.24,3.45
20250301,2025-03,234,2.55,0.35,71.1,23.4,0.24,3.51
20250401,2025-04,234,2.71,0.38,71.1,24.0,0.24,3.56
20250501,2025-05,234,2.94,0.41,71.1,16.6,0.24,3.63
20250601,2025-06,234,2.68,0.37,71.1,23.7,0.24,3.68
20250701,2025-07,234,2.5,0.35,71.1,9.5,0.24,3.73
20250801,2025-08,234,2.45,0.34,71.1,17.7,0.24,3.79
20250901,2025-09,234,2.41,0.33,71.1,11.6,0.24,3.84
20251001,2025-10,234,2.88,0.4,71.1,21.8,0.24,3.9
20251101,2025-11,234,3.21,0.45,71.1,17.9,0.24,3.96
20251201,2025-12,234,2.45,0.34,71.1,11.2,0.24,4.02
20250601,2025-06,235,117.46,13.35,90.3,24.0,0.5,1.18
20250701,2025-07,235,56.58,6.43,77.9,23.1,0.5,1.75
20250801,2025-08,235,22.26,2.53,75.4,21.3,0.5,1.97
20250901,2025-09,235,20.86,2.37,75.4,18.1,0.5,2.18
20251001,2025-10,235,16.28,1.85,75.4,12.0,0.5,2.35
20251101,2025-11,235,13.43,1.53,75.4,12.6,0.5,2.48
20251201,2025-12,235,10.83,1.23,75.4,11.7,0.5,2.59
20250301,2025-03,236,79.45,11.03,79.0,17.3,0.49,0.81
20250401,2025-04,236,46.09,6.4,76.2,18.1,0.49,1.28
20250501,2025-05,236,16.47,2.29,73.6,16.1,0.49,1.45
20250601,2025-06,236,15.27,2.12,73.6,15.5,0.49,1.61
20250701,2025-07,236,10.11,1.4,73.6,22.4,0.49,1.71
20250801,2025-08,236,8.89,1.23,73.6,15.2,0.49,1.8
20250901,2025-09,236,7.82,1.09,73.6,17.6,0.49,1.88
20251001,2025-10,236,2.22,0.31,68.7,12.7,0.49,1.91
20251101,2025-11,236,2.49,0.35,68.7,14.1,0.49,1.93
20251201,2025-12,236,2.1,0.29,68.7,22.5,0.49,1.95
20211001,2021-10,237,97.36,8.11,83.8,11.5,0.62,0.79
20211101,2021-11,237,59.88,4.99,78.5,18.1,0.62,1.27
20211201,2021-12,237,18.84,1.57,75.8,17.5,0.62,1.43
20220101,2022-01,237,18.31,1.53,75.8,10.7,0.62,1.58
20220201,2022-02,237,13.42,1.12,75.8,21.4,0.62,1.68
20220301,2022-03,237,11.33,0.94,75.8,17.8,0.62,1.78
20220401,2022-04,237,12.15,1.01,75.8,14.4,0.62,1.88
20220501,2022-05,237,4.57,0.38,70.3,21.3,0.62,1.91
20220601,2022-06,237,3.89,0.32,70.3,9.9,0.62,1.94
20220701,2022-07,237,3.71,0.31,70.3,20.3,0.62,1.97
20220801,2022-08,237,4.48,0.37,70.3,15.9,0.62,2.01
20220901,2022-09,237,3.89,0.32,70.3,18.7,0.62,2.04
20221001,2022-10,237,3.7,0.31,70.3,13.0,0.62,2.07
20221101,2022-11,237,4.46,0.37,70.3,8.2,0.62,2.11
20221201,2022-12,237,4.61,0.38,70.3,15.2,0.62,2.15
20230101,2023-01,237,4.32,0.36,70.3,13.2,0.62,2.18
20230201,2023-02,237,4.0,0.33,70.3,8.8,0.62,2.21
20230301,2023-03,237,3.59,0.3,70.3,10.0,0.62,2.24
20230401,2023-04,237,3.68,0.31,70.3,8.6,0.62,2.27
20230501,2023-05,237,3.8,0.32,70.3,11.6,0.62,2.3
20230601,2023-06,237,3.98,0.33,70.3,17.8,0.62,2.33
20230701,2023-07,237,4.04,0.34,70.3,10.7,0.62,2.37
20230801,2023-08,237,4.31,0.36,70.3,11.0,0.62,2.4
20230901,2023-09,237,3.69,0.31,70.3,23.1,0.62,2.43
20231001,2023-10,237,4.52,0.38,70.3,20.2,0.62,2.47
20231101,2023-11,237,4.01,0.33,70.3,18.2,0.62,2.5
20231201,2023-12,237,4.02,0.33,70.3,13.9,0.62,2.53
20240101,2024-01,237,4.72,0.39,70.3,23.5,0.62,2.57
20240201,2024-02,237,3.98,0.33,70.3,15.4,0.62,2.6
20240301,2024-03,237,4.3,0.36,70.3,23.0,0.62,2.64
20240401,2024-04,237,3.74,0.31,70.3,13.0,0.62,2.67
20240501,2024-05,237,4.53,0.38,70.3,21.3,0.62,2.71
20240601,2024-06,237,4.01,0.33,70.3,21.4,0.62,2.74
20240701,2024-07,237,3.8,0.32,70.3,22.4,0.62,2.77
20240801,2024-08,237,4.15,0.35,70.3,8.6,0.62,2.8
20240901,2024-09,237,3.91,0.33,70.3,14.2,0.62,2.84
20241001,2024-10,237,3.69,0.31,70.3,23.8,0.0,2.87
20241101,2024-11,237,3.62,0.3,70.3,20.9,0.0,2.89
20241201,2024-12,237,4.57,0.38,70.3,23.9,0.0,2.93
20250101,2025-01,237,3.94,0.33,70.3,19.3,0.0,2.96
20250201,2025-02,237,4.19,0.35,70.3,17.6,0.0,3.0
20250301,2025-03,237,3.93,0.33,70.3,9.5,0.0,3.03
20250401,2025-04,237,4.26,0.35,70.3,23.8,0.0,3.06
20250501,2025-05,237,4.12,0.34,70.3,12.1,0.0,3.1
20250601,2025-06,237,4.54,0.38,70.3,11.5,0.0,3.13
20250701,2025-07,237,3.84,0.32,70.3,9.5,0.0,3.17
20250801,2025-08,237,3.73,0.31,70.3,12.4,0.0,3.2
20250901,2025-09,237,3.99,0.33,70.3,20.1,0.0,3.23
20251001,2025-10,237,4.39,0.37,70.3,18.3,0.0,3.26
20251101,2025-11,237,3.55,0.3,70.3,13.6,0.0,3.29
20251201,2025-12,237,3.84,0.32,70.3,8.4,0.0,3.32
20240201,2024-02,238,74.62,5.83,82.6,23.8,0.43,0.86
20240301,2024-03,238,41.29,3.23,77.3,14.1,0.43,1.34
20240401,2024-04,238,13.86,1.08,75.2,14.7,0.43,1.5
20240501,2024-05,238,13.16,1.03,75.2,8.3,0.43,1.65
20240601,2024-06,238,10.95,0.86,75.2,18.9,0.43,1.78
20240701,2024-07,238,7.63,0.6,75.2,10.5,0.43,1.86
20240801,2024-08,238,8.0,0.62,75.2,15.7,0.43,1.96
20240901,2024-09,238,2.86,0.22,69.9,17.3,0.43,1.99
20241001,2024-10,238,2.4,0.19,69.9,13.0,0.43,2.02
20241101,2024-11,238,2.47,0.19,69.9,10.7,0.43,2.05
20241201,2024-12,238,2.82,0.22,69.9,20.4,0.43,2.08
20250101,2025-01,238,2.4,0.19,69.9,9.4,0.43,2.11
20250201,2025-02,238,2.62,0.2,69.9,13.0,0.43,2.14
20250301,2025-03,238,2.23,0.17,69.9,16.7,0.43,2.16
20250401,2025-04,238,2.51,0.2,69.9,10.3,0.43,2.19
20250501,2025-05,238,2.78,0.22,69.9,8.5,0.43,2.22
20250601,2025-06,238,2.85,0.22,69.9,8.6,0.43,2.26
20250701,2025-07,238,2.49,0.19,69.9,21.4,0.43,2.28
20250801,2025-08,238,2.74,0.21,69.9,17.7,0.43,2.32
20250901,2025-09,238,2.72,0.21,69.9,19.2,0.43,2.35
20251001,2025-10,238,2.63,0.21,69.9,14.3,0.43,2.38
20251101,2025-11,238,2.5,0.2,69.9,12.4,0.43,2.41
20251201,2025-12,238,2.75,0.21,69.9,17.8,0.43,2.44
20241101,2024-11,239,92.14,19.2,81.5,15.5,0.31,1.48
20241201,2024-12,239,43.16,8.99,78.9,13.4,0.31,2.17
20250101,2025-01,239,17.99,3.75,76.4,22.1,0.31,2.46
20250201,2025-02,239,12.57,2.62,76.4,15.1,0.31,2.67
20250301,2025-03,239,11.18,2.33,76.4,19.9,0.31,2.85
20250401,2025-04,239,9.65,2.01,76.4,14.5,0.31,3.0
20250501,2025-05,239,8.74,1.82,76.4,13.2,0.31,3.14
20250601,2025-06,239,3.63,0.76,70.8,10.2,0.31,3.2
20250701,2025-07,239,3.71,0.77,70.8,20.1,0.31,3.26
20250801,2025-08,239,3.41,0.71,70.8,16.9,0.31,3.31
20250901,2025-09,239,3.66,0.76,70.8,14.9,0.31,3.37
20251001,2025-10,239,3.52,0.73,70.8,22.0,0.31,3.43
20251101,2025-11,239,2.85,0.59,70.8,23.2,0.31,3.47
20251201,2025-12,239,3.78,0.79,70.8,21.2,0.31,3.54
20250501,2025-05,240,96.39,17.21,84.8,14.6,0.53,0.9
20250601,2025-06,240,67.06,11.97,76.5,16.7,0.53,1.53
20250701,2025-07,240,23.43,4.18,74.8,23.0,0.53,1.75
20250801,2025-08,240,15.41,2.75,74.8,15.2,0.53,1.9
20250901,2025-09,240,13.96,2.49,74.8,9.9,0.53,2.03
20251001,2025-10,240,14.83,2.65,74.8,10.0,0.53,2.17
20251101,2025-11,240,10.24,1.83,74.8,18.6,0.53,2.26
20251201,2025-12,240,3.42,0.61,69.6,17.3,0.53,2.29
20210501,2021-05,241,244.95,136.08,90.3,8.2,0.87,1.4
20210601,2021-06,241,141.01,78.34,81.1,10.7,0.87,2.21
20210701,2021-07,241,47.81,26.56,76.8,15.7,0.87,2.49
20210801,2021-08,241,39.78,22.1,76.8,17.5,0.87,2.71
20210901,2021-09,241,38.32,21.29,76.8,13.2,0.87,2.93
20211001,2021-10,241,29.38,16.32,76.8,18.1,0.87,3.1
20211101,2021-11,241,27.2,15.11,76.8,18.6,0.87,3.26
20211201,2021-12,241,10.58,5.88,71.1,9.3,0.87,3.32
20220101,2022-01,241,11.05,6.14,71.1,16.9,0.87,3.38
20220201,2022-02,241,10.82,6.01,71.1,17.2,0.87,3.44
20220301,2022-03,241,9.08,5.04,71.1,10.1,0.87,3.5
20220401,2022-04,241,10.08,5.6,71.1,22.9,0.87,3.55
20220501,2022-05,241,9.33,5.18,71.1,9.2,0.87,3.61
20220601,2022-06,241,10.6,5.89,71.1,20.6,0.87,3.67
20220701,2022-07,241,10.5,5.83,71.1,17.0,0.87,3.73
20220801,2022-08,241,9.03,5.02,71.1,8.2,0.87,3.78
20220901,2022-09,241,9.88,5.49,71.1,11.8,0.87,3.84
20221001,2022-10,241,10.19,5.66,71.1,15.4,0.87,3.9
20221101,2022-11,241,10.99,6.11,71.1,16.5,0.87,3.96
20221201,2022-12,241,9.65,5.36,71.1,21.3,0.87,4.01
20230101,2023-01,241,11.02,6.12,71.1,19.5,0.87,4.08
20230201,2023-02,241,11.75,6.53,71.1,11.7,0.87,4.14
20230301,2023-03,241,10.45,5.81,71.1,11.4,0.87,4.2
20230401,2023-04,241,10.55,5.86,71.1,11.5,0.87,4.26
20230501,2023-05,241,9.52,5.29,71.1,20.8,0.87,4.32
20230601,2023-06,241,9.81,5.45,71.1,20.8,0.87,4.38
20230701,2023-07,241,10.09,5.61,71.1,14.7,0.87,4.43
20230801,2023-08,241,9.34,5.19,71.1,8.4,0.87,4.49
20230901,2023-09,241,9.04,5.02,71.1,14.6,0.87,4.54
20231001,2023-10,241,9.76,5.42,71.1,11.2,0.87,4.59
20231101,2023-11,241,10.98,6.1,71.1,10.0,0.87,4.66
20231201,2023-12,241,11.76,6.53,71.1,19.3,0.87,4.73
20240101,2024-01,241,10.42,5.79,71.1,17.9,0.87,4.79
20240201,2024-02,241,10.47,5.82,71.1,21.2,0.87,4.85
20240301,2024-03,241,11.25,6.25,71.1,14.5,0.87,4.91
20240401,2024-04,241,10.74,5.97,71.1,18.7,0.87,4.97
20240501,2024-05,241,8.98,4.99,71.1,22.4,0.0,5.02
20240601,2024-06,241,11.59,6.44,71.1,8.1,0.0,5.09
20240701,2024-07,241,8.99,4.99,71.1,8.2,0.0,5.14
20240801,2024-08,241,9.96,5.53,71.1,9.5,0.0,5.2
20240901,2024-09,241,11.53,6.41,71.1,22.9,0.0,5.26
20241001,2024-10,241,9.9,5.5,71.1,20.8,0.0,5.32
20241101,2024-11,241,11.32,6.29,71.1,20.1,0.0,5.39
20241201,2024-12,241,10.92,6.07,71.1,11.4,0.0,5.45
20250101,2025-01,241,10.47,5.82,71.1,11.8,0.0,5.51
20250201,2025-02,241,10.75,5.97,71.1,23.3,0.0,5.57
20250301,2025-03,241,9.96,5.53,71.1,12.3,0.0,5.63
20250401,2025-04,241,9.28,5.16,71.1,23.9,0.0,5.68
20250501,2025-05,241,10.14,5.63,71.1,12.1,0.0,5.74
20250601,2025-06,241,9.53,5.29,71.1,23.9,0.0,5.79
20250701,2025-07,241,11.28,6.27,71.1,8.7,0.0,5.86
20250801,2025-08,241,9.48,5.27,71.1,10.2,0.0,5.91
20250901,2025-09,241,11.19,6.22,71.1,8.7,0.0,5.98
20251001,2025-10,241,9.04,5.02,71.1,19.4,0.0,6.03
20251101,2025-11,241,9.01,5.01,71.1,14.1,0.0,6.08
20251201,2025-12,241,9.81,5.45,71.1,23.2,0.0,6.14
20211101,2021-11,242,328.73,182.63,87.6,14.5,1.27,1.29
20211201,2021-12,242,195.52,108.62,78.2,20.0,1.27,2.06
20220101,2022-01,242,71.94,39.97,76.4,13.1,1.27,2.34
20220201,2022-02,242,63.82,35.46,76.4,13.8,1.27,2.59
20220301,2022-03,242,40.98,22.77,76.4,8.4,1.27,2.75
20220401,2022-04,242,37.53,20.85,76.4,14.0,1.27,2.9
20220501,2022-05,242,31.53,17.52,76.4,21.3,1.27,3.02
20220601,2022-06,242,12.26,6.81,70.8,16.2,1.27,3.07
20220701,2022-07,242,12.05,6.69,70.8,15.2,1.27,3.12
20220801,2022-08,242,15.43,8.57,70.8,21.0,1.27,3.18
20220901,2022-09,242,11.8,6.56,70.8,10.7,1.27,3.22
20221001,2022-10,242,14.39,7.99,70.8,16.4,1.27,3.28
20221101,2022-11,242,14.39,7.99,70.8,21.6,1.27,3.33
20221201,2022-12,242,14.0,7.78,70.8,15.1,1.27,3.39
20230101,2023-01,242,14.97,8.32,70.8,10.0,1.27,3.45
20230201,2023-02,242,15.21,8.45,70.8,18.2,1.27,3.51
20230301,2023-03,242,14.41,8.01,70.8,12.8,1.27,3.56
20230401,2023-04,242,14.16,7.87,70.8,10.9,1.27,3.62
20230501,2023-05,242,13.85,7.69,70.8,21.6,1.27,3.67
20230601,2023-06,242,14.9,8.28,70.8,15.9,1.27,3.73
20230701,2023-07,242,14.67,8.15,70.8,23.5,1.27,3.79
20230801,2023-08,242,14.5,8.06,70.8,14.9,1.27,3.85
20230901,2023-09,242,15.62,8.68,70.8,13.5,1.27,3.91
20231001,2023-10,242,14.16,7.87,70.8,8.2,1.27,3.96
20231101,2023-11,242,12.64,7.02,70.8,16.8,1.27,4.01
20231201,2023-12,242,12.24,6.8,70.8,16.6,1.27,4.06
20240101,2024-01,242,12.96,7.2,70.8,14.0,1.27,4.11
20240201,2024-02,242,13.71,7.62,70.8,18.5,1.27,4.17
20240301,2024-03,242,14.47,8.04,70.8,11.7,1.27,4.22
20240401,2024-04,242,13.12,7.29,70.8,12.3,1.27,4.27
20240501,2024-05,242,13.78,7.66,70.8,11.1,1.27,4.33
20240601,2024-06,242,13.31,7.39,70.8,12.9,1.27,4.38
20240701,2024-07,242,15.44,8.58,70.8,23.0,1.27,4.44
20240801,2024-08,242,11.71,6.51,70.8,11.2,1.27,4.49
20240901,2024-09,242,12.08,6.71,70.8,21.2,1.27,4.53
20241001,2024-10,242,15.51,8.62,70.8,16.1,1.27,4.6
20241101,2024-11,242,12.42,6.9,70.8,9.6,0.0,4.64
20241201,2024-12,242,12.64,7.02,70.8,20.5,0.0,4.69
20250101,2025-01,242,13.82,7.68,70.8,23.2,0.0,4.75
20250201,2025-02,242,15.73,8.74,70.8,19.8,0.0,4.81
20250301,2025-03,242,15.69,8.72,70.8,18.7,0.0,4.87
20250401,2025-04,242,14.58,8.1,70.8,8.1,0.0,4.93
20250501,2025-05,242,11.94,6.63,70.8,23.8,0.0,4.97
20250601,2025-06,242,15.69,8.72,70.8,20.6,0.0,5.04
20250701,2025-07,242,12.59,6.99,70.8,13.2,0.0,5.09
20250801,2025-08,242,15.51,8.62,70.8,23.5,0.0,5.15
20250901,2025-09,242,13.64,7.58,70.8,14.5,0.0,5.2
20251001,2025-10,242,13.2,7.33,70.8,19.0,0.0,5.25
20251101,2025-11,242,11.73,6.52,70.8,13.6,0.0,5.3
20251201,2025-12,242,14.19,7.88,70.8,14.6,0.0,5.35
20230101,2023-01,243,25.48,14.16,87.5,9.9,0.09,1.35
20230201,2023-02,243,14.67,8.15,79.3,19.7,0.09,2.13
20230301,2023-03,243,5.59,3.11,77.6,19.3,0.09,2.42
20230401,2023-04,243,5.51,3.06,77.6,8.4,0.09,2.71
20230501,2023-05,243,3.81,2.12,77.6,11.4,0.09,2.91
20230601,2023-06,243,3.43,1.91,77.6,20.3,0.09,3.1
20230701,2023-07,243,3.08,1.71,77.6,13.1,0.09,3.26
20230801,2023-08,243,1.15,0.64,71.7,18.4,0.09,3.32
20230901,2023-09,243,1.48,0.82,71.7,15.6,0.09,3.4
20231001,2023-10,243,1.16,0.64,71.7,17.4,0.09,3.46
20231101,2023-11,243,1.34,0.74,71.7,15.0,0.09,3.53
20231201,2023-12,243,1.25,0.69,71.7,19.2,0.09,3.6
20240101,2024-01,243,1.24,0.69,71.7,13.4,0.09,3.66
20240201,2024-02,243,1.45,0.81,71.7,19.1,0.09,3.74
20240301,2024-03,243,1.4,0.78,71.7,12.3,0.09,3.81
20240401,2024-04,243,1.51,0.84,71.7,13.4,0.09,3.89
20240501,2024-05,243,1.52,0.84,71.7,13.5,0.09,3.97
20240601,2024-06,243,1.49,0.83,71.7,13.5,0.09,4.05
20240701,2024-07,243,1.51,0.84,71.7,16.6,0.09,4.13
20240801,2024-08,243,1.53,0.85,71.7,17.3,0.09,4.21
20240901,2024-09,243,1.5,0.83,71.7,22.5,0.09,4.29
20241001,2024-10,243,1.46,0.81,71.7,11.3,0.09,4.37
20241101,2024-11,243,1.19,0.66,71.7,13.6,0.09,4.43
20241201,2024-12,243,1.34,0.74,71.7,8.2,0.09,4.5
20250101,2025-01,243,1.48,0.82,71.7,12.1,0.09,4.58
20250201,2025-02,243,1.15,0.64,71.7,12.5,0.09,4.64
20250301,2025-03,243,1.46,0.81,71.7,12.8,0.09,4.72
20250401,2025-04,243,1.35,0.75,71.7,20.7,0.09,4.79
20250501,2025-05,243,1.55,0.86,71.7,8.8,0.09,4.87
20250601,2025-06,243,1.51,0.84,71.7,11.1,0.09,4.95
20250701,2025-07,243,1.47,0.82,71.7,9.9,0.09,5.03
20250801,2025-08,243,1.25,0.69,71.7,20.6,0.09,5.1
20250901,2025-09,243,1.48,0.82,71.7,9.5,0.09,5.18
20251001,2025-10,243,1.47,0.82,71.7,19.3,0.09,5.25
20251101,2025-11,243,1.52,0.84,71.7,21.5,0.09,5.34
20251201,2025-12,243,1.27,0.71,71.7,21.5,0.09,5.4
20231101,2023-11,244,217.31,120.73,85.3,15.2,1.12,0.97
20231201,2023-12,244,120.12,66.73,80.3,18.7,1.12,1.51
20240101,2024-01,244,48.12,26.73,76.4,8.7,1.12,1.73
20240201,2024-02,244,32.22,17.9,76.4,16.4,1.12,1.87
20240301,2024-03,244,26.74,14.86,76.4,19.4,1.12,1.99
20240401,2024-04,244,27.14,15.08,76.4,10.1,1.12,2.11
20240501,2024-05,244,19.37,10.76,76.4,21.5,1.12,2.2
20240601,2024-06,244,8.81,4.89,70.8,9.7,1.12,2.24
20240701,2024-07,244,9.62,5.34,70.8,8.8,1.12,2.28
20240801,2024-08,244,9.05,5.03,70.8,18.3,1.12,2.32
20240901,2024-09,244,8.78,4.88,70.8,22.9,1.12,2.36
20241001,2024-10,244,7.65,4.25,70.8,8.8,1.12,2.4
20241101,2024-11,244,8.96,4.98,70.8,21.3,1.12,2.44
20241201,2024-12,244,8.83,4.91,70.8,18.8,1.12,2.47
20250101,2025-01,244,7.71,4.28,70.8,17.3,1.12,2.51
20250201,2025-02,244,8.24,4.58,70.8,8.8,1.12,2.55
20250301,2025-03,244,7.93,4.41,70.8,20.4,1.12,2.58
20250401,2025-04,244,7.83,4.35,70.8,14.8,1.12,2.62
20250501,2025-05,244,10.07,5.59,70.8,18.0,1.12,2.66
20250601,2025-06,244,9.87,5.48,70.8,15.2,1.12,2.71
20250701,2025-07,244,8.53,4.74,70.8,14.9,1.12,2.74
20250801,2025-08,244,9.24,5.13,70.8,17.6,1.12,2.79
20250901,2025-09,244,8.94,4.97,70.8,13.8,1.12,2.83
20251001,2025-10,244,8.7,4.83,70.8,17.0,1.12,2.86
20251101,2025-11,244,7.57,4.21,70.8,15.7,1.12,2.9
20251201,2025-12,244,8.41,4.67,70.8,14.7,1.12,2.94
20230101,2023-01,245,35.22,19.57,86.0,13.7,0.11,1.67
20230201,2023-02,245,18.56,10.31,85.3,9.3,0.11,2.55
20230301,2023-03,245,6.21,3.45,78.4,9.6,0.11,2.84
20230401,2023-04,245,6.86,3.81,78.4,11.9,0.11,3.17
20230501,2023-05,245,5.12,2.84,78.4,23.4,0.11,3.41
20230601,2023-06,245,4.11,2.28,78.4,15.5,0.11,3.6
20230701,2023-07,245,3.51,1.95,78.4,14.4,0.11,3.77
20230801,2023-08,245,1.99,1.11,72.3,12.2,0.11,3.86
20230901,2023-09,245,1.85,1.03,72.3,9.3,0.11,3.95
20231001,2023-10,245,1.69,0.94,72.3,23.0,0.11,4.03
20231101,2023-11,245,2.01,1.12,72.3,16.3,0.11,4.13
20231201,2023-12,245,1.66,0.92,72.3,10.4,0.11,4.21
20240101,2024-01,245,1.63,0.91,72.3,19.3,0.11,4.28
20240201,2024-02,245,1.71,0.95,72.3,17.2,0.11,4.36
20240301,2024-03,245,1.61,0.89,72.3,8.1,0.11,4.44
20240401,2024-04,245,1.73,0.96,72.3,20.6,0.11,4.52
20240501,2024-05,245,1.84,1.02,72.3,11.5,0.11,4.61
20240601,2024-06,245,1.91,1.06,72.3,19.0,0.11,4.7
20240701,2024-07,245,1.75,0.97,72.3,9.3,0.11,4.78
20240801,2024-08,245,1.87,1.04,72.3,23.0,0.11,4.87
20240901,2024-09,245,1.93,1.07,72.3,13.6,0.11,4.96
20241001,2024-10,245,1.65,0.92,72.3,11.8,0.11,5.04
20241101,2024-11,245,1.53,0.85,72.3,18.5,0.11,5.11
20241201,2024-12,245,1.64,0.91,72.3,20.5,0.11,5.19
20250101,2025-01,245,1.95,1.08,72.3,22.5,0.11,5.28
20250201,2025-02,245,1.95,1.08,72.3,18.5,0.11,5.38
20250301,2025-03,245,1.96,1.09,72.3,9.7,0.11,5.47
20250401,2025-04,245,1.66,0.92,72.3,17.6,0.11,5.55
20250501,2025-05,245,1.64,0.91,72.3,12.3,0.11,5.62
20250601,2025-06,245,1.55,0.86,72.3,14.8,0.11,5.7
20250701,2025-07,245,1.79,0.99,72.3,15.6,0.11,5.78
20250801,2025-08,245,1.91,1.06,72.3,19.5,0.11,5.87
20250901,2025-09,245,1.97,1.09,72.3,23.4,0.11,5.97
20251001,2025-10,245,1.98,1.1,72.3,11.5,0.11,6.06
20251101,2025-11,245,1.94,1.08,72.3,16.7,0.11,6.15
20251201,2025-12,245,1.64,0.91,72.3,15.7,0.11,6.23
20231101,2023-11,246,50.84,28.24,85.4,22.1,0.21,1.2
20231201,2023-12,246,24.09,13.38,82.3,20.9,0.21,1.77
20240101,2024-01,246,8.12,4.51,75.4,20.6,0.21,1.97
20240201,2024-02,246,6.95,3.86,75.4,8.2,0.21,2.13
20240301,2024-03,246,7.01,3.89,75.4,14.0,0.21,2.3
20240401,2024-04,246,5.4,3.0,75.4,21.3,0.21,2.43
20240501,2024-05,246,5.35,2.97,75.4,15.7,0.21,2.55
20240601,2024-06,246,1.66,0.92,70.0,11.8,0.21,2.59
20240701,2024-07,246,1.92,1.07,70.0,15.4,0.21,2.64
20240801,2024-08,246,1.54,0.86,70.0,20.5,0.21,2.67
20240901,2024-09,246,1.71,0.95,70.0,14.6,0.21,2.71
20241001,2024-10,246,1.56,0.87,70.0,20.7,0.21,2.75
20241101,2024-11,246,1.71,0.95,70.0,10.9,0.21,2.79
20241201,2024-12,246,1.56,0.87,70.0,14.8,0.21,2.83
20250101,2025-01,246,1.6,0.89,70.0,22.8,0.21,2.87
20250201,2025-02,246,1.58,0.88,70.0,15.8,0.21,2.9
20250301,2025-03,246,1.49,0.83,70.0,11.8,0.21,2.94
20250401,2025-04,246,1.74,0.97,70.0,14.3,0.21,2.98
20250501,2025-05,246,1.65,0.92,70.0,17.9,0.21,3.02
20250601,2025-06,246,1.7,0.94,70.0,18.8,0.21,3.06
20250701,2025-07,246,1.6,0.89,70.0,20.2,0.21,3.1
20250801,2025-08,246,1.73,0.96,70.0,22.6,0.21,3.14
20250901,2025-09,246,1.96,1.09,70.0,21.5,0.21,3.18
20251001,2025-10,246,1.93,1.07,70.0,8.8,0.21,3.23
20251101,2025-11,246,1.81,1.01,70.0,21.0,0.21,3.27
20251201,2025-12,246,1.73,0.96,70.0,22.9,0.21,3.31
20220501,2022-05,247,36.86,3.54,85.8,17.8,0.17,1.09
20220601,2022-06,247,19.08,1.83,77.7,21.2,0.17,1.65
20220701,2022-07,247,6.88,0.66,75.2,12.2,0.17,1.85
20220801,2022-08,247,6.01,0.58,75.2,19.9,0.17,2.03
20220901,2022-09,247,4.54,0.44,75.2,22.3,0.17,2.17
20221001,2022-10,247,4.37,0.42,75.2,16.9,0.17,2.29
20221101,2022-11,247,3.94,0.38,75.2,10.6,0.17,2.41
20221201,2022-12,247,1.32,0.13,69.9,20.5,0.17,2.45
20230101,2023-01,247,1.43,0.14,69.9,12.0,0.17,2.49
20230201,2023-02,247,1.23,0.12,69.9,15.3,0.17,2.53
20230301,2023-03,247,1.36,0.13,69.9,15.5,0.17,2.57
20230401,2023-04,247,1.24,0.12,69.9,23.2,0.17,2.6
20230501,2023-05,247,1.34,0.13,69.9,9.6,0.17,2.64
20230601,2023-06,247,1.37,0.13,69.9,11.1,0.17,2.68
20230701,2023-07,247,1.3,0.12,69.9,21.2,0.17,2.72
20230801,2023-08,247,1.17,0.11,69.9,9.8,0.17,2.76
20230901,2023-09,247,1.36,0.13,69.9,22.0,0.17,2.8
20231001,2023-10,247,1.15,0.11,69.9,18.0,0.17,2.83
20231101,2023-11,247,1.32,0.13,69.9,17.6,0.17,2.87
20231201,2023-12,247,1.18,0.11,69.9,23.8,0.17,2.91
20240101,2024-01,247,1.24,0.12,69.9,14.0,0.17,2.94
20240201,2024-02,247,1.24,0.12,69.9,18.5,0.17,2.98
20240301,2024-03,247,1.25,0.12,69.9,12.2,0.17,3.02
20240401,2024-04,247,1.39,0.13,69.9,21.7,0.17,3.06
20240501,2024-05,247,1.52,0.15,69.9,15.1,0.17,3.1
20240601,2024-06,247,1.29,0.12,69.9,13.1,0.17,3.14
20240701,2024-07,247,1.47,0.14,69.9,8.5,0.17,3.18
20240801,2024-08,247,1.27,0.12,69.9,18.5,0.17,3.22
20240901,2024-09,247,1.33,0.13,69.9,15.0,0.17,3.26
20241001,2024-10,247,1.44,0.14,69.9,18.2,0.17,3.3
20241101,2024-11,247,1.52,0.15,69.9,18.0,0.17,3.35
20241201,2024-12,247,1.23,0.12,69.9,8.5,0.17,3.38
20250101,2025-01,247,1.33,0.13,69.9,14.2,0.17,3.42
20250201,2025-02,247,1.31,0.13,69.9,14.7,0.17,3.46
20250301,2025-03,247,1.33,0.13,69.9,11.9,0.17,3.5
20250401,2025-04,247,1.52,0.15,69.9,8.2,0.17,3.54
20250501,2025-05,247,1.15,0.11,69.9,16.2,0.0,3.58
20250601,2025-06,247,1.3,0.12,69.9,18.2,0.0,3.62
20250701,2025-07,247,1.43,0.14,69.9,11.4,0.0,3.66
20250801,2025-08,247,1.44,0.14,69.9,9.2,0.0,3.7
20250901,2025-09,247,1.18,0.11,69.9,21.4,0.0,3.74
20251001,2025-10,247,1.27,0.12,69.9,11.5,0.0,3.77
20251101,2025-11,247,1.16,0.11,69.9,20.0,0.0,3.81
20251201,2025-12,247,1.25,0.12,69.9,13.3,0.0,3.85
20221001,2022-10,248,49.32,27.4,84.3,16.6,0.19,1.33
20221101,2022-11,248,26.14,14.52,77.5,18.2,0.19,2.03
20221201,2022-12,248,10.11,5.62,76.4,17.1,0.19,2.3
20230101,2023-01,248,9.12,5.07,76.4,17.2,0.19,2.54
20230201,2023-02,248,7.07,3.93,76.4,17.2,0.19,2.73
20230301,2023-03,248,5.25,2.92,76.4,16.4,0.19,2.87
20230401,2023-04,248,4.87,2.71,76.4,16.1,0.19,3.01
20230501,2023-05,248,1.86,1.03,70.8,21.9,0.19,3.06
20230601,2023-06,248,1.83,1.02,70.8,9.7,0.19,3.1
20230701,2023-07,248,2.01,1.12,70.8,23.7,0.19,3.16
20230801,2023-08,248,2.18,1.21,70.8,18.5,0.19,3.22
20230901,2023-09,248,2.23,1.24,70.8,15.0,0.19,3.28
20231001,2023-10,248,2.17,1.21,70.8,21.8,0.19,3.34
20231101,2023-11,248,1.87,1.04,70.8,20.6,0.19,3.39
20231201,2023-12,248,1.95,1.08,70.8,22.0,0.19,3.44
20240101,2024-01,248,2.23,1.24,70.8,13.2,0.19,3.5
20240201,2024-02,248,2.21,1.23,70.8,21.4,0.19,3.56
20240301,2024-03,248,1.73,0.96,70.8,17.4,0.19,3.6
20240401,2024-04,248,1.93,1.07,70.8,18.2,0.19,3.66
20240501,2024-05,248,2.02,1.12,70.8,22.7,0.19,3.71
20240601,2024-06,248,2.27,1.26,70.8,21.2,0.19,3.77
20240701,2024-07,248,2.1,1.17,70.8,22.5,0.19,3.83
20240801,2024-08,248,2.19,1.22,70.8,15.0,0.19,3.89
20240901,2024-09,248,2.04,1.13,70.8,9.4,0.19,3.94
20241001,2024-10,248,2.18,1.21,70.8,12.5,0.19,4.0
20241101,2024-11,248,2.21,1.23,70.8,15.3,0.19,4.06
20241201,2024-12,248,2.13,1.18,70.8,22.5,0.19,4.12
20250101,2025-01,248,1.85,1.03,70.8,16.5,0.19,4.17
20250201,2025-02,248,1.74,0.97,70.8,12.9,0.19,4.21
20250301,2025-03,248,2.16,1.2,70.8,19.5,0.19,4.27
20250401,2025-04,248,2.11,1.17,70.8,9.2,0.19,4.33
20250501,2025-05,248,2.06,1.14,70.8,21.9,0.19,4.38
20250601,2025-06,248,1.79,0.99,70.8,23.4,0.19,4.43
20250701,2025-07,248,2.12,1.18,70.8,13.4,0.19,4.49
20250801,2025-08,248,1.83,1.02,70.8,14.6,0.19,4.54
20250901,2025-09,248,2.2,1.22,70.8,10.3,0.19,4.6
20251001,2025-10,248,2.21,1.23,70.8,8.0,0.0,4.66
20251101,2025-11,248,2.13,1.18,70.8,9.5,0.0,4.71
20251201,2025-12,248,2.05,1.14,70.8,19.0,0.0,4.77
20230301,2023-03,249,136.97,17.12,83.5,9.6,0.72,0.96
20230401,2023-04,249,68.23,8.53,75.7,19.9,0.72,1.43
20230501,2023-05,249,25.0,3.12,75.6,20.0,0.72,1.61
20230601,2023-06,249,23.19,2.9,75.6,8.4,0.72,1.77
20230701,2023-07,249,15.49,1.94,75.6,23.4,0.72,1.88
20230801,2023-08,249,13.48,1.69,75.6,23.2,0.72,1.97
20230901,2023-09,249,11.9,1.49,75.6,20.3,0.72,2.05
20231001,2023-10,249,4.85,0.61,70.2,17.6,0.72,2.09
20231101,2023-11,249,5.23,0.65,70.2,21.7,0.72,2.12
20231201,2023-12,249,4.48,0.56,70.2,13.0,0.72,2.15
20240101,2024-01,249,4.27,0.53,70.2,23.7,0.72,2.18
20240201,2024-02,249,4.85,0.61,70.2,22.7,0.72,2.22
20240301,2024-03,249,4.89,0.61,70.2,14.2,0.72,2.25
20240401,2024-04,249,5.09,0.64,70.2,9.7,0.72,2.29
20240501,2024-05,249,4.59,0.57,70.2,9.4,0.72,2.32
20240601,2024-06,249,3.93,0.49,70.2,14.0,0.72,2.35
20240701,2024-07,249,5.25,0.66,70.2,13.5,0.72,2.38
20240801,2024-08,249,5.2,0.65,70.2,10.9,0.72,2.42
20240901,2024-09,249,5.19,0.65,70.2,17.4,0.72,2.46
20241001,2024-10,249,5.0,0.62,70.2,16.0,0.72,2.49
20241101,2024-11,249,5.04,0.63,70.2,18.9,0.72,2.53
20241201,2024-12,249,4.25,0.53,70.2,12.9,0.72,2.56
20250101,2025-01,249,4.81,0.6,70.2,17.7,0.72,2.59
20250201,2025-02,249,4.08,0.51,70.2,15.1,0.72,2.62
20250301,2025-03,249,4.24,0.53,70.2,17.5,0.72,2.65
20250401,2025-04,249,5.2,0.65,70.2,9.9,0.72,2.68
20250501,2025-05,249,4.25,0.53,70.2,15.0,0.72,2.71
20250601,2025-06,249,5.07,0.63,70.2,14.6,0.72,2.75
20250701,2025-07,249,4.89,0.61,70.2,16.7,0.72,2.78
20250801,2025-08,249,4.92,0.61,70.2,16.1,0.72,2.82
20250901,2025-09,249,4.7,0.59,70.2,9.5,0.72,2.85
20251001,2025-10,249,5.23,0.65,70.2,11.5,0.72,2.89
20251101,2025-11,249,5.17,0.65,70.2,21.6,0.72,2.92
20251201,2025-12,249,5.24,0.66,70.2,22.0,0.72,2.96
20230301,2023-03,250,130.17,10.17,89.8,23.5,0.42,1.55
20230401,2023-04,250,73.54,5.75,80.9,13.5,0.42,2.43
20230501,2023-05,250,25.76,2.01,77.0,23.4,0.42,2.74
20230601,2023-06,250,21.58,1.69,77.0,17.7,0.42,2.99
20230701,2023-07,250,15.53,1.21,77.0,22.4,0.42,3.18
20230801,2023-08,250,12.64,0.99,77.0,17.3,0.42,3.33
20230901,2023-09,250,10.66,0.83,77.0,17.5,0.42,3.46
20231001,2023-10,250,4.91,0.38,71.2,17.9,0.42,3.51
20231101,2023-11,250,5.29,0.41,71.2,13.3,0.42,3.58
20231201,2023-12,250,5.06,0.4,71.2,20.7,0.42,3.64
20240101,2024-01,250,4.51,0.35,71.2,10.8,0.42,3.69
20240201,2024-02,250,5.09,0.4,71.2,9.0,0.42,3.75
20240301,2024-03,250,5.12,0.4,71.2,13.1,0.42,3.81
20240401,2024-04,250,4.83,0.38,71.2,18.1,0.42,3.87
20240501,2024-05,250,5.66,0.44,71.2,10.3,0.42,3.94
20240601,2024-06,250,4.6,0.36,71.2,14.8,0.42,3.99
20240701,2024-07,250,5.22,0.41,71.2,14.8,0.42,4.06
20240801,2024-08,250,4.67,0.36,71.2,18.8,0.42,4.11
20240901,2024-09,250,5.27,0.41,71.2,8.1,0.42,4.17
20241001,2024-10,250,5.95,0.46,71.2,24.0,0.42,4.24
20241101,2024-11,250,5.18,0.4,71.2,11.4,0.42,4.31
20241201,2024-12,250,5.48,0.43,71.2,10.9,0.42,4.37
20250101,2025-01,250,5.39,0.42,71.2,16.7,0.42,4.44
20250201,2025-02,250,5.71,0.45,71.2,17.8,0.42,4.5
20250301,2025-03,250,4.86,0.38,71.2,15.2,0.42,4.56
20250401,2025-04,250,4.44,0.35,71.2,12.4,0.42,4.61
20250501,2025-05,250,4.96,0.39,71.2,19.0,0.42,4.67
20250601,2025-06,250,4.67,0.36,71.2,20.4,0.42,4.73
20250701,2025-07,250,5.34,0.42,71.2,18.0,0.42,4.79
20250801,2025-08,250,5.77,0.45,71.2,12.2,0.42,4.86
20250901,2025-09,250,5.58,0.44,71.2,11.7,0.42,4.93
20251001,2025-10,250,5.8,0.45,71.2,9.5,0.42,5.0
20251101,2025-11,250,5.02,0.39,71.2,18.1,0.42,5.06
20251201,2025-12,250,5.66,0.44,71.2,16.1,0.42,5.12
20220301,2022-03,251,110.75,8.65,85.2,21.4,0.32,1.72
20220401,2022-04,251,51.92,4.06,85.1,18.7,0.32,2.52
20220501,2022-05,251,19.3,1.51,78.0,16.1,0.32,2.82
20220601,2022-06,251,19.92,1.56,78.0,8.2,0.32,3.13
20220701,2022-07,251,14.39,1.12,78.0,20.0,0.32,3.36
20220801,2022-08,251,11.65,0.91,78.0,14.8,0.32,3.54
20220901,2022-09,251,10.96,0.86,78.0,20.1,0.32,3.71
20221001,2022-10,251,5.41,0.42,72.0,23.2,0.32,3.79
20221101,2022-11,251,5.06,0.4,72.0,15.8,0.32,3.87
20221201,2022-12,251,5.68,0.44,72.0,16.9,0.32,3.96
20230101,2023-01,251,4.91,0.38,72.0,12.7,0.32,4.03
20230201,2023-02,251,4.56,0.36,72.0,17.2,0.32,4.1
20230301,2023-03,251,5.31,0.41,72.0,17.2,0.32,4.19
20230401,2023-04,251,4.51,0.35,72.0,18.4,0.32,4.26
20230501,2023-05,251,5.76,0.45,72.0,8.4,0.32,4.35
20230601,2023-06,251,5.75,0.45,72.0,17.4,0.32,4.44
20230701,2023-07,251,4.84,0.38,72.0,12.3,0.32,4.51
20230801,2023-08,251,5.01,0.39,72.0,22.6,0.32,4.59
20230901,2023-09,251,5.45,0.43,72.0,10.1,0.32,4.67
20231001,2023-10,251,5.15,0.4,72.0,16.7,0.32,4.75
20231101,2023-11,251,5.59,0.44,72.0,21.8,0.32,4.84
20231201,2023-12,251,5.5,0.43,72.0,10.9,0.32,4.92
20240101,2024-01,251,5.45,0.43,72.0,12.0,0.32,5.01
20240201,2024-02,251,4.58,0.36,72.0,21.5,0.32,5.08
20240301,2024-03,251,5.0,0.39,72.0,21.8,0.32,5.16
20240401,2024-04,251,5.18,0.4,72.0,22.2,0.32,5.24
20240501,2024-05,251,4.68,0.37,72.0,12.2,0.32,5.31
20240601,2024-06,251,4.79,0.37,72.0,13.6,0.32,5.39
20240701,2024-07,251,5.65,0.44,72.0,11.8,0.32,5.47
20240801,2024-08,251,5.79,0.45,72.0,12.8,0.32,5.56
20240901,2024-09,251,5.09,0.4,72.0,13.1,0.32,5.64
20241001,2024-10,251,4.43,0.35,72.0,11.8,0.32,5.71
20241101,2024-11,251,5.04,0.39,72.0,21.9,0.32,5.79
20241201,2024-12,251,5.34,0.42,72.0,22.3,0.32,5.87
20250101,2025-01,251,4.37,0.34,72.0,19.4,0.32,5.94
20250201,2025-02,251,5.54,0.43,72.0,22.0,0.32,6.03
20250301,2025-03,251,4.71,0.37,72.0,19.8,0.0,6.1
20250401,2025-04,251,4.93,0.39,72.0,8.4,0.0,6.18
20250501,2025-05,251,5.59,0.44,72.0,16.1,0.0,6.26
20250601,2025-06,251,5.62,0.44,72.0,20.7,0.0,6.35
20250701,2025-07,251,4.66,0.36,72.0,17.6,0.0,6.42
20250801,2025-08,251,5.74,0.45,72.0,9.4,0.0,6.51
20250901,2025-09,251,5.77,0.45,72.0,15.6,0.0,6.6
20251001,2025-10,251,4.79,0.37,72.0,22.6,0.0,6.67
20251101,2025-11,251,5.77,0.45,72.0,21.3,0.0,6.76
20251201,2025-12,251,4.46,0.35,72.0,14.7,0.0,6.83
20231001,2023-10,252,70.2,6.75,86.3,14.3,0.3,1.17
20231101,2023-11,252,38.79,3.73,81.5,9.8,0.3,1.82
20231201,2023-12,252,13.25,1.27,77.2,23.2,0.3,2.04
20240101,2024-01,252,12.28,1.18,77.2,9.4,0.3,2.24
20240201,2024-02,252,8.09,0.78,77.2,24.0,0.3,2.38
20240301,2024-03,252,8.01,0.77,77.2,23.8,0.3,2.51
20240401,2024-04,252,6.52,0.63,77.2,22.0,0.3,2.62
20240501,2024-05,252,2.45,0.24,71.4,14.6,0.3,2.66
20240601,2024-06,252,2.52,0.24,71.4,19.9,0.3,2.7
20240701,2024-07,252,2.45,0.24,71.4,11.8,0.3,2.74
20240801,2024-08,252,2.86,0.27,71.4,12.8,0.3,2.79
20240901,2024-09,252,2.53,0.24,71.4,14.1,0.3,2.83
20241001,2024-10,252,2.88,0.28,71.4,22.6,0.3,2.88
20241101,2024-11,252,2.58,0.25,71.4,18.6,0.3,2.92
20241201,2024-12,252,2.57,0.25,71.4,20.9,0.3,2.97
20250101,2025-01,252,2.82,0.27,71.4,21.9,0.3,3.01
20250201,2025-02,252,2.95,0.28,71.4,20.6,0.3,3.06
20250301,2025-03,252,2.55,0.25,71.4,23.3,0.3,3.1
20250401,2025-04,252,2.48,0.24,71.4,16.8,0.3,3.15
20250501,2025-05,252,3.15,0.3,71.4,20.6,0.3,3.2
20250601,2025-06,252,2.92,0.28,71.4,14.8,0.3,3.25
20250701,2025-07,252,3.1,0.3,71.4,10.5,0.3,3.3
20250801,2025-08,252,3.28,0.32,71.4,17.1,0.3,3.35
20250901,2025-09,252,2.51,0.24,71.4,14.3,0.3,3.4
20251001,2025-10,252,2.67,0.26,71.4,15.6,0.3,3.44
20251101,2025-11,252,3.11,0.3,71.4,13.7,0.3,3.49
20251201,2025-12,252,2.88,0.28,71.4,21.2,0.3,3.54
20240401,2024-04,253,671.7,93.29,89.9,13.6,1.73,1.94
20240501,2024-05,253,332.88,46.23,78.8,13.1,1.73,2.9
20240601,2024-06,253,132.66,18.43,79.0,11.0,1.73,3.29
20240701,2024-07,253,105.11,14.6,79.0,23.4,1.73,3.59
20240801,2024-08,253,97.46,13.54,79.0,9.8,1.73,3.87
20240901,2024-09,253,67.57,9.38,79.0,12.3,1.73,4.07
20241001,2024-10,253,58.57,8.13,79.0,8.6,1.73,4.24
20241101,2024-11,253,33.72,4.68,72.8,21.8,1.73,4.33
20241201,2024-12,253,38.04,5.28,72.8,18.1,1.73,4.44
20250101,2025-01,253,28.74,3.99,72.8,9.9,1.73,4.53
20250201,2025-02,253,29.87,4.15,72.8,21.1,1.73,4.61
20250301,2025-03,253,36.53,5.07,72.8,11.3,1.73,4.72
20250401,2025-04,253,31.24,4.34,72.8,20.9,1.73,4.81
20250501,2025-05,253,35.19,4.89,72.8,23.4,1.73,4.91
20250601,2025-06,253,38.17,5.3,72.8,13.3,1.73,5.02
20250701,2025-07,253,29.19,4.05,72.8,14.7,1.73,5.1
20250801,2025-08,253,31.0,4.31,72.8,20.9,1.73,5.19
20250901,2025-09,253,32.91,4.57,72.8,21.0,1.73,5.29
20251001,2025-10,253,34.06,4.73,72.8,16.0,1.73,5.39
20251101,2025-11,253,34.05,4.73,72.8,10.8,1.73,5.49
20251201,2025-12,253,38.43,5.34,72.8,17.2,1.73,5.6
20240701,2024-07,254,51.68,3.8,87.1,19.1,0.22,1.18
20240801,2024-08,254,34.41,2.53,78.4,16.3,0.22,1.96
20240901,2024-09,254,11.61,0.85,76.2,17.0,0.22,2.23
20241001,2024-10,254,9.75,0.72,76.2,8.9,0.22,2.45
20241101,2024-11,254,7.84,0.58,76.2,13.9,0.22,2.63
20241201,2024-12,254,6.02,0.44,76.2,19.0,0.22,2.76
20250101,2025-01,254,5.57,0.41,76.2,21.0,0.22,2.89
20250201,2025-02,254,2.44,0.18,70.7,15.5,0.22,2.95
20250301,2025-03,254,2.28,0.17,70.7,11.8,0.22,3.0
20250401,2025-04,254,2.48,0.18,70.7,16.4,0.22,3.05
20250501,2025-05,254,1.94,0.14,70.7,22.9,0.22,3.1
20250601,2025-06,254,2.45,0.18,70.7,9.4,0.22,3.16
20250701,2025-07,254,2.24,0.16,70.7,20.3,0.22,3.21
20250801,2025-08,254,2.55,0.19,70.7,14.6,0.22,3.26
20250901,2025-09,254,2.13,0.16,70.7,12.2,0.22,3.31
20251001,2025-10,254,2.34,0.17,70.7,15.4,0.22,3.37
20251101,2025-11,254,1.97,0.14,70.7,17.1,0.22,3.41
20251201,2025-12,254,2.37,0.17,70.7,23.5,0.22,3.46
20230301,2023-03,255,35.06,2.74,92.0,21.7,0.08,2.1
20230401,2023-04,255,24.42,1.91,84.7,22.5,0.08,3.57
20230501,2023-05,255,7.97,0.62,80.8,12.7,0.08,4.05
20230601,2023-06,255,6.43,0.5,80.8,8.4,0.08,4.43
20230701,2023-07,255,5.4,0.42,80.8,16.6,0.08,4.76
20230801,2023-08,255,4.61,0.36,80.8,19.6,0.08,5.03
20230901,2023-09,255,3.61,0.28,80.8,12.4,0.08,5.25
20231001,2023-10,255,2.11,0.16,74.1,23.0,0.08,5.38
20231101,2023-11,255,2.37,0.19,74.1,20.3,0.08,5.52
20231201,2023-12,255,2.33,0.18,74.1,22.4,0.08,5.66
20240101,2024-01,255,2.25,0.18,74.1,11.0,0.08,5.79
20240201,2024-02,255,2.16,0.17,74.1,12.0,0.08,5.92
20240301,2024-03,255,2.49,0.19,74.1,23.3,0.08,6.07
20240401,2024-04,255,2.49,0.19,74.1,10.1,0.08,6.22
20240501,2024-05,255,2.14,0.17,74.1,21.0,0.08,6.35
20240601,2024-06,255,2.48,0.19,74.1,8.8,0.08,6.5
20240701,2024-07,255,2.21,0.17,74.1,12.8,0.08,6.63
20240801,2024-08,255,1.97,0.15,74.1,18.5,0.08,6.75
20240901,2024-09,255,2.37,0.19,74.1,19.8,0.08,6.89
20241001,2024-10,255,2.58,0.2,74.1,10.1,0.08,7.05
20241101,2024-11,255,2.04,0.16,74.1,22.3,0.08,7.17
20241201,2024-12,255,2.14,0.17,74.1,20.4,0.08,7.3
20250101,2025-01,255,2.45,0.19,74.1,23.4,0.08,7.44
20250201,2025-02,255,2.44,0.19,74.1,20.4,0.08,7.59
20250301,2025-03,255,2.5,0.2,74.1,15.6,0.08,7.74
20250401,2025-04,255,2.24,0.18,74.1,22.1,0.08,7.88
20250501,2025-05,255,2.41,0.19,74.1,10.6,0.08,8.02
20250601,2025-06,255,2.36,0.18,74.1,12.0,0.08,8.16
20250701,2025-07,255,2.11,0.16,74.1,19.2,0.08,8.29
20250801,2025-08,255,2.14,0.17,74.1,13.9,0.08,8.42
20250901,2025-09,255,2.63,0.21,74.1,13.4,0.08,8.57
20251001,2025-10,255,2.14,0.17,74.1,14.4,0.08,8.7
20251101,2025-11,255,2.13,0.17,74.1,19.0,0.08,8.83
20251201,2025-12,255,2.1,0.16,74.1,13.1,0.08,8.96
20230301,2023-03,256,89.15,49.53,84.2,13.8,0.39,1.15
20230401,2023-04,256,49.35,27.42,82.1,15.2,0.39,1.78
20230501,2023-05,256,19.94,11.08,76.0,22.7,0.39,2.04
20230601,2023-06,256,17.22,9.57,76.0,18.0,0.39,2.26
20230701,2023-07,256,14.6,8.11,76.0,14.5,0.39,2.45
20230801,2023-08,256,12.32,6.84,76.0,19.4,0.39,2.6
20230901,2023-09,256,8.85,4.92,76.0,14.9,0.39,2.72
20231001,2023-10,256,4.19,2.33,70.5,18.0,0.39,2.77
20231101,2023-11,256,3.47,1.93,70.5,11.1,0.39,2.82
20231201,2023-12,256,4.17,2.32,70.5,23.9,0.39,2.87
20240101,2024-01,256,3.79,2.11,70.5,16.1,0.39,2.92
20240201,2024-02,256,3.39,1.88,70.5,14.1,0.39,2.96
20240301,2024-03,256,3.77,2.09,70.5,14.0,0.39,3.01
20240401,2024-04,256,4.29,2.38,70.5,9.1,0.39,3.07
20240501,2024-05,256,4.16,2.31,70.5,20.5,0.39,3.12
20240601,2024-06,256,4.22,2.34,70.5,8.0,0.39,3.17
20240701,2024-07,256,3.71,2.06,70.5,15.4,0.39,3.22
20240801,2024-08,256,4.02,2.23,70.5,21.6,0.39,3.27
20240901,2024-09,256,4.1,2.28,70.5,16.2,0.39,3.33
20241001,2024-10,256,4.28,2.38,70.5,19.5,0.39,3.38
20241101,2024-11,256,3.63,2.02,70.5,8.0,0.39,3.43
20241201,2024-12,256,4.29,2.38,70.5,9.7,0.39,3.48
20250101,2025-01,256,4.2,2.33,70.5,13.0,0.39,3.54
20250201,2025-02,256,3.3,1.83,70.5,14.2,0.39,3.58
20250301,2025-03,256,3.89,2.16,70.5,13.9,0.39,3.63
20250401,2025-04,256,3.45,1.92,70.5,10.9,0.39,3.67
20250501,2025-05,256,3.85,2.14,70.5,13.7,0.39,3.72
20250601,2025-06,256,4.17,2.32,70.5,22.1,0.39,3.78
20250701,2025-07,256,3.52,1.96,70.5,16.1,0.39,3.82
20250801,2025-08,256,3.81,2.12,70.5,13.7,0.39,3.87
20250901,2025-09,256,3.45,1.92,70.5,10.6,0.39,3.92
20251001,2025-10,256,3.99,2.22,70.5,19.8,0.39,3.97
20251101,2025-11,256,3.34,1.86,70.5,19.3,0.39,4.01
20251201,2025-12,256,3.71,2.06,70.5,16.9,0.39,4.06
20221101,2022-11,257,649.08,81.14,88.8,19.6,2.95,1.1
20221201,2022-12,257,316.51,39.56,79.9,13.2,2.95,1.64
20230101,2023-01,257,119.61,14.95,76.6,22.8,2.95,1.84
20230201,2023-02,257,95.6,11.95,76.6,9.5,2.95,2.0
20230301,2023-03,257,83.6,10.45,76.6,10.7,2.95,2.14
20230401,2023-04,257,72.04,9.01,76.6,14.4,2.95,2.26
20230501,2023-05,257,52.98,6.62,76.6,16.2,2.95,2.35
20230601,2023-06,257,21.47,2.68,71.0,13.9,2.95,2.39
20230701,2023-07,257,26.82,3.35,71.0,14.0,2.95,2.43
20230801,2023-08,257,25.07,3.13,71.0,21.8,2.95,2.48
20230901,2023-09,257,25.47,3.18,71.0,11.5,2.95,2.52
20231001,2023-10,257,27.23,3.4,71.0,13.6,2.95,2.57
20231101,2023-11,257,23.88,2.98,71.0,9.7,2.95,2.61
20231201,2023-12,257,23.35,2.92,71.0,11.1,2.95,2.65
20240101,2024-01,257,20.98,2.62,71.0,8.4,2.95,2.68
20240201,2024-02,257,26.34,3.29,71.0,8.3,2.95,2.73
20240301,2024-03,257,21.33,2.67,71.0,13.8,2.95,2.76
20240401,2024-04,257,24.36,3.04,71.0,19.9,2.95,2.8
20240501,2024-05,257,24.38,3.05,71.0,10.2,2.95,2.84
20240601,2024-06,257,24.5,3.06,71.0,14.2,2.95,2.89
20240701,2024-07,257,23.74,2.97,71.0,9.2,2.95,2.93
20240801,2024-08,257,24.0,3.0,71.0,13.2,2.95,2.97
20240901,2024-09,257,22.56,2.82,71.0,18.7,2.95,3.01
20241001,2024-10,257,27.86,3.48,71.0,18.6,2.95,3.05
20241101,2024-11,257,21.66,2.71,71.0,21.1,2.95,3.09
20241201,2024-12,257,26.79,3.35,71.0,11.1,2.95,3.13
20250101,2025-01,257,21.09,2.64,71.0,10.7,2.95,3.17
20250201,2025-02,257,27.31,3.41,71.0,10.4,2.95,3.22
20250301,2025-03,257,26.12,3.27,71.0,18.9,2.95,3.26
20250401,2025-04,257,22.53,2.82,71.0,22.8,2.95,3.3
20250501,2025-05,257,23.78,2.97,71.0,12.6,2.95,3.34
20250601,2025-06,257,21.88,2.73,71.0,10.3,2.95,3.38
20250701,2025-07,257,21.61,2.7,71.0,19.2,2.95,3.41
20250801,2025-08,257,28.12,3.52,71.0,16.6,2.95,3.46
20250901,2025-09,257,27.11,3.39,71.0,18.9,2.95,3.51
20251001,2025-10,257,23.04,2.88,71.0,20.7,2.95,3.55
20251101,2025-11,257,21.9,2.74,71.0,23.4,0.0,3.58
20251201,2025-12,257,24.72,3.09,71.0,21.8,0.0,3.62
20240401,2024-04,258,249.6,31.2,81.9,18.8,1.14,1.09
20240501,2024-05,258,121.09,15.14,79.8,12.8,1.14,1.62
20240601,2024-06,258,45.09,5.64,75.2,11.9,1.14,1.82
20240701,2024-07,258,35.99,4.5,75.2,17.2,1.14,1.98
20240801,2024-08,258,38.34,4.79,75.2,21.6,1.14,2.15
20240901,2024-09,258,31.08,3.88,75.2,8.4,1.14,2.28
20241001,2024-10,258,21.92,2.74,75.2,21.9,1.14,2.38
20241101,2024-11,258,7.7,0.96,69.9,23.1,1.14,2.41
20241201,2024-12,258,7.88,0.98,69.9,10.9,1.14,2.45
20250101,2025-01,258,9.59,1.2,69.9,8.8,1.14,2.49
20250201,2025-02,258,8.14,1.02,69.9,18.2,1.14,2.52
20250301,2025-03,258,8.31,1.04,69.9,16.5,1.14,2.56
20250401,2025-04,258,10.23,1.28,69.9,12.7,1.14,2.61
20250501,2025-05,258,9.58,1.2,69.9,18.6,1.14,2.65
20250601,2025-06,258,8.37,1.05,69.9,22.8,1.14,2.68
20250701,2025-07,258,9.62,1.2,69.9,14.7,1.14,2.73
20250801,2025-08,258,7.9,0.99,69.9,14.4,1.14,2.76
20250901,2025-09,258,10.03,1.25,69.9,13.8,1.14,2.8
20251001,2025-10,258,8.21,1.03,69.9,23.9,1.14,2.84
20251101,2025-11,258,7.65,0.96,69.9,8.3,1.14,2.87
20251201,2025-12,258,7.68,0.96,69.9,12.0,1.14,2.91
20240401,2024-04,259,213.82,20.56,86.8,18.9,0.82,1.31
20240501,2024-05,259,123.31,11.86,79.0,23.3,0.82,2.06
20240601,2024-06,259,40.77,3.92,77.2,19.6,0.82,2.31
20240701,2024-07,259,45.28,4.35,77.2,12.7,0.82,2.59
20240801,2024-08,259,39.48,3.8,77.2,19.2,0.82,2.83
20240901,2024-09,259,25.46,2.45,77.2,22.3,0.82,2.99
20241001,2024-10,259,23.24,2.23,77.2,19.5,0.82,3.13
20241101,2024-11,259,11.65,1.12,71.4,18.8,0.82,3.2
20241201,2024-12,259,10.91,1.05,71.4,9.1,0.82,3.27
20250101,2025-01,259,12.02,1.16,71.4,21.8,0.82,3.34
20250201,2025-02,259,10.18,0.98,71.4,22.0,0.82,3.4
20250301,2025-03,259,10.8,1.04,71.4,8.5,0.82,3.47
20250401,2025-04,259,9.17,0.88,71.4,8.6,0.82,3.53
20250501,2025-05,259,9.58,0.92,71.4,15.7,0.82,3.59
20250601,2025-06,259,11.39,1.1,71.4,15.3,0.82,3.66
20250701,2025-07,259,9.75,0.94,71.4,10.4,0.82,3.72
20250801,2025-08,259,9.31,0.9,71.4,8.4,0.82,3.77
20250901,2025-09,259,10.54,1.01,71.4,9.2,0.82,3.84
20251001,2025-10,259,11.27,1.08,71.4,14.7,0.82,3.91
20251101,2025-11,259,10.21,0.98,71.4,23.4,0.82,3.97
20251201,2025-12,259,11.08,1.07,71.4,17.8,0.82,4.04
20250901,2025-09,260,254.3,141.28,85.7,17.3,1.57,0.81
20251001,2025-10,260,120.79,67.11,74.8,15.8,1.57,1.2
20251101,2025-11,260,49.4,27.44,75.0,8.2,1.57,1.35
20251201,2025-12,260,41.81,23.23,75.0,17.4,1.57,1.49
20210701,2021-07,261,213.91,38.2,88.1,15.2,0.62,1.71
20210801,2021-08,261,121.21,21.64,85.0,21.2,0.62,2.68
20210901,2021-09,261,42.91,7.66,77.6,11.3,0.62,3.02
20211001,2021-10,261,37.34,6.67,77.6,13.5,0.62,3.32
20211101,2021-11,261,25.76,4.6,77.6,13.0,0.62,3.53
20211201,2021-12,261,22.64,4.04,77.6,23.8,0.62,3.71
20220101,2022-01,261,22.97,4.1,77.6,9.6,0.62,3.89
20220201,2022-02,261,9.44,1.69,71.7,13.8,0.62,3.97
20220301,2022-03,261,7.72,1.38,71.7,17.5,0.62,4.03
20220401,2022-04,261,7.67,1.37,71.7,19.6,0.62,4.09
20220501,2022-05,261,8.04,1.44,71.7,19.2,0.62,4.16
20220601,2022-06,261,9.66,1.72,71.7,19.8,0.62,4.23
20220701,2022-07,261,10.26,1.83,71.7,9.8,0.62,4.32
20220801,2022-08,261,9.43,1.68,71.7,23.4,0.62,4.39
20220901,2022-09,261,7.88,1.41,71.7,15.8,0.62,4.45
20221001,2022-10,261,9.06,1.62,71.7,11.3,0.62,4.53
20221101,2022-11,261,10.17,1.82,71.7,16.6,0.62,4.61
20221201,2022-12,261,8.71,1.56,71.7,17.5,0.62,4.68
20230101,2023-01,261,9.78,1.75,71.7,16.5,0.62,4.76
20230201,2023-02,261,9.51,1.7,71.7,20.2,0.62,4.83
20230301,2023-03,261,7.77,1.39,71.7,10.1,0.62,4.89
20230401,2023-04,261,9.21,1.64,71.7,11.4,0.62,4.97
20230501,2023-05,261,8.13,1.45,71.7,9.4,0.62,5.03
20230601,2023-06,261,7.94,1.42,71.7,21.4,0.62,5.1
20230701,2023-07,261,8.69,1.55,71.7,20.3,0.62,5.17
20230801,2023-08,261,8.33,1.49,71.7,13.5,0.62,5.23
20230901,2023-09,261,9.69,1.73,71.7,11.8,0.62,5.31
20231001,2023-10,261,8.91,1.59,71.7,19.8,0.62,5.38
20231101,2023-11,261,8.89,1.59,71.7,13.8,0.62,5.45
20231201,2023-12,261,10.02,1.79,71.7,8.0,0.62,5.53
20240101,2024-01,261,8.73,1.56,71.7,8.6,0.62,5.6
20240201,2024-02,261,8.97,1.6,71.7,14.3,0.62,5.67
20240301,2024-03,261,8.66,1.55,71.7,15.4,0.62,5.74
20240401,2024-04,261,9.99,1.78,71.7,17.4,0.62,5.82
20240501,2024-05,261,8.69,1.55,71.7,17.6,0.62,5.89
20240601,2024-06,261,9.69,1.73,71.7,17.7,0.62,5.97
20240701,2024-07,261,10.06,1.8,71.7,15.4,0.0,6.05
20240801,2024-08,261,9.35,1.67,71.7,8.8,0.0,6.13
20240901,2024-09,261,10.28,1.84,71.7,23.4,0.0,6.21
20241001,2024-10,261,8.56,1.53,71.7,23.5,0.0,6.28
20241101,2024-11,261,9.93,1.77,71.7,21.8,0.0,6.36
20241201,2024-12,261,8.65,1.54,71.7,15.8,0.0,6.43
20250101,2025-01,261,8.81,1.57,71.7,8.5,0.0,6.5
20250201,2025-02,261,7.74,1.38,71.7,11.4,0.0,6.56
20250301,2025-03,261,7.83,1.4,71.7,19.4,0.0,6.62
20250401,2025-04,261,9.26,1.65,71.7,18.2,0.0,6.69
20250501,2025-05,261,8.7,1.55,71.7,17.9,0.0,6.76
20250601,2025-06,261,10.07,1.8,71.7,12.2,0.0,6.84
20250701,2025-07,261,9.3,1.66,71.7,13.0,0.0,6.92
20250801,2025-08,261,9.57,1.71,71.7,22.6,0.0,7.0
20250901,2025-09,261,8.58,1.53,71.7,17.0,0.0,7.06
20251001,2025-10,261,9.63,1.72,71.7,13.8,0.0,7.14
20251101,2025-11,261,8.16,1.46,71.7,10.4,0.0,7.21
20251201,2025-12,261,10.26,1.83,71.7,10.9,0.0,7.29
20240701,2024-07,262,118.58,21.17,89.6,13.4,0.92,0.64
20240801,2024-08,262,83.87,14.98,84.8,13.4,0.92,1.1
20240901,2024-09,262,28.5,5.09,75.0,18.6,0.92,1.26
20241001,2024-10,262,26.85,4.79,75.0,12.4,0.92,1.4
20241101,2024-11,262,19.51,3.48,75.0,17.0,0.92,1.51
20241201,2024-12,262,19.55,3.49,75.0,12.0,0.92,1.61
20250101,2025-01,262,12.8,2.29,75.0,10.6,0.92,1.68
20250201,2025-02,262,4.38,0.78,69.8,15.0,0.92,1.71
20250301,2025-03,262,5.33,0.95,69.8,10.9,0.92,1.74
20250401,2025-04,262,5.24,0.94,69.8,10.9,0.92,1.77
20250501,2025-05,262,5.35,0.96,69.8,20.1,0.92,1.79
20250601,2025-06,262,5.02,0.9,69.8,21.5,0.92,1.82
20250701,2025-07,262,5.33,0.95,69.8,9.0,0.92,1.85
20250801,2025-08,262,5.23,0.93,69.8,14.4,0.92,1.88
20250901,2025-09,262,4.53,0.81,69.8,12.8,0.92,1.9
20251001,2025-10,262,5.55,0.99,69.8,14.7,0.92,1.93
20251101,2025-11,262,4.84,0.86,69.8,19.3,0.92,1.96
20251201,2025-12,262,4.94,0.88,69.8,12.2,0.92,1.99
20221101,2022-11,263,43.63,5.45,82.8,14.0,0.33,0.66
20221201,2022-12,263,22.42,2.8,78.5,11.5,0.33,1.0
20230101,2023-01,263,8.31,1.04,73.8,23.8,0.33,1.12
20230201,2023-02,263,6.61,0.83,73.8,21.2,0.33,1.22
20230301,2023-03,263,5.26,0.66,73.8,20.1,0.33,1.3
20230401,2023-04,263,4.52,0.56,73.8,24.0,0.33,1.37
20230501,2023-05,263,4.2,0.53,73.8,20.6,0.33,1.44
20230601,2023-06,263,1.38,0.17,68.8,19.8,0.33,1.46
20230701,2023-07,263,1.1,0.14,68.8,20.5,0.33,1.47
20230801,2023-08,263,1.13,0.14,68.8,23.1,0.33,1.49
20230901,2023-09,263,1.14,0.14,68.8,16.6,0.33,1.51
20231001,2023-10,263,1.34,0.17,68.8,12.0,0.33,1.53
20231101,2023-11,263,1.23,0.15,68.8,23.8,0.33,1.55
20231201,2023-12,263,1.15,0.14,68.8,13.1,0.33,1.56
20240101,2024-01,263,1.16,0.14,68.8,17.5,0.33,1.58
20240201,2024-02,263,1.37,0.17,68.8,13.8,0.33,1.6
20240301,2024-03,263,1.28,0.16,68.8,17.3,0.33,1.62
20240401,2024-04,263,1.4,0.17,68.8,9.2,0.33,1.64
20240501,2024-05,263,1.29,0.16,68.8,9.0,0.33,1.66
20240601,2024-06,263,1.36,0.17,68.8,16.7,0.33,1.68
20240701,2024-07,263,1.28,0.16,68.8,13.9,0.33,1.7
20240801,2024-08,263,1.27,0.16,68.8,17.9,0.33,1.72
20240901,2024-09,263,1.4,0.17,68.8,17.8,0.33,1.74
20241001,2024-10,263,1.4,0.17,68.8,17.3,0.33,1.76
20241101,2024-11,263,1.28,0.16,68.8,12.6,0.33,1.78
20241201,2024-12,263,1.38,0.17,68.8,19.4,0.33,1.8
20250101,2025-01,263,1.45,0.18,68.8,9.3,0.33,1.83
20250201,2025-02,263,1.14,0.14,68.8,10.6,0.33,1.84
20250301,2025-03,263,1.3,0.16,68.8,14.6,0.33,1.86
20250401,2025-04,263,1.12,0.14,68.8,10.5,0.33,1.88
20250501,2025-05,263,1.15,0.14,68.8,8.9,0.33,1.9
20250601,2025-06,263,1.18,0.15,68.8,18.4,0.33,1.92
20250701,2025-07,263,1.27,0.16,68.8,14.8,0.33,1.93
20250801,2025-08,263,1.12,0.14,68.8,9.3,0.33,1.95
20250901,2025-09,263,1.11,0.14,68.8,9.2,0.33,1.97
20251001,2025-10,263,1.42,0.18,68.8,14.2,0.33,1.99
20251101,2025-11,263,1.45,0.18,68.8,9.0,0.0,2.01
20251201,2025-12,263,1.11,0.14,68.8,19.4,0.0,2.03
20250401,2025-04,264,136.65,24.4,79.7,14.6,0.87,0.78
20250501,2025-05,264,73.52,13.13,76.3,17.2,0.87,1.2
20250601,2025-06,264,24.09,4.3,74.4,10.4,0.87,1.34
20250701,2025-07,264,22.17,3.96,74.4,20.4,0.87,1.47
20250801,2025-08,264,15.02,2.68,74.4,16.6,0.87,1.56
20250901,2025-09,264,13.86,2.47,74.4,16.0,0.87,1.64
20251001,2025-10,264,11.7,2.09,74.4,10.9,0.87,1.7
20251101,2025-11,264,4.28,0.76,69.3,12.3,0.87,1.73
20251201,2025-12,264,4.06,0.72,69.3,9.5,0.87,1.75
20231001,2023-10,265,109.54,19.56,84.2,13.8,0.6,0.92
20231101,2023-11,265,68.15,12.17,80.4,11.6,0.6,1.49
20231201,2023-12,265,23.04,4.11,74.4,20.3,0.6,1.68
20240101,2024-01,265,21.28,3.8,74.4,18.9,0.6,1.86
20240201,2024-02,265,17.59,3.14,74.4,15.7,0.6,2.01
20240301,2024-03,265,13.71,2.45,74.4,23.5,0.6,2.12
20240401,2024-04,265,10.34,1.85,74.4,20.6,0.6,2.21
20240501,2024-05,265,4.2,0.75,69.3,11.7,0.6,2.24
20240601,2024-06,265,3.3,0.59,69.3,9.7,0.6,2.27
20240701,2024-07,265,4.03,0.72,69.3,14.5,0.6,2.3
20240801,2024-08,265,4.11,0.73,69.3,9.1,0.6,2.34
20240901,2024-09,265,4.12,0.74,69.3,19.6,0.6,2.37
20241001,2024-10,265,4.24,0.76,69.3,12.0,0.6,2.41
20241101,2024-11,265,3.36,0.6,69.3,17.7,0.6,2.44
20241201,2024-12,265,3.59,0.64,69.3,17.5,0.6,2.47
20250101,2025-01,265,4.06,0.72,69.3,17.4,0.6,2.5
20250201,2025-02,265,3.22,0.57,69.3,15.9,0.6,2.53
20250301,2025-03,265,4.24,0.76,69.3,19.4,0.6,2.56
20250401,2025-04,265,4.01,0.72,69.3,11.3,0.6,2.6
20250501,2025-05,265,4.21,0.75,69.3,22.6,0.6,2.63
20250601,2025-06,265,3.75,0.67,69.3,21.1,0.6,2.66
20250701,2025-07,265,4.05,0.72,69.3,16.4,0.6,2.7
20250801,2025-08,265,3.18,0.57,69.3,8.1,0.6,2.72
20250901,2025-09,265,4.23,0.76,69.3,23.7,0.6,2.76
20251001,2025-10,265,4.14,0.74,69.3,15.1,0.6,2.79
20251101,2025-11,265,3.3,0.59,69.3,12.2,0.6,2.82
20251201,2025-12,265,3.69,0.66,69.3,10.5,0.6,2.85
20210101,2021-01,266,188.34,21.4,81.3,23.3,0.88,1.07
20210201,2021-02,266,100.79,11.45,79.4,19.2,0.88,1.64
20210301,2021-03,266,30.14,3.42,74.6,12.0,0.88,1.81
20210401,2021-04,266,29.08,3.3,74.6,22.3,0.88,1.97
20210501,2021-05,266,22.74,2.58,74.6,13.9,0.88,2.1
20210601,2021-06,266,23.77,2.7,74.6,11.5,0.88,2.24
20210701,2021-07,266,15.62,1.77,74.6,11.6,0.88,2.32
20210801,2021-08,266,5.7,0.65,69.5,22.4,0.88,2.36
20210901,2021-09,266,5.44,0.62,69.5,14.3,0.88,2.39
20211001,2021-10,266,6.24,0.71,69.5,16.5,0.88,2.42
20211101,2021-11,266,5.91,0.67,69.5,9.8,0.88,2.46
20211201,2021-12,266,5.8,0.66,69.5,14.0,0.88,2.49
20220101,2022-01,266,5.18,0.59,69.5,10.9,0.88,2.52
20220201,2022-02,266,5.76,0.65,69.5,12.4,0.88,2.55
20220301,2022-03,266,6.56,0.75,69.5,17.5,0.88,2.59
20220401,2022-04,266,5.76,0.65,69.5,19.6,0.88,2.62
20220501,2022-05,266,5.17,0.59,69.5,16.3,0.88,2.65
20220601,2022-06,266,5.38,0.61,69.5,15.9,0.88,2.68
20220701,2022-07,266,5.71,0.65,69.5,19.2,0.88,2.71
20220801,2022-08,266,5.39,0.61,69.5,20.1,0.88,2.74
20220901,2022-09,266,5.58,0.63,69.5,10.7,0.88,2.77
20221001,2022-10,266,5.04,0.57,69.5,17.6,0.88,2.8
20221101,2022-11,266,5.15,0.59,69.5,20.7,0.88,2.83
20221201,2022-12,266,6.43,0.73,69.5,18.6,0.88,2.87
20230101,2023-01,266,6.19,0.7,69.5,8.9,0.88,2.9
20230201,2023-02,266,6.18,0.7,69.5,11.4,0.88,2.94
20230301,2023-03,266,6.14,0.7,69.5,8.7,0.88,2.97
20230401,2023-04,266,5.87,0.67,69.5,8.2,0.88,3.01
20230501,2023-05,266,5.63,0.64,69.5,19.7,0.88,3.04
20230601,2023-06,266,5.18,0.59,69.5,13.7,0.88,3.07
20230701,2023-07,266,5.36,0.61,69.5,14.6,0.88,3.1
20230801,2023-08,266,6.15,0.7,69.5,12.3,0.88,3.13
20230901,2023-09,266,6.22,0.71,69.5,15.3,0.88,3.17
20231001,2023-10,266,6.15,0.7,69.5,21.7,0.88,3.2
20231101,2023-11,266,5.63,0.64,69.5,16.4,0.88,3.23
20231201,2023-12,266,6.02,0.68,69.5,16.2,0.88,3.27
20240101,2024-01,266,5.08,0.58,69.5,23.2,0.0,3.3
20240201,2024-02,266,5.79,0.66,69.5,8.0,0.0,3.33
20240301,2024-03,266,4.99,0.57,69.5,16.0,0.0,3.36
20240401,2024-04,266,5.0,0.57,69.5,8.2,0.0,3.39
20240501,2024-05,266,6.14,0.7,69.5,13.9,0.0,3.42
20240601,2024-06,266,6.68,0.76,69.5,19.6,0.0,3.46
20240701,2024-07,266,6.28,0.71,69.5,15.0,0.0,3.49
20240801,2024-08,266,5.69,0.65,69.5,16.0,0.0,3.53
20240901,2024-09,266,6.22,0.71,69.5,10.2,0.0,3.56
20241001,2024-10,266,5.78,0.66,69.5,11.3,0.0,3.59
20241101,2024-11,266,5.38,0.61,69.5,19.7,0.0,3.63
20241201,2024-12,266,5.75,0.65,69.5,19.7,0.0,3.66
20250101,2025-01,266,6.43,0.73,69.5,17.8,0.0,3.69
20250201,2025-02,266,6.54,0.74,69.5,15.0,0.0,3.73
20250301,2025-03,266,5.07,0.58,69.5,8.9,0.0,3.76
20250401,2025-04,266,5.69,0.65,69.5,21.5,0.0,3.79
20250501,2025-05,266,5.83,0.66,69.5,23.2,0.0,3.82
20250601,2025-06,266,5.22,0.59,69.5,11.1,0.0,3.85
20250701,2025-07,266,5.28,0.6,69.5,14.6,0.0,3.88
20250801,2025-08,266,5.17,0.59,69.5,8.8,0.0,3.91
20250901,2025-09,266,5.22,0.59,69.5,14.0,0.0,3.94
20251001,2025-10,266,5.41,0.61,69.5,20.8,0.0,3.97
20251101,2025-11,266,5.16,0.59,69.5,9.2,0.0,4.0
20251201,2025-12,266,5.24,0.6,69.5,23.3,0.0,4.03
20221201,2022-12,267,205.09,32.05,87.2,22.7,0.9,1.14
20230101,2023-01,267,114.99,17.97,86.7,11.8,0.9,1.77
20230201,2023-02,267,49.33,7.71,76.0,21.3,0.9,2.05
20230301,2023-03,267,36.83,5.75,76.0,17.7,0.9,2.25
20230401,2023-04,267,32.64,5.1,76.0,15.0,0.9,2.43
20230501,2023-05,267,28.42,4.44,76.0,21.3,0.9,2.59
20230601,2023-06,267,23.34,3.65,76.0,20.5,0.9,2.72
20230701,2023-07,267,7.51,1.17,70.5,12.5,0.9,2.76
20230801,2023-08,267,7.87,1.23,70.5,20.5,0.9,2.8
20230901,2023-09,267,8.64,1.35,70.5,21.7,0.9,2.85
20231001,2023-10,267,8.9,1.39,70.5,21.7,0.9,2.9
20231101,2023-11,267,9.49,1.48,70.5,15.6,0.9,2.95
20231201,2023-12,267,7.92,1.24,70.5,13.1,0.9,3.0
20240101,2024-01,267,9.68,1.51,70.5,20.6,0.9,3.05
20240201,2024-02,267,9.5,1.48,70.5,17.3,0.9,3.1
20240301,2024-03,267,9.02,1.41,70.5,13.5,0.9,3.15
20240401,2024-04,267,9.11,1.42,70.5,9.0,0.9,3.2
20240501,2024-05,267,9.98,1.56,70.5,10.7,0.9,3.26
20240601,2024-06,267,10.04,1.57,70.5,11.6,0.9,3.31
20240701,2024-07,267,8.3,1.3,70.5,10.9,0.9,3.36
20240801,2024-08,267,9.01,1.41,70.5,20.1,0.9,3.41
20240901,2024-09,267,10.07,1.57,70.5,11.3,0.9,3.47
20241001,2024-10,267,9.3,1.45,70.5,16.3,0.9,3.52
20241101,2024-11,267,8.56,1.34,70.5,16.5,0.9,3.56
20241201,2024-12,267,8.19,1.28,70.5,12.4,0.9,3.61
20250101,2025-01,267,8.95,1.4,70.5,17.3,0.9,3.66
20250201,2025-02,267,8.55,1.34,70.5,11.3,0.9,3.71
20250301,2025-03,267,9.67,1.51,70.5,10.9,0.9,3.76
20250401,2025-04,267,9.42,1.47,70.5,15.8,0.9,3.81
20250501,2025-05,267,8.95,1.4,70.5,16.1,0.9,3.86
20250601,2025-06,267,8.41,1.31,70.5,17.7,0.9,3.91
20250701,2025-07,267,8.19,1.28,70.5,19.6,0.9,3.95
20250801,2025-08,267,8.67,1.35,70.5,20.5,0.9,4.0
20250901,2025-09,267,8.71,1.36,70.5,20.3,0.9,4.05
20251001,2025-10,267,8.54,1.33,70.5,19.5,0.9,4.1
20251101,2025-11,267,9.87,1.54,70.5,19.1,0.9,4.15
20251201,2025-12,267,8.25,1.29,70.5,20.2,0.0,4.2
20241201,2024-12,268,92.88,7.26,85.8,13.2,0.53,0.87
20250101,2025-01,268,54.67,4.27,79.6,11.8,0.53,1.38
20250201,2025-02,268,17.93,1.4,76.4,22.6,0.53,1.55
20250301,2025-03,268,18.77,1.47,76.4,14.2,0.53,1.73
20250401,2025-04,268,15.22,1.19,76.4,10.2,0.53,1.87
20250501,2025-05,268,12.12,0.95,76.4,14.6,0.53,1.98
20250601,2025-06,268,11.39,0.89,76.4,13.5,0.53,2.09
20250701,2025-07,268,4.19,0.33,70.8,17.3,0.53,2.13
20250801,2025-08,268,3.73,0.29,70.8,18.8,0.53,2.16
20250901,2025-09,268,3.62,0.28,70.8,19.7,0.53,2.2
20251001,2025-10,268,4.44,0.35,70.8,9.0,0.53,2.24
20251101,2025-11,268,3.87,0.3,70.8,21.5,0.53,2.28
20251201,2025-12,268,3.94,0.31,70.8,22.5,0.53,2.31
20250801,2025-08,269,11.98,1.5,81.3,17.8,0.07,0.9
20250901,2025-09,269,6.2,0.78,79.7,16.4,0.07,1.36
20251001,2025-10,269,2.62,0.33,76.2,22.3,0.07,1.56
20251101,2025-11,269,2.15,0.27,76.2,17.9,0.07,1.72
20251201,2025-12,269,1.54,0.19,76.2,16.8,0.07,1.84
20220301,2022-03,270,65.78,5.87,88.3,12.5,0.54,0.6
20220401,2022-04,270,36.31,3.24,76.9,20.8,0.54,0.94
20220501,2022-05,270,14.85,1.33,73.8,23.3,0.54,1.07
20220601,2022-06,270,11.19,1.0,73.8,20.3,0.54,1.18
20220701,2022-07,270,9.83,0.88,73.8,23.5,0.54,1.27
20220801,2022-08,270,7.58,0.68,73.8,19.4,0.54,1.34
20220901,2022-09,270,6.35,0.57,73.8,22.2,0.54,1.39
20221001,2022-10,270,2.05,0.18,68.8,23.4,0.54,1.41
20221101,2022-11,270,1.84,0.16,68.8,12.6,0.54,1.43
20221201,2022-12,270,1.92,0.17,68.8,23.5,0.54,1.45
20230101,2023-01,270,2.28,0.2,68.8,15.7,0.54,1.47
20230201,2023-02,270,2.08,0.19,68.8,18.5,0.54,1.49
20230301,2023-03,270,1.82,0.16,68.8,14.4,0.54,1.51
20230401,2023-04,270,2.14,0.19,68.8,9.0,0.54,1.52
20230501,2023-05,270,2.11,0.19,68.8,8.5,0.54,1.54
20230601,2023-06,270,1.82,0.16,68.8,23.3,0.54,1.56
20230701,2023-07,270,2.07,0.18,68.8,19.8,0.54,1.58
20230801,2023-08,270,2.35,0.21,68.8,13.0,0.54,1.6
20230901,2023-09,270,1.96,0.17,68.8,10.3,0.54,1.62
20231001,2023-10,270,1.8,0.16,68.8,13.5,0.54,1.64
20231101,2023-11,270,2.3,0.21,68.8,12.6,0.54,1.66
20231201,2023-12,270,2.35,0.21,68.8,15.8,0.54,1.68
20240101,2024-01,270,1.91,0.17,68.8,14.9,0.54,1.7
20240201,2024-02,270,2.09,0.19,68.8,19.4,0.54,1.72
20240301,2024-03,270,2.06,0.18,68.8,8.1,0.54,1.73
20240401,2024-04,270,2.08,0.19,68.8,21.2,0.54,1.75
20240501,2024-05,270,1.98,0.18,68.8,21.9,0.54,1.77
20240601,2024-06,270,2.14,0.19,68.8,18.2,0.54,1.79
20240701,2024-07,270,1.91,0.17,68.8,13.7,0.54,1.81
20240801,2024-08,270,2.34,0.21,68.8,18.9,0.54,1.83
20240901,2024-09,270,2.2,0.2,68.8,17.5,0.54,1.85
20241001,2024-10,270,1.88,0.17,68.8,14.7,0.54,1.87
20241101,2024-11,270,2.12,0.19,68.8,18.5,0.54,1.89
20241201,2024-12,270,2.2,0.2,68.8,23.9,0.54,1.91
20250101,2025-01,270,2.36,0.21,68.8,21.9,0.54,1.93
20250201,2025-02,270,2.09,0.19,68.8,16.3,0.54,1.95
20250301,2025-03,270,2.06,0.18,68.8,21.6,0.0,1.97
20250401,2025-04,270,1.88,0.17,68.8,21.0,0.0,1.98
20250501,2025-05,270,2.31,0.21,68.8,10.5,0.0,2.01
20250601,2025-06,270,2.3,0.21,68.8,19.8,0.0,2.03
20250701,2025-07,270,1.94,0.17,68.8,21.6,0.0,2.04
20250801,2025-08,270,1.77,0.16,68.8,14.1,0.0,2.06
20250901,2025-09,270,2.25,0.2,68.8,22.6,0.0,2.08
20251001,2025-10,270,1.94,0.17,68.8,19.1,0.0,2.1
20251101,2025-11,270,2.31,0.21,68.8,21.9,0.0,2.12
20251201,2025-12,270,1.78,0.16,68.8,21.3,0.0,2.14
20240501,2024-05,271,166.08,29.66,89.1,22.2,0.78,1.06
20240601,2024-06,271,94.47,16.87,79.1,8.2,0.78,1.66
20240701,2024-07,271,41.08,7.34,76.0,11.8,0.78,1.93
20240801,2024-08,271,33.86,6.05,76.0,23.9,0.78,2.14
20240901,2024-09,271,27.9,4.98,76.0,18.7,0.78,2.32
20241001,2024-10,271,22.18,3.96,76.0,21.9,0.78,2.46
20241101,2024-11,271,18.02,3.22,76.0,19.6,0.78,2.58
20241201,2024-12,271,7.44,1.33,70.5,23.4,0.78,2.62
20250101,2025-01,271,6.91,1.23,70.5,9.2,0.78,2.67
20250201,2025-02,271,7.97,1.42,70.5,11.6,0.78,2.72
20250301,2025-03,271,7.22,1.29,70.5,19.8,0.78,2.76
20250401,2025-04,271,6.94,1.24,70.5,15.3,0.78,2.81
20250501,2025-05,271,6.76,1.21,70.5,9.6,0.78,2.85
20250601,2025-06,271,6.95,1.24,70.5,16.6,0.78,2.9
20250701,2025-07,271,8.46,1.51,70.5,18.5,0.78,2.95
20250801,2025-08,271,6.67,1.19,70.5,20.4,0.78,2.99
20250901,2025-09,271,7.2,1.29,70.5,17.7,0.78,3.04
20251001,2025-10,271,7.66,1.37,70.5,13.8,0.78,3.09
20251101,2025-11,271,7.07,1.26,70.5,23.2,0.78,3.13
20251201,2025-12,271,7.49,1.34,70.5,11.1,0.78,3.18
20240701,2024-07,272,198.95,17.76,87.1,13.7,0.69,1.44
20240801,2024-08,272,122.6,10.95,82.2,9.8,0.69,2.33
20240901,2024-09,272,44.78,4.0,77.2,21.8,0.69,2.66
20241001,2024-10,272,38.93,3.48,77.2,16.8,0.69,2.94
20241101,2024-11,272,27.8,2.48,77.2,15.9,0.69,3.14
20241201,2024-12,272,24.38,2.18,77.2,14.0,0.69,3.32
20250101,2025-01,272,19.82,1.77,77.2,13.4,0.69,3.46
20250201,2025-02,272,8.34,0.74,71.4,10.7,0.69,3.52
20250301,2025-03,272,9.66,0.86,71.4,10.6,0.69,3.59
20250401,2025-04,272,9.05,0.81,71.4,21.6,0.69,3.66
20250501,2025-05,272,7.99,0.71,71.4,17.2,0.69,3.72
20250601,2025-06,272,8.98,0.8,71.4,10.7,0.69,3.78
20250701,2025-07,272,10.27,0.92,71.4,11.4,0.69,3.86
20250801,2025-08,272,9.57,0.85,71.4,22.5,0.69,3.93
20250901,2025-09,272,8.82,0.79,71.4,9.6,0.69,3.99
20251001,2025-10,272,9.83,0.88,71.4,20.6,0.69,4.06
20251101,2025-11,272,8.4,0.75,71.4,19.3,0.69,4.12
20251201,2025-12,272,8.02,0.72,71.4,8.2,0.69,4.18
20220701,2022-07,273,28.49,15.83,79.3,19.5,0.38,0.37
20220801,2022-08,273,16.93,9.41,74.1,23.5,0.38,0.59
20220901,2022-09,273,5.37,2.98,71.4,20.9,0.38,0.66
20221001,2022-10,273,4.27,2.37,71.4,9.9,0.38,0.72
20221101,2022-11,273,4.02,2.23,71.4,18.9,0.38,0.77
20221201,2022-12,273,3.06,1.7,71.4,14.9,0.38,0.81
20230101,2023-01,273,3.14,1.74,71.4,12.3,0.38,0.85
20230201,2023-02,273,0.56,0.31,67.0,15.9,0.38,0.86
20230301,2023-03,273,0.62,0.34,67.0,8.4,0.38,0.87
20230401,2023-04,273,0.55,0.31,67.0,23.9,0.38,0.87
20230501,2023-05,273,0.67,0.37,67.0,13.2,0.38,0.88
20230601,2023-06,273,0.61,0.34,67.0,10.6,0.38,0.89
20230701,2023-07,273,0.7,0.39,67.0,20.3,0.38,0.9
20230801,2023-08,273,0.66,0.37,67.0,9.3,0.38,0.91
20230901,2023-09,273,0.56,0.31,67.0,10.6,0.38,0.92
20231001,2023-10,273,0.63,0.35,67.0,8.3,0.38,0.92
20231101,2023-11,273,0.63,0.35,67.0,22.4,0.38,0.93
20231201,2023-12,273,0.65,0.36,67.0,9.8,0.38,0.94
20240101,2024-01,273,0.64,0.36,67.0,11.6,0.38,0.95
20240201,2024-02,273,0.68,0.38,67.0,16.0,0.38,0.96
20240301,2024-03,273,0.57,0.32,67.0,20.2,0.38,0.97
20240401,2024-04,273,0.57,0.32,67.0,9.1,0.38,0.97
20240501,2024-05,273,0.65,0.36,67.0,14.3,0.38,0.98
20240601,2024-06,273,0.69,0.38,67.0,16.7,0.38,0.99
20240701,2024-07,273,0.63,0.35,67.0,22.9,0.38,1.0
20240801,2024-08,273,0.62,0.34,67.0,12.6,0.38,1.01
20240901,2024-09,273,0.6,0.33,67.0,8.6,0.38,1.01
20241001,2024-10,273,0.55,0.31,67.0,11.5,0.38,1.02
20241101,2024-11,273,0.54,0.3,67.0,10.4,0.38,1.03
20241201,2024-12,273,0.56,0.31,67.0,11.6,0.38,1.04
20250101,2025-01,273,0.64,0.36,67.0,13.4,0.38,1.04
20250201,2025-02,273,0.56,0.31,67.0,13.2,0.38,1.05
20250301,2025-03,273,0.7,0.39,67.0,11.5,0.38,1.06
20250401,2025-04,273,0.66,0.37,67.0,18.7,0.38,1.07
20250501,2025-05,273,0.59,0.33,67.0,21.8,0.38,1.08
20250601,2025-06,273,0.57,0.32,67.0,22.2,0.38,1.08
20250701,2025-07,273,0.62,0.34,67.0,17.9,0.0,1.09
20250801,2025-08,273,0.65,0.36,67.0,22.4,0.0,1.1
20250901,2025-09,273,0.56,0.31,67.0,9.8,0.0,1.11
20251001,2025-10,273,0.61,0.34,67.0,15.7,0.0,1.12
20251101,2025-11,273,0.65,0.36,67.0,23.2,0.0,1.12
20251201,2025-12,273,0.66,0.37,67.0,22.6,0.0,1.13
20221001,2022-10,274,193.0,40.21,86.6,8.5,1.06,0.91
20221101,2022-11,274,129.86,27.05,79.1,10.5,1.06,1.52
20221201,2022-12,274,40.36,8.41,74.8,10.0,1.06,1.71
20230101,2023-01,274,32.05,6.68,74.8,19.6,1.06,1.86
20230201,2023-02,274,32.14,6.7,74.8,12.5,1.06,2.01
20230301,2023-03,274,27.1,5.65,74.8,22.0,1.06,2.14
20230401,2023-04,274,24.31,5.06,74.8,13.2,1.06,2.26
20230501,2023-05,274,7.03,1.46,69.6,20.6,1.06,2.29
20230601,2023-06,274,7.94,1.65,69.6,8.7,1.06,2.33
20230701,2023-07,274,7.84,1.63,69.6,13.0,1.06,2.36
20230801,2023-08,274,8.18,1.7,69.6,9.3,1.06,2.4
20230901,2023-09,274,7.13,1.49,69.6,19.6,1.06,2.44
20231001,2023-10,274,8.07,1.68,69.6,8.2,1.06,2.47
20231101,2023-11,274,8.15,1.7,69.6,8.1,1.06,2.51
20231201,2023-12,274,6.77,1.41,69.6,22.0,1.06,2.54
20240101,2024-01,274,7.28,1.52,69.6,12.4,1.06,2.58
20240201,2024-02,274,7.01,1.46,69.6,19.7,1.06,2.61
20240301,2024-03,274,7.64,1.59,69.6,11.9,1.06,2.65
20240401,2024-04,274,7.97,1.66,69.6,23.2,1.06,2.69
20240501,2024-05,274,8.24,1.72,69.6,23.0,1.06,2.72
20240601,2024-06,274,8.49,1.77,69.6,19.8,1.06,2.76
20240701,2024-07,274,6.69,1.39,69.6,9.0,1.06,2.8
20240801,2024-08,274,7.43,1.55,69.6,20.4,1.06,2.83
20240901,2024-09,274,7.24,1.51,69.6,17.9,1.06,2.86
20241001,2024-10,274,7.89,1.64,69.6,20.2,1.06,2.9
20241101,2024-11,274,6.7,1.4,69.6,16.2,1.06,2.93
20241201,2024-12,274,6.71,1.4,69.6,13.7,1.06,2.96
20250101,2025-01,274,8.09,1.69,69.6,8.7,1.06,3.0
20250201,2025-02,274,7.09,1.48,69.6,20.1,1.06,3.04
20250301,2025-03,274,7.36,1.53,69.6,19.3,1.06,3.07
20250401,2025-04,274,6.67,1.39,69.6,23.0,1.06,3.1
20250501,2025-05,274,8.22,1.71,69.6,13.6,1.06,3.14
20250601,2025-06,274,6.83,1.42,69.6,19.1,1.06,3.17
20250701,2025-07,274,7.3,1.52,69.6,8.7,1.06,3.21
20250801,2025-08,274,6.41,1.34,69.6,18.4,1.06,3.24
20250901,2025-09,274,7.0,1.46,69.6,21.5,1.06,3.27
20251001,2025-10,274,6.6,1.37,69.6,17.3,0.0,3.3
20251101,2025-11,274,6.49,1.35,69.6,8.5,0.0,3.33
20251201,2025-12,274,6.6,1.37,69.6,14.8,0.0,3.36
20250601,2025-06,275,131.33,13.68,88.6,20.6,0.49,1.33
20250701,2025-07,275,70.99,7.39,87.5,14.5,0.49,2.05
20250801,2025-08,275,30.2,3.15,79.0,8.8,0.49,2.35
20250901,2025-09,275,19.8,2.06,79.0,20.6,0.49,2.55
20251001,2025-10,275,18.42,1.92,79.0,20.4,0.49,2.74
20251101,2025-11,275,17.63,1.84,79.0,11.8,0.49,2.92
20251201,2025-12,275,15.81,1.65,79.0,13.0,0.49,3.08
20250501,2025-05,276,45.25,9.43,84.8,21.7,0.13,1.73
20250601,2025-06,276,24.97,5.2,85.2,9.6,0.13,2.69
20250701,2025-07,276,6.96,1.45,77.6,8.2,0.13,2.96
20250801,2025-08,276,6.29,1.31,77.6,15.5,0.13,3.2
20250901,2025-09,276,5.65,1.18,77.6,9.9,0.13,3.41
20251001,2025-10,276,5.31,1.11,77.6,19.4,0.13,3.62
20251101,2025-11,276,3.93,0.82,77.6,23.3,0.13,3.77
20251201,2025-12,276,2.01,0.42,71.7,19.4,0.13,3.84
20240401,2024-04,277,351.33,36.6,91.7,18.7,0.9,1.95
20240501,2024-05,277,212.75,22.16,86.7,12.8,0.9,3.13
20240601,2024-06,277,67.68,7.05,79.4,14.5,0.9,3.51
20240701,2024-07,277,62.18,6.48,79.4,16.0,0.9,3.86
20240801,2024-08,277,51.77,5.39,79.4,15.7,0.9,4.14
20240901,2024-09,277,40.33,4.2,79.4,14.5,0.9,4.37
20241001,2024-10,277,40.94,4.26,79.4,12.8,0.9,4.59
20241101,2024-11,277,19.82,2.06,73.0,17.3,0.9,4.7
20241201,2024-12,277,19.28,2.01,73.0,21.0,0.9,4.81
20250101,2025-01,277,18.36,1.91,73.0,18.6,0.9,4.91
20250201,2025-02,277,19.31,2.01,73.0,19.8,0.9,5.02
20250301,2025-03,277,19.43,2.02,73.0,14.7,0.9,5.13
20250401,2025-04,277,20.5,2.14,73.0,10.3,0.9,5.24
20250501,2025-05,277,16.31,1.7,73.0,23.4,0.9,5.33
20250601,2025-06,277,17.95,1.87,73.0,16.7,0.9,5.43
20250701,2025-07,277,19.82,2.06,73.0,24.0,0.9,5.54
20250801,2025-08,277,19.13,1.99,73.0,19.4,0.9,5.65
20250901,2025-09,277,17.15,1.79,73.0,16.2,0.9,5.74
20251001,2025-10,277,18.42,1.92,73.0,11.6,0.9,5.85
20251101,2025-11,277,18.44,1.92,73.0,18.6,0.9,5.95
20251201,2025-12,277,20.47,2.13,73.0,11.1,0.9,6.06
20251001,2025-10,278,57.84,32.13,80.2,9.1,0.27,1.07
20251101,2025-11,278,29.2,16.22,79.9,21.3,0.27,1.62
20251201,2025-12,278,10.8,6.0,75.2,18.2,0.27,1.82
20221201,2022-12,279,28.24,2.21,81.4,20.7,0.24,0.59
20230101,2023-01,279,14.92,1.17,79.9,10.6,0.24,0.9
20230201,2023-02,279,6.23,0.49,74.0,23.3,0.24,1.03
20230301,2023-03,279,5.12,0.4,74.0,11.4,0.24,1.14
20230401,2023-04,279,4.93,0.39,74.0,22.3,0.24,1.24
20230501,2023-05,279,3.64,0.28,74.0,17.3,0.24,1.32
20230601,2023-06,279,2.74,0.21,74.0,14.7,0.24,1.38
20230701,2023-07,279,0.85,0.07,69.0,9.0,0.24,1.4
20230801,2023-08,279,1.06,0.08,69.0,12.1,0.24,1.42
20230901,2023-09,279,1.03,0.08,69.0,21.2,0.24,1.44
20231001,2023-10,279,0.9,0.07,69.0,13.9,0.24,1.46
20231101,2023-11,279,1.09,0.09,69.0,12.6,0.24,1.48
20231201,2023-12,279,1.08,0.08,69.0,20.5,0.24,1.5
20240101,2024-01,279,0.99,0.08,69.0,21.0,0.24,1.52
20240201,2024-02,279,0.96,0.07,69.0,8.3,0.24,1.54
20240301,2024-03,279,1.0,0.08,69.0,17.1,0.24,1.57
20240401,2024-04,279,0.99,0.08,69.0,19.1,0.24,1.59
20240501,2024-05,279,1.0,0.08,69.0,9.6,0.24,1.61
20240601,2024-06,279,0.92,0.07,69.0,10.1,0.24,1.63
20240701,2024-07,279,1.07,0.08,69.0,16.7,0.24,1.65
20240801,2024-08,279,0.88,0.07,69.0,15.5,0.24,1.67
20240901,2024-09,279,0.87,0.07,69.0,20.9,0.24,1.69
20241001,2024-10,279,1.11,0.09,69.0,22.7,0.24,1.71
20241101,2024-11,279,1.06,0.08,69.0,12.1,0.24,1.73
20241201,2024-12,279,0.94,0.07,69.0,19.2,0.24,1.75
20250101,2025-01,279,0.97,0.08,69.0,10.9,0.24,1.77
20250201,2025-02,279,0.94,0.07,69.0,8.7,0.24,1.79
20250301,2025-03,279,1.0,0.08,69.0,8.7,0.24,1.81
20250401,2025-04,279,1.08,0.08,69.0,16.4,0.24,1.83
20250501,2025-05,279,0.92,0.07,69.0,10.0,0.24,1.85
20250601,2025-06,279,1.04,0.08,69.0,13.8,0.24,1.87
20250701,2025-07,279,1.1,0.09,69.0,18.8,0.24,1.9
20250801,2025-08,279,0.97,0.08,69.0,12.3,0.24,1.92
20250901,2025-09,279,0.84,0.07,69.0,8.0,0.24,1.94
20251001,2025-10,279,1.07,0.08,69.0,20.7,0.24,1.96
20251101,2025-11,279,0.93,0.07,69.0,17.2,0.24,1.98
20251201,2025-12,279,1.0,0.08,69.0,21.4,0.0,2.0
20230501,2023-05,280,25.05,3.13,82.3,15.9,0.13,0.96
20230601,2023-06,280,11.52,1.44,81.3,17.5,0.13,1.4
20230701,2023-07,280,5.07,0.63,76.2,18.3,0.13,1.59
20230801,2023-08,280,4.34,0.54,76.2,23.1,0.13,1.76
20230901,2023-09,280,3.27,0.41,76.2,22.8,0.13,1.89
20231001,2023-10,280,3.37,0.42,76.2,17.4,0.13,2.02
20231101,2023-11,280,2.85,0.36,76.2,12.7,0.13,2.12
20231201,2023-12,280,0.87,0.11,70.7,10.6,0.13,2.16
20240101,2024-01,280,1.12,0.14,70.7,22.9,0.13,2.2
20240201,2024-02,280,0.88,0.11,70.7,12.8,0.13,2.23
20240301,2024-03,280,0.99,0.12,70.7,8.9,0.13,2.27
20240401,2024-04,280,0.96,0.12,70.7,11.4,0.13,2.31
20240501,2024-05,280,0.95,0.12,70.7,16.4,0.13,2.35
20240601,2024-06,280,0.91,0.11,70.7,23.1,0.13,2.38
20240701,2024-07,280,1.12,0.14,70.7,15.7,0.13,2.42
20240801,2024-08,280,0.86,0.11,70.7,12.7,0.13,2.46
20240901,2024-09,280,1.04,0.13,70.7,22.7,0.13,2.5
20241001,2024-10,280,1.12,0.14,70.7,13.0,0.13,2.54
20241101,2024-11,280,0.97,0.12,70.7,19.0,0.13,2.58
20241201,2024-12,280,1.1,0.14,70.7,14.9,0.13,2.62
20250101,2025-01,280,1.11,0.14,70.7,16.0,0.13,2.66
20250201,2025-02,280,1.02,0.13,70.7,16.5,0.13,2.7
20250301,2025-03,280,1.09,0.14,70.7,17.4,0.13,2.74
20250401,2025-04,280,1.04,0.13,70.7,19.3,0.13,2.78
20250501,2025-05,280,1.1,0.14,70.7,22.9,0.13,2.82
20250601,2025-06,280,0.86,0.11,70.7,22.1,0.13,2.86
20250701,2025-07,280,1.02,0.13,70.7,15.1,0.13,2.9
20250801,2025-08,280,0.95,0.12,70.7,10.3,0.13,2.93
20250901,2025-09,280,0.98,0.12,70.7,8.9,0.13,2.97
20251001,2025-10,280,1.11,0.14,70.7,20.6,0.13,3.01
20251101,2025-11,280,1.0,0.12,70.7,11.0,0.13,3.05
20251201,2025-12,280,0.93,0.12,70.7,18.4,0.13,3.09
20230301,2023-03,281,160.63,18.25,85.7,10.4,0.57,1.4
20230401,2023-04,281,81.88,9.3,81.6,15.7,0.57,2.12
20230501,2023-05,281,31.43,3.57,79.0,22.6,0.57,2.39
20230601,2023-06,281,25.35,2.88,79.0,11.0,0.57,2.62
20230701,2023-07,281,21.03,2.39,79.0,22.8,0.57,2.8
20230801,2023-08,281,21.25,2.41,79.0,10.0,0.57,2.98
20230901,2023-09,281,15.93,1.81,79.0,20.2,0.57,3.12
20231001,2023-10,281,8.01,0.91,72.8,8.4,0.57,3.19
20231101,2023-11,281,9.05,1.03,72.8,8.6,0.57,3.27
20231201,2023-12,281,8.06,0.92,72.8,8.0,0.57,3.34
20240101,2024-01,281,9.2,1.05,72.8,22.3,0.57,3.42
20240201,2024-02,281,7.09,0.81,72.8,21.3,0.57,3.49
20240301,2024-03,281,8.79,1.0,72.8,9.0,0.57,3.56
20240401,2024-04,281,8.84,1.0,72.8,17.2,0.57,3.64
20240501,2024-05,281,8.71,0.99,72.8,17.9,0.57,3.72
20240601,2024-06,281,8.65,0.98,72.8,11.1,0.57,3.79
20240701,2024-07,281,8.15,0.93,72.8,16.8,0.57,3.86
20240801,2024-08,281,7.73,0.88,72.8,23.2,0.57,3.93
20240901,2024-09,281,8.33,0.95,72.8,9.2,0.57,4.0
20241001,2024-10,281,7.98,0.91,72.8,8.6,0.57,4.07
20241101,2024-11,281,7.13,0.81,72.8,16.7,0.57,4.13
20241201,2024-12,281,7.36,0.84,72.8,18.9,0.57,4.2
20250101,2025-01,281,8.83,1.0,72.8,11.9,0.57,4.28
20250201,2025-02,281,7.35,0.84,72.8,23.6,0.57,4.34
20250301,2025-03,281,7.46,0.85,72.8,8.5,0.57,4.41
20250401,2025-04,281,8.34,0.95,72.8,21.9,0.57,4.48
20250501,2025-05,281,8.7,0.99,72.8,10.4,0.57,4.55
20250601,2025-06,281,8.71,0.99,72.8,9.0,0.57,4.63
20250701,2025-07,281,8.48,0.96,72.8,18.3,0.57,4.7
20250801,2025-08,281,7.19,0.82,72.8,14.7,0.57,4.77
20250901,2025-09,281,8.96,1.02,72.8,16.7,0.57,4.85
20251001,2025-10,281,7.38,0.84,72.8,22.6,0.57,4.91
20251101,2025-11,281,7.01,0.8,72.8,17.1,0.57,4.97
20251201,2025-12,281,8.9,1.01,72.8,15.8,0.57,5.05
20230401,2023-04,282,201.93,15.78,81.1,22.0,0.65,1.55
20230501,2023-05,282,93.24,7.28,82.8,10.8,0.65,2.26
20230601,2023-06,282,39.54,3.09,76.8,21.3,0.65,2.56
20230701,2023-07,282,26.39,2.06,76.8,17.6,0.65,2.77
20230801,2023-08,282,26.86,2.1,76.8,15.9,0.65,2.97
20230901,2023-09,282,24.98,1.95,76.8,17.6,0.65,3.16
20231001,2023-10,282,19.21,1.5,76.8,10.7,0.65,3.31
20231101,2023-11,282,8.31,0.65,71.1,20.6,0.65,3.37
20231201,2023-12,282,7.3,0.57,71.1,23.3,0.65,3.43
20240101,2024-01,282,8.3,0.65,71.1,16.0,0.65,3.49
20240201,2024-02,282,8.21,0.64,71.1,16.1,0.65,3.56
20240301,2024-03,282,8.29,0.65,71.1,21.0,0.65,3.62
20240401,2024-04,282,7.78,0.61,71.1,19.5,0.65,3.68
20240501,2024-05,282,6.65,0.52,71.1,8.3,0.65,3.73
20240601,2024-06,282,8.25,0.64,71.1,8.7,0.65,3.79
20240701,2024-07,282,7.0,0.55,71.1,21.0,0.65,3.85
20240801,2024-08,282,7.51,0.59,71.1,19.8,0.65,3.9
20240901,2024-09,282,8.49,0.66,71.1,19.3,0.65,3.97
20241001,2024-10,282,6.75,0.53,71.1,18.1,0.65,4.02
20241101,2024-11,282,8.52,0.67,71.1,10.7,0.65,4.09
20241201,2024-12,282,7.38,0.58,71.1,11.0,0.65,4.14
20250101,2025-01,282,7.63,0.6,71.1,22.6,0.65,4.2
20250201,2025-02,282,7.9,0.62,71.1,17.2,0.65,4.26
20250301,2025-03,282,7.78,0.61,71.1,21.1,0.65,4.32
20250401,2025-04,282,8.66,0.68,71.1,8.4,0.65,4.39
20250501,2025-05,282,8.24,0.64,71.1,15.4,0.65,4.45
20250601,2025-06,282,8.46,0.66,71.1,10.5,0.65,4.52
20250701,2025-07,282,8.83,0.69,71.1,21.4,0.65,4.58
20250801,2025-08,282,8.04,0.63,71.1,18.8,0.65,4.64
20250901,2025-09,282,7.53,0.59,71.1,22.4,0.65,4.7
20251001,2025-10,282,7.67,0.6,71.1,8.5,0.65,4.76
20251101,2025-11,282,6.63,0.52,71.1,8.5,0.65,4.81
20251201,2025-12,282,7.9,0.62,71.1,16.8,0.65,4.87
20240101,2024-01,283,63.33,9.9,86.0,12.7,0.31,1.04
20240201,2024-02,283,31.92,4.99,79.8,17.3,0.31,1.56
20240301,2024-03,283,12.74,1.99,75.2,23.0,0.31,1.77
20240401,2024-04,283,10.19,1.59,75.2,21.0,0.31,1.93
20240501,2024-05,283,9.84,1.54,75.2,22.6,0.31,2.09
20240601,2024-06,283,7.42,1.16,75.2,11.8,0.31,2.22
20240701,2024-07,283,6.72,1.05,75.2,21.1,0.31,2.33
20240801,2024-08,283,2.54,0.4,69.9,20.8,0.31,2.37
20240901,2024-09,283,2.19,0.34,69.9,14.4,0.31,2.4
20241001,2024-10,283,2.42,0.38,69.9,11.9,0.31,2.44
20241101,2024-11,283,2.56,0.4,69.9,23.9,0.31,2.49
20241201,2024-12,283,2.24,0.35,69.9,22.1,0.31,2.52
20250101,2025-01,283,2.54,0.4,69.9,11.9,0.31,2.56
20250201,2025-02,283,2.37,0.37,69.9,12.2,0.31,2.6
20250301,2025-03,283,2.61,0.41,69.9,15.6,0.31,2.64
20250401,2025-04,283,2.48,0.39,69.9,18.2,0.31,2.69
20250501,2025-05,283,2.4,0.37,69.9,13.1,0.31,2.72
20250601,2025-06,283,2.68,0.42,69.9,10.0,0.31,2.77
20250701,2025-07,283,2.41,0.38,69.9,10.0,0.31,2.81
20250801,2025-08,283,2.49,0.39,69.9,18.9,0.31,2.85
20250901,2025-09,283,2.59,0.4,69.9,23.0,0.31,2.89
20251001,2025-10,283,2.49,0.39,69.9,18.8,0.31,2.93
20251101,2025-11,283,2.04,0.32,69.9,12.9,0.31,2.97
20251201,2025-12,283,2.48,0.39,69.9,10.1,0.31,3.01
20240801,2024-08,284,77.23,13.79,82.8,17.1,0.27,1.42
20240901,2024-09,284,39.84,7.11,83.3,14.7,0.27,2.15
20241001,2024-10,284,15.3,2.73,77.0,16.6,0.27,2.43
20241101,2024-11,284,11.4,2.04,77.0,22.8,0.27,2.64
20241201,2024-12,284,12.47,2.23,77.0,16.8,0.27,2.87
20250101,2025-01,284,10.09,1.8,77.0,19.5,0.27,3.06
20250201,2025-02,284,9.21,1.64,77.0,8.6,0.27,3.22
20250301,2025-03,284,3.79,0.68,71.2,13.0,0.27,3.29
20250401,2025-04,284,3.52,0.63,71.2,12.8,0.27,3.36
20250501,2025-05,284,3.3,0.59,71.2,20.6,0.27,3.42
20250601,2025-06,284,3.56,0.64,71.2,10.9,0.27,3.48
20250701,2025-07,284,3.06,0.55,71.2,20.1,0.27,3.54
20250801,2025-08,284,3.8,0.68,71.2,19.1,0.27,3.61
20250901,2025-09,284,3.77,0.67,71.2,20.9,0.27,3.68
20251001,2025-10,284,3.25,0.58,71.2,18.3,0.27,3.74
20251101,2025-11,284,2.94,0.52,71.2,22.8,0.27,3.79
20251201,2025-12,284,3.08,0.55,71.2,9.0,0.27,3.85
20240301,2024-03,285,172.49,95.83,90.6,11.3,0.46,1.89
20240401,2024-04,285,102.56,56.98,87.1,18.2,0.46,3.02
20240501,2024-05,285,31.75,17.64,79.0,21.8,0.46,3.37
20240601,2024-06,285,26.7,14.83,79.0,14.0,0.46,3.66
20240701,2024-07,285,22.71,12.62,79.0,15.1,0.46,3.91
20240801,2024-08,285,19.54,10.86,79.0,15.6,0.46,4.12
20240901,2024-09,285,19.5,10.83,79.0,18.9,0.46,4.34
20241001,2024-10,285,9.4,5.22,72.8,18.1,0.46,4.44
20241101,2024-11,285,9.43,5.24,72.8,22.8,0.46,4.54
20241201,2024-12,285,8.69,4.83,72.8,17.9,0.46,4.64
20250101,2025-01,285,9.9,5.5,72.8,16.4,0.46,4.75
20250201,2025-02,285,9.46,5.26,72.8,17.6,0.46,4.85
20250301,2025-03,285,9.87,5.48,72.8,19.9,0.46,4.96
20250401,2025-04,285,9.59,5.33,72.8,22.7,0.46,5.07
20250501,2025-05,285,10.11,5.62,72.8,16.2,0.46,5.18
20250601,2025-06,285,9.86,5.48,72.8,21.3,0.46,5.29
20250701,2025-07,285,9.87,5.48,72.8,18.5,0.46,5.39
20250801,2025-08,285,9.08,5.04,72.8,17.6,0.46,5.49
20250901,2025-09,285,8.59,4.77,72.8,12.3,0.46,5.59
20251001,2025-10,285,8.69,4.83,72.8,9.5,0.46,5.68
20251101,2025-11,285,8.76,4.87,72.8,13.3,0.46,5.78
20251201,2025-12,285,7.55,4.19,72.8,21.4,0.46,5.86
20230701,2023-07,286,207.61,19.96,92.0,15.5,0.66,1.56
20230801,2023-08,286,125.13,12.03,78.1,23.5,0.66,2.51
20230901,2023-09,286,35.6,3.42,77.4,13.6,0.66,2.77
20231001,2023-10,286,31.79,3.06,77.4,16.1,0.66,3.01
20231101,2023-11,286,25.31,2.43,77.4,15.8,0.66,3.2
20231201,2023-12,286,27.84,2.68,77.4,8.6,0.66,3.41
20240101,2024-01,286,22.61,2.17,77.4,17.9,0.66,3.58
20240201,2024-02,286,8.1,0.78,71.5,15.9,0.66,3.65
20240301,2024-03,286,9.57,0.92,71.5,14.1,0.66,3.72
20240401,2024-04,286,8.52,0.82,71.5,14.6,0.66,3.78
20240501,2024-05,286,8.83,0.85,71.5,12.5,0.66,3.85
20240601,2024-06,286,8.59,0.83,71.5,23.7,0.66,3.91
20240701,2024-07,286,10.09,0.97,71.5,13.6,0.66,3.99
20240801,2024-08,286,7.87,0.76,71.5,15.6,0.66,4.05
20240901,2024-09,286,8.51,0.82,71.5,13.2,0.66,4.11
20241001,2024-10,286,10.26,0.99,71.5,15.5,0.66,4.19
20241101,2024-11,286,8.11,0.78,71.5,13.0,0.66,4.25
20241201,2024-12,286,8.05,0.77,71.5,16.2,0.66,4.31
20250101,2025-01,286,8.81,0.85,71.5,13.4,0.66,4.38
20250201,2025-02,286,9.66,0.93,71.5,19.6,0.66,4.45
20250301,2025-03,286,9.84,0.95,71.5,13.3,0.66,4.52
20250401,2025-04,286,7.83,0.75,71.5,23.9,0.66,4.58
20250501,2025-05,286,8.65,0.83,71.5,10.3,0.66,4.65
20250601,2025-06,286,9.95,0.96,71.5,11.2,0.66,4.72
20250701,2025-07,286,8.77,0.84,71.5,19.9,0.66,4.79
20250801,2025-08,286,10.27,0.99,71.5,18.9,0.66,4.87
20250901,2025-09,286,8.35,0.8,71.5,21.9,0.66,4.93
20251001,2025-10,286,8.31,0.8,71.5,12.4,0.66,4.99
20251101,2025-11,286,8.57,0.82,71.5,20.4,0.66,5.06
20251201,2025-12,286,10.24,0.98,71.5,17.7,0.66,5.13
20231001,2023-10,287,171.38,19.47,83.4,13.1,0.83,1.04
20231101,2023-11,287,116.57,13.25,82.6,21.7,0.83,1.74
20231201,2023-12,287,39.42,4.48,75.8,21.4,0.83,1.98
20240101,2024-01,287,35.56,4.04,75.8,10.6,0.83,2.19
20240201,2024-02,287,31.27,3.55,75.8,21.9,0.83,2.38
20240301,2024-03,287,20.57,2.34,75.8,20.0,0.83,2.51
20240401,2024-04,287,17.51,1.99,75.8,15.4,0.83,2.61
20240501,2024-05,287,8.65,0.98,70.3,15.9,0.83,2.66
20240601,2024-06,287,6.87,0.78,70.3,23.4,0.83,2.7
20240701,2024-07,287,7.35,0.84,70.3,15.8,0.83,2.75
20240801,2024-08,287,7.41,0.84,70.3,11.0,0.83,2.79
20240901,2024-09,287,6.68,0.76,70.3,16.4,0.83,2.83
20241001,2024-10,287,8.16,0.93,70.3,19.2,0.83,2.88
20241101,2024-11,287,6.68,0.76,70.3,20.5,0.83,2.92
20241201,2024-12,287,8.24,0.94,70.3,18.0,0.83,2.97
20250101,2025-01,287,8.45,0.96,70.3,20.7,0.83,3.02
20250201,2025-02,287,8.71,0.99,70.3,16.7,0.83,3.08
20250301,2025-03,287,6.76,0.77,70.3,12.1,0.83,3.12
20250401,2025-04,287,6.91,0.79,70.3,23.0,0.83,3.16
20250501,2025-05,287,8.51,0.97,70.3,9.2,0.83,3.21
20250601,2025-06,287,8.43,0.96,70.3,21.6,0.83,3.26
20250701,2025-07,287,8.38,0.95,70.3,9.6,0.83,3.31
20250801,2025-08,287,6.58,0.75,70.3,11.3,0.83,3.35
20250901,2025-09,287,6.74,0.77,70.3,11.6,0.83,3.39
20251001,2025-10,287,7.65,0.87,70.3,18.0,0.83,3.44
20251101,2025-11,287,7.85,0.89,70.3,15.5,0.83,3.49
20251201,2025-12,287,7.72,0.88,70.3,15.0,0.83,3.53
20230301,2023-03,288,16.41,9.12,86.0,11.3,0.12,0.7
20230401,2023-04,288,10.77,5.98,78.3,10.0,0.12,1.16
20230501,2023-05,288,3.46,1.92,75.4,23.8,0.12,1.31
20230601,2023-06,288,2.87,1.59,75.4,14.4,0.12,1.44
20230701,2023-07,288,2.7,1.5,75.4,11.7,0.12,1.55
20230801,2023-08,288,2.57,1.43,75.4,8.6,0.12,1.66
20230901,2023-09,288,1.83,1.02,75.4,11.1,0.12,1.74
20231001,2023-10,288,0.66,0.37,70.0,9.5,0.12,1.77
20231101,2023-11,288,0.64,0.36,70.0,23.7,0.12,1.8
20231201,2023-12,288,0.69,0.38,70.0,9.7,0.12,1.83
20240101,2024-01,288,0.71,0.39,70.0,19.8,0.12,1.86
20240201,2024-02,288,0.75,0.42,70.0,19.6,0.12,1.89
20240301,2024-03,288,0.66,0.37,70.0,10.5,0.12,1.92
20240401,2024-04,288,0.77,0.43,70.0,8.1,0.12,1.95
20240501,2024-05,288,0.63,0.35,70.0,14.3,0.12,1.98
20240601,2024-06,288,0.69,0.38,70.0,9.9,0.12,2.01
20240701,2024-07,288,0.79,0.44,70.0,15.6,0.12,2.04
20240801,2024-08,288,0.78,0.43,70.0,14.5,0.12,2.07
20240901,2024-09,288,0.69,0.38,70.0,15.1,0.12,2.1
20241001,2024-10,288,0.79,0.44,70.0,9.4,0.12,2.14
20241101,2024-11,288,0.65,0.36,70.0,9.3,0.12,2.16
20241201,2024-12,288,0.8,0.44,70.0,13.8,0.12,2.2
20250101,2025-01,288,0.73,0.41,70.0,11.9,0.12,2.23
20250201,2025-02,288,0.8,0.44,70.0,23.0,0.12,2.26
20250301,2025-03,288,0.81,0.45,70.0,21.6,0.12,2.3
20250401,2025-04,288,0.76,0.42,70.0,11.7,0.12,2.33
20250501,2025-05,288,0.65,0.36,70.0,17.0,0.12,2.36
20250601,2025-06,288,0.75,0.42,70.0,23.4,0.12,2.39
20250701,2025-07,288,0.66,0.37,70.0,19.8,0.12,2.42
20250801,2025-08,288,0.64,0.36,70.0,12.0,0.12,2.45
20250901,2025-09,288,0.77,0.43,70.0,15.9,0.12,2.48
20251001,2025-10,288,0.69,0.38,70.0,13.2,0.12,2.51
20251101,2025-11,288,0.69,0.38,70.0,17.3,0.12,2.54
20251201,2025-12,288,0.72,0.4,70.0,17.3,0.12,2.57
20231201,2023-12,289,27.54,15.3,89.7,19.2,0.14,1.01
20240101,2024-01,289,13.0,7.22,82.9,12.9,0.14,1.49
20240201,2024-02,289,4.5,2.5,76.2,22.7,0.14,1.65
20240301,2024-03,289,4.53,2.52,76.2,15.3,0.14,1.82
20240401,2024-04,289,3.73,2.07,76.2,14.3,0.14,1.96
20240501,2024-05,289,3.26,1.81,76.2,13.7,0.14,2.08
20240601,2024-06,289,3.0,1.67,76.2,19.0,0.14,2.19
20240701,2024-07,289,1.05,0.58,70.7,9.0,0.14,2.23
20240801,2024-08,289,0.93,0.52,70.7,20.5,0.14,2.26
20240901,2024-09,289,1.08,0.6,70.7,18.8,0.14,2.3
20241001,2024-10,289,0.95,0.53,70.7,16.8,0.14,2.34
20241101,2024-11,289,1.14,0.63,70.7,22.2,0.14,2.38
20241201,2024-12,289,1.05,0.58,70.7,18.9,0.14,2.42
20250101,2025-01,289,1.06,0.59,70.7,14.5,0.14,2.45
20250201,2025-02,289,1.15,0.64,70.7,10.7,0.14,2.5
20250301,2025-03,289,0.89,0.49,70.7,8.8,0.14,2.53
20250401,2025-04,289,0.96,0.53,70.7,9.1,0.14,2.56
20250501,2025-05,289,0.95,0.53,70.7,23.4,0.14,2.6
20250601,2025-06,289,0.94,0.52,70.7,9.4,0.14,2.63
20250701,2025-07,289,0.89,0.49,70.7,19.2,0.14,2.67
20250801,2025-08,289,1.03,0.57,70.7,15.8,0.14,2.7
20250901,2025-09,289,1.0,0.56,70.7,8.8,0.14,2.74
20251001,2025-10,289,0.88,0.49,70.7,22.1,0.14,2.77
20251101,2025-11,289,1.14,0.63,70.7,20.3,0.14,2.82
20251201,2025-12,289,0.97,0.54,70.7,21.1,0.14,2.85
20210701,2021-07,290,339.18,32.61,92.0,22.0,0.71,2.39
20210801,2021-08,290,203.19,19.54,87.8,12.3,0.71,3.83
20210901,2021-09,290,68.59,6.6,80.8,8.5,0.71,4.31
20211001,2021-10,290,52.96,5.09,80.8,14.9,0.71,4.69
20211101,2021-11,290,48.33,4.65,80.8,12.3,0.71,5.03
20211201,2021-12,290,35.66,3.43,80.8,19.1,0.71,5.28
20220101,2022-01,290,32.14,3.09,80.8,8.9,0.71,5.51
20220201,2022-02,290,20.82,2.0,74.1,19.6,0.71,5.65
20220301,2022-03,290,16.88,1.62,74.1,11.1,0.71,5.77
20220401,2022-04,290,16.72,1.61,74.1,15.7,0.71,5.89
20220501,2022-05,290,19.8,1.9,74.1,19.2,0.71,6.03
20220601,2022-06,290,20.42,1.96,74.1,10.2,0.71,6.17
20220701,2022-07,290,19.87,1.91,74.1,18.1,0.71,6.31
20220801,2022-08,290,16.6,1.6,74.1,17.8,0.71,6.43
20220901,2022-09,290,20.37,1.96,74.1,13.9,0.71,6.58
20221001,2022-10,290,22.28,2.14,74.1,17.3,0.71,6.73
20221101,2022-11,290,17.09,1.64,74.1,13.7,0.71,6.85
20221201,2022-12,290,19.8,1.9,74.1,22.6,0.71,6.99
20230101,2023-01,290,20.15,1.94,74.1,21.0,0.71,7.14
20230201,2023-02,290,19.02,1.83,74.1,17.9,0.71,7.27
20230301,2023-03,290,17.02,1.64,74.1,11.2,0.71,7.39
20230401,2023-04,290,17.38,1.67,74.1,23.5,0.71,7.51
20230501,2023-05,290,17.27,1.66,74.1,10.1,0.71,7.63
20230601,2023-06,290,18.59,1.79,74.1,9.4,0.71,7.77
20230701,2023-07,290,19.07,1.83,74.1,23.2,0.71,7.9
20230801,2023-08,290,20.53,1.97,74.1,23.4,0.71,8.05
20230901,2023-09,290,21.99,2.11,74.1,11.1,0.71,8.2
20231001,2023-10,290,20.43,1.96,74.1,14.7,0.71,8.34
20231101,2023-11,290,19.8,1.9,74.1,18.7,0.71,8.48
20231201,2023-12,290,22.41,2.15,74.1,8.6,0.71,8.64
20240101,2024-01,290,17.32,1.67,74.1,11.8,0.71,8.76
20240201,2024-02,290,19.48,1.87,74.1,17.2,0.71,8.9
20240301,2024-03,290,18.98,1.82,74.1,15.3,0.71,9.04
20240401,2024-04,290,19.89,1.91,74.1,13.1,0.71,9.18
20240501,2024-05,290,19.4,1.87,74.1,22.2,0.71,9.31
20240601,2024-06,290,21.21,2.04,74.1,10.2,0.71,9.46
20240701,2024-07,290,17.59,1.69,74.1,8.3,0.0,9.59
20240801,2024-08,290,19.39,1.86,74.1,20.4,0.0,9.72
20240901,2024-09,290,17.3,1.66,74.1,14.4,0.0,9.85
20241001,2024-10,290,18.16,1.75,74.1,23.4,0.0,9.97
20241101,2024-11,290,17.3,1.66,74.1,16.6,0.0,10.1
20241201,2024-12,290,16.62,1.6,74.1,13.1,0.0,10.21
20250101,2025-01,290,19.72,1.9,74.1,16.7,0.0,10.35
20250201,2025-02,290,17.97,1.73,74.1,12.0,0.0,10.48
20250301,2025-03,290,21.23,2.04,74.1,10.9,0.0,10.63
20250401,2025-04,290,21.7,2.09,74.1,19.2,0.0,10.78
20250501,2025-05,290,20.23,1.95,74.1,10.9,0.0,10.93
20250601,2025-06,290,17.26,1.66,74.1,15.3,0.0,11.05
20250701,2025-07,290,17.05,1.64,74.1,15.2,0.0,11.17
20250801,2025-08,290,17.49,1.68,74.1,10.6,0.0,11.29
20250901,2025-09,290,17.34,1.67,74.1,10.7,0.0,11.41
20251001,2025-10,290,19.48,1.87,74.1,22.6,0.0,11.55
20251101,2025-11,290,20.49,1.97,74.1,14.0,0.0,11.7
20251201,2025-12,290,19.18,1.84,74.1,20.5,0.0,11.83
20231101,2023-11,291,23.05,2.4,76.0,22.0,0.34,0.34
20231201,2023-12,291,15.86,1.65,78.5,23.7,0.34,0.57
20240101,2024-01,291,5.08,0.53,70.4,10.4,0.34,0.64
20240201,2024-02,291,4.06,0.42,70.4,9.2,0.34,0.7
20240301,2024-03,291,4.21,0.44,70.4,16.9,0.34,0.76
20240401,2024-04,291,3.35,0.35,70.4,18.0,0.34,0.81
20240501,2024-05,291,2.55,0.27,70.4,14.9,0.34,0.85
20240601,2024-06,291,0.5,0.05,66.3,21.6,0.34,0.86
20240701,2024-07,291,0.52,0.05,66.3,18.3,0.34,0.87
20240801,2024-08,291,0.51,0.05,66.3,11.7,0.34,0.87
20240901,2024-09,291,0.45,0.05,66.3,22.3,0.34,0.88
20241001,2024-10,291,0.49,0.05,66.3,19.1,0.34,0.89
20241101,2024-11,291,0.44,0.05,66.3,13.1,0.34,0.89
20241201,2024-12,291,0.53,0.06,66.3,10.6,0.34,0.9
20250101,2025-01,291,0.52,0.05,66.3,13.3,0.34,0.91
20250201,2025-02,291,0.51,0.05,66.3,17.0,0.34,0.92
20250301,2025-03,291,0.53,0.06,66.3,18.3,0.34,0.92
20250401,2025-04,291,0.5,0.05,66.3,13.4,0.34,0.93
20250501,2025-05,291,0.53,0.06,66.3,18.9,0.34,0.94
20250601,2025-06,291,0.46,0.05,66.3,10.8,0.34,0.95
20250701,2025-07,291,0.43,0.04,66.3,18.4,0.34,0.95
20250801,2025-08,291,0.45,0.05,66.3,18.6,0.34,0.96
20250901,2025-09,291,0.54,0.06,66.3,17.4,0.34,0.97
20251001,2025-10,291,0.55,0.06,66.3,16.6,0.34,0.97
20251101,2025-11,291,0.5,0.05,66.3,16.0,0.34,0.98
20251201,2025-12,291,0.42,0.04,66.3,22.3,0.34,0.99
20220401,2022-04,292,114.55,15.91,88.5,9.4,0.79,0.73
20220501,2022-05,292,79.82,11.09,73.9,9.0,0.79,1.24
20220601,2022-06,292,25.6,3.56,75.6,12.1,0.79,1.4
20220701,2022-07,292,21.82,3.03,75.6,14.2,0.79,1.54
20220801,2022-08,292,20.79,2.89,75.6,17.0,0.79,1.67
20220901,2022-09,292,15.4,2.14,75.6,9.6,0.79,1.77
20221001,2022-10,292,11.82,1.64,75.6,13.6,0.79,1.84
20221101,2022-11,292,4.85,0.67,70.2,15.0,0.79,1.87
20221201,2022-12,292,5.37,0.75,70.2,17.1,0.79,1.91
20230101,2023-01,292,4.95,0.69,70.2,19.6,0.79,1.94
20230201,2023-02,292,5.59,0.78,70.2,10.0,0.79,1.98
20230301,2023-03,292,4.86,0.68,70.2,20.0,0.79,2.01
20230401,2023-04,292,5.57,0.77,70.2,12.3,0.79,2.04
20230501,2023-05,292,5.38,0.75,70.2,23.2,0.79,2.08
20230601,2023-06,292,5.18,0.72,70.2,18.6,0.79,2.11
20230701,2023-07,292,4.54,0.63,70.2,21.4,0.79,2.14
20230801,2023-08,292,5.1,0.71,70.2,13.3,0.79,2.17
20230901,2023-09,292,5.13,0.71,70.2,8.2,0.79,2.2
20231001,2023-10,292,5.0,0.69,70.2,20.9,0.79,2.23
20231101,2023-11,292,4.71,0.65,70.2,22.0,0.79,2.26
20231201,2023-12,292,5.68,0.79,70.2,23.6,0.79,2.3
20240101,2024-01,292,4.33,0.6,70.2,10.2,0.79,2.33
20240201,2024-02,292,4.67,0.65,70.2,12.6,0.79,2.36
20240301,2024-03,292,4.9,0.68,70.2,18.5,0.79,2.39
20240401,2024-04,292,4.53,0.63,70.2,8.5,0.79,2.42
20240501,2024-05,292,4.53,0.63,70.2,10.5,0.79,2.45
20240601,2024-06,292,5.5,0.76,70.2,10.4,0.79,2.48
20240701,2024-07,292,4.81,0.67,70.2,22.5,0.79,2.51
20240801,2024-08,292,5.35,0.74,70.2,20.6,0.79,2.55
20240901,2024-09,292,5.02,0.7,70.2,13.1,0.79,2.58
20241001,2024-10,292,5.48,0.76,70.2,20.1,0.79,2.61
20241101,2024-11,292,5.14,0.71,70.2,10.8,0.79,2.65
20241201,2024-12,292,5.03,0.7,70.2,18.8,0.79,2.68
20250101,2025-01,292,5.08,0.71,70.2,23.6,0.79,2.71
20250201,2025-02,292,5.09,0.71,70.2,17.6,0.79,2.74
20250301,2025-03,292,4.4,0.61,70.2,8.9,0.79,2.77
20250401,2025-04,292,5.58,0.78,70.2,9.1,0.0,2.81
20250501,2025-05,292,4.98,0.69,70.2,14.5,0.0,2.84
20250601,2025-06,292,5.77,0.8,70.2,22.1,0.0,2.87
20250701,2025-07,292,4.95,0.69,70.2,8.5,0.0,2.91
20250801,2025-08,292,5.3,0.74,70.2,9.7,0.0,2.94
20250901,2025-09,292,4.73,0.66,70.2,15.8,0.0,2.97
20251001,2025-10,292,4.42,0.61,70.2,12.3,0.0,3.0
20251101,2025-11,292,5.4,0.75,70.2,14.0,0.0,3.03
20251201,2025-12,292,5.22,0.72,70.2,19.8,0.0,3.07
20210401,2021-04,293,21.22,11.79,84.2,20.6,0.06,1.91
20210501,2021-05,293,11.35,6.31,84.4,19.0,0.06,2.93
20210601,2021-06,293,4.25,2.36,78.4,12.3,0.06,3.31
20210701,2021-07,293,2.81,1.56,78.4,18.8,0.06,3.57
20210801,2021-08,293,3.13,1.74,78.4,14.4,0.06,3.85
20210901,2021-09,293,2.5,1.39,78.4,20.8,0.06,4.07
20211001,2021-10,293,1.99,1.11,78.4,10.5,0.06,4.25
20211101,2021-11,293,0.96,0.53,72.3,18.4,0.06,4.34
20211201,2021-12,293,1.0,0.56,72.3,10.4,0.06,4.43
20220101,2022-01,293,1.05,0.58,72.3,23.9,0.06,4.52
20220201,2022-02,293,0.86,0.48,72.3,16.6,0.06,4.6
20220301,2022-03,293,0.82,0.46,72.3,16.0,0.06,4.67
20220401,2022-04,293,1.08,0.6,72.3,13.7,0.06,4.77
20220501,2022-05,293,1.04,0.58,72.3,23.8,0.06,4.87
20220601,2022-06,293,1.0,0.56,72.3,11.0,0.06,4.96
20220701,2022-07,293,1.07,0.59,72.3,17.8,0.06,5.05
20220801,2022-08,293,0.96,0.53,72.3,9.7,0.06,5.14
20220901,2022-09,293,0.82,0.46,72.3,22.0,0.06,5.21
20221001,2022-10,293,1.08,0.6,72.3,14.8,0.06,5.31
20221101,2022-11,293,0.99,0.55,72.3,12.3,0.06,5.4
20221201,2022-12,293,1.08,0.6,72.3,18.6,0.06,5.5
20230101,2023-01,293,1.08,0.6,72.3,17.4,0.06,5.59
20230201,2023-02,293,1.0,0.56,72.3,11.5,0.06,5.68
20230301,2023-03,293,1.07,0.59,72.3,9.6,0.06,5.78
20230401,2023-04,293,0.98,0.54,72.3,15.2,0.06,5.87
20230501,2023-05,293,1.01,0.56,72.3,22.0,0.06,5.96
20230601,2023-06,293,1.08,0.6,72.3,23.0,0.06,6.06
20230701,2023-07,293,0.92,0.51,72.3,23.8,0.06,6.14
20230801,2023-08,293,1.07,0.59,72.3,16.3,0.06,6.23
20230901,2023-09,293,0.83,0.46,72.3,16.4,0.06,6.31
20231001,2023-10,293,0.86,0.48,72.3,8.7,0.06,6.39
20231101,2023-11,293,0.97,0.54,72.3,22.4,0.06,6.47
20231201,2023-12,293,1.01,0.56,72.3,23.0,0.06,6.56
20240101,2024-01,293,0.87,0.48,72.3,21.2,0.06,6.64
20240201,2024-02,293,1.03,0.57,72.3,13.3,0.06,6.74
20240301,2024-03,293,0.93,0.52,72.3,10.7,0.06,6.82
20240401,2024-04,293,1.08,0.6,72.3,9.4,0.0,6.92
20240501,2024-05,293,1.04,0.58,72.3,22.4,0.0,7.01
20240601,2024-06,293,0.86,0.48,72.3,21.1,0.0,7.09
20240701,2024-07,293,1.01,0.56,72.3,22.5,0.0,7.18
20240801,2024-08,293,0.87,0.48,72.3,20.9,0.0,7.26
20240901,2024-09,293,0.84,0.47,72.3,23.6,0.0,7.33
20241001,2024-10,293,0.85,0.47,72.3,21.8,0.0,7.41
20241101,2024-11,293,0.86,0.48,72.3,9.2,0.0,7.49
20241201,2024-12,293,0.81,0.45,72.3,12.4,0.0,7.56
20250101,2025-01,293,0.88,0.49,72.3,16.9,0.0,7.64
20250201,2025-02,293,0.99,0.55,72.3,13.1,0.0,7.73
20250301,2025-03,293,0.82,0.46,72.3,10.8,0.0,7.8
20250401,2025-04,293,1.09,0.61,72.3,17.3,0.0,7.9
20250501,2025-05,293,0.91,0.51,72.3,12.9,0.0,7.98
20250601,2025-06,293,0.89,0.49,72.3,10.0,0.0,8.06
20250701,2025-07,293,0.99,0.55,72.3,14.7,0.0,8.15
20250801,2025-08,293,1.03,0.57,72.3,21.1,0.0,8.24
20250901,2025-09,293,1.09,0.61,72.3,23.4,0.0,8.34
20251001,2025-10,293,0.94,0.52,72.3,22.4,0.0,8.43
20251101,2025-11,293,0.97,0.54,72.3,11.2,0.0,8.51
20251201,2025-12,293,0.97,0.54,72.3,10.9,0.0,8.6
20210301,2021-03,294,270.03,28.13,87.6,22.0,1.01,1.33
20210401,2021-04,294,145.58,15.16,85.1,13.8,1.01,2.05
20210501,2021-05,294,46.87,4.88,76.0,23.2,1.01,2.28
20210601,2021-06,294,40.13,4.18,76.0,9.9,1.01,2.48
20210701,2021-07,294,31.36,3.27,76.0,16.4,1.01,2.63
20210801,2021-08,294,32.84,3.42,76.0,18.4,1.01,2.8
20210901,2021-09,294,23.1,2.41,76.0,22.2,1.01,2.91
20211001,2021-10,294,9.48,0.99,70.5,13.3,1.01,2.96
20211101,2021-11,294,10.88,1.13,70.5,18.8,1.01,3.01
20211201,2021-12,294,10.4,1.08,70.5,15.6,1.01,3.06
20220101,2022-01,294,10.1,1.05,70.5,14.3,1.01,3.11
20220201,2022-02,294,10.03,1.04,70.5,14.6,1.01,3.16
20220301,2022-03,294,9.68,1.01,70.5,13.2,1.01,3.21
20220401,2022-04,294,9.12,0.95,70.5,17.4,1.01,3.25
20220501,2022-05,294,10.64,1.11,70.5,18.5,1.01,3.31
20220601,2022-06,294,9.26,0.96,70.5,8.5,1.01,3.35
20220701,2022-07,294,8.98,0.94,70.5,19.6,1.01,3.4
20220801,2022-08,294,10.93,1.14,70.5,22.3,1.01,3.45
20220901,2022-09,294,10.85,1.13,70.5,11.0,1.01,3.5
20221001,2022-10,294,10.76,1.12,70.5,15.3,1.01,3.56
20221101,2022-11,294,10.28,1.07,70.5,10.6,1.01,3.61
20221201,2022-12,294,9.69,1.01,70.5,11.4,1.01,3.65
20230101,2023-01,294,10.47,1.09,70.5,21.5,1.01,3.71
20230201,2023-02,294,9.23,0.96,70.5,18.4,1.01,3.75
20230301,2023-03,294,11.27,1.17,70.5,19.1,1.01,3.81
20230401,2023-04,294,10.42,1.09,70.5,14.4,1.01,3.86
20230501,2023-05,294,10.56,1.1,70.5,13.6,1.01,3.91
20230601,2023-06,294,10.69,1.11,70.5,12.8,1.01,3.96
20230701,2023-07,294,8.72,0.91,70.5,19.1,1.01,4.01
20230801,2023-08,294,10.28,1.07,70.5,17.2,1.01,4.06
20230901,2023-09,294,10.09,1.05,70.5,23.2,1.01,4.11
20231001,2023-10,294,10.18,1.06,70.5,21.2,1.01,4.16
20231101,2023-11,294,8.91,0.93,70.5,14.5,1.01,4.2
20231201,2023-12,294,8.97,0.93,70.5,16.5,1.01,4.24
20240101,2024-01,294,10.37,1.08,70.5,14.7,1.01,4.3
20240201,2024-02,294,9.15,0.95,70.5,21.9,1.01,4.34
20240301,2024-03,294,9.46,0.99,70.5,20.1,0.0,4.39
20240401,2024-04,294,10.04,1.05,70.5,16.0,0.0,4.44
20240501,2024-05,294,8.89,0.93,70.5,21.2,0.0,4.48
20240601,2024-06,294,10.69,1.11,70.5,23.1,0.0,4.53
20240701,2024-07,294,10.32,1.07,70.5,8.6,0.0,4.58
20240801,2024-08,294,9.65,1.01,70.5,8.5,0.0,4.63
20240901,2024-09,294,8.5,0.89,70.5,22.1,0.0,4.67
20241001,2024-10,294,8.63,0.9,70.5,18.4,0.0,4.72
20241101,2024-11,294,10.48,1.09,70.5,10.8,0.0,4.77
20241201,2024-12,294,8.39,0.87,70.5,18.5,0.0,4.81
20250101,2025-01,294,8.69,0.91,70.5,12.7,0.0,4.85
20250201,2025-02,294,9.72,1.01,70.5,14.5,0.0,4.9
20250301,2025-03,294,8.69,0.91,70.5,22.1,0.0,4.94
20250401,2025-04,294,10.88,1.13,70.5,18.6,0.0,5.0
20250501,2025-05,294,8.59,0.89,70.5,9.1,0.0,5.04
20250601,2025-06,294,8.86,0.92,70.5,13.4,0.0,5.08
20250701,2025-07,294,10.43,1.09,70.5,8.9,0.0,5.13
20250801,2025-08,294,11.15,1.16,70.5,10.3,0.0,5.19
20250901,2025-09,294,9.24,0.96,70.5,14.4,0.0,5.24
20251001,2025-10,294,10.85,1.13,70.5,16.5,0.0,5.29
20251101,2025-11,294,10.41,1.08,70.5,8.7,0.0,5.34
20251201,2025-12,294,8.96,0.93,70.5,11.6,0.0,5.38
20220501,2022-05,295,38.06,3.17,87.1,20.9,0.19,0.98
20220601,2022-06,295,20.61,1.72,75.4,12.6,0.19,1.51
20220701,2022-07,295,6.62,0.55,74.0,12.1,0.19,1.68
20220801,2022-08,295,6.22,0.52,74.0,10.8,0.19,1.84
20220901,2022-09,295,5.21,0.43,74.0,10.0,0.19,1.97
20221001,2022-10,295,4.08,0.34,74.0,9.8,0.19,2.08
20221101,2022-11,295,3.87,0.32,74.0,16.6,0.19,2.18
20221201,2022-12,295,1.0,0.08,69.0,16.8,0.19,2.2
20230101,2023-01,295,1.18,0.1,69.0,23.2,0.19,2.23
20230201,2023-02,295,1.17,0.1,69.0,12.1,0.19,2.26
20230301,2023-03,295,0.96,0.08,69.0,22.5,0.19,2.29
20230401,2023-04,295,1.08,0.09,69.0,12.5,0.19,2.32
20230501,2023-05,295,1.2,0.1,69.0,12.1,0.19,2.35
20230601,2023-06,295,0.94,0.08,69.0,19.4,0.19,2.37
20230701,2023-07,295,0.93,0.08,69.0,15.5,0.19,2.39
20230801,2023-08,295,1.1,0.09,69.0,9.8,0.19,2.42
20230901,2023-09,295,1.04,0.09,69.0,24.0,0.19,2.45
20231001,2023-10,295,0.95,0.08,69.0,8.6,0.19,2.47
20231101,2023-11,295,0.94,0.08,69.0,18.5,0.19,2.5
20231201,2023-12,295,0.94,0.08,69.0,9.4,0.19,2.52
20240101,2024-01,295,1.12,0.09,69.0,12.9,0.19,2.55
20240201,2024-02,295,1.0,0.08,69.0,10.7,0.19,2.58
20240301,2024-03,295,0.98,0.08,69.0,9.0,0.19,2.6
20240401,2024-04,295,1.09,0.09,69.0,11.1,0.19,2.63
20240501,2024-05,295,1.19,0.1,69.0,8.0,0.19,2.66
20240601,2024-06,295,1.08,0.09,69.0,9.8,0.19,2.69
20240701,2024-07,295,1.01,0.08,69.0,20.5,0.19,2.71
20240801,2024-08,295,1.13,0.09,69.0,23.5,0.19,2.74
20240901,2024-09,295,1.21,0.1,69.0,10.0,0.19,2.77
20241001,2024-10,295,1.19,0.1,69.0,14.6,0.19,2.81
20241101,2024-11,295,1.07,0.09,69.0,18.5,0.19,2.83
20241201,2024-12,295,0.94,0.08,69.0,11.6,0.19,2.86
20250101,2025-01,295,1.12,0.09,69.0,20.7,0.19,2.89
20250201,2025-02,295,0.99,0.08,69.0,9.7,0.19,2.91
20250301,2025-03,295,1.09,0.09,69.0,10.3,0.19,2.94
20250401,2025-04,295,1.06,0.09,69.0,9.2,0.19,2.97
20250501,2025-05,295,1.06,0.09,69.0,17.1,0.0,2.99
20250601,2025-06,295,1.18,0.1,69.0,9.0,0.0,3.02
20250701,2025-07,295,1.04,0.09,69.0,9.3,0.0,3.05
20250801,2025-08,295,1.09,0.09,69.0,9.8,0.0,3.08
20250901,2025-09,295,1.07,0.09,69.0,18.4,0.0,3.11
20251001,2025-10,295,1.12,0.09,69.0,15.7,0.0,3.14
20251101,2025-11,295,0.94,0.08,69.0,20.6,0.0,3.16
20251201,2025-12,295,1.05,0.09,69.0,16.3,0.0,3.19
20230301,2023-03,296,631.25,350.69,82.0,16.5,1.84,1.72
20230401,2023-04,296,306.88,170.49,78.5,22.7,1.84,2.55
20230501,2023-05,296,103.97,57.76,78.0,17.6,1.84,2.84
20230601,2023-06,296,107.01,59.45,78.0,16.6,1.84,3.13
20230701,2023-07,296,73.85,41.03,78.0,23.8,1.84,3.33
20230801,2023-08,296,64.63,35.91,78.0,10.5,1.84,3.51
20230901,2023-09,296,70.71,39.28,78.0,18.2,1.84,3.7
20231001,2023-10,296,31.15,17.31,72.0,13.1,1.84,3.78
20231101,2023-11,296,31.36,17.42,72.0,15.0,1.84,3.87
20231201,2023-12,296,32.03,17.79,72.0,15.3,1.84,3.96
20240101,2024-01,296,30.29,16.83,72.0,23.0,1.84,4.04
20240201,2024-02,296,25.01,13.89,72.0,11.8,1.84,4.11
20240301,2024-03,296,25.73,14.29,72.0,15.7,1.84,4.18
20240401,2024-04,296,27.64,15.36,72.0,8.1,1.84,4.25
20240501,2024-05,296,26.81,14.89,72.0,12.9,1.84,4.33
20240601,2024-06,296,30.1,16.72,72.0,22.5,1.84,4.41
20240701,2024-07,296,31.13,17.29,72.0,18.7,1.84,4.49
20240801,2024-08,296,29.7,16.5,72.0,23.8,1.84,4.57
20240901,2024-09,296,32.14,17.86,72.0,12.6,1.84,4.66
20241001,2024-10,296,30.48,16.93,72.0,23.9,1.84,4.74
20241101,2024-11,296,25.98,14.43,72.0,17.7,1.84,4.81
20241201,2024-12,296,31.04,17.24,72.0,10.9,1.84,4.9
20250101,2025-01,296,28.4,15.78,72.0,15.6,1.84,4.98
20250201,2025-02,296,29.55,16.42,72.0,8.7,1.84,5.06
20250301,2025-03,296,28.22,15.68,72.0,8.5,1.84,5.13
20250401,2025-04,296,29.19,16.22,72.0,12.6,1.84,5.21
20250501,2025-05,296,26.47,14.71,72.0,19.8,1.84,5.28
20250601,2025-06,296,31.29,17.38,72.0,19.7,1.84,5.37
20250701,2025-07,296,27.01,15.01,72.0,21.1,1.84,5.44
20250801,2025-08,296,24.55,13.64,72.0,20.2,1.84,5.51
20250901,2025-09,296,25.92,14.4,72.0,10.6,1.84,5.58
20251001,2025-10,296,25.91,14.39,72.0,21.8,1.84,5.65
20251101,2025-11,296,27.56,15.31,72.0,12.7,1.84,5.73
20251201,2025-12,296,31.55,17.53,72.0,14.2,1.84,5.81
20220101,2022-01,297,37.6,7.83,87.5,9.2,0.13,1.47
20220201,2022-02,297,20.91,4.36,88.7,8.5,0.13,2.29
20220301,2022-03,297,8.0,1.67,77.6,23.7,0.13,2.6
20220401,2022-04,297,7.53,1.57,77.6,17.8,0.13,2.9
20220501,2022-05,297,5.42,1.13,77.6,16.6,0.13,3.11
20220601,2022-06,297,4.82,1.0,77.6,8.5,0.13,3.3
20220701,2022-07,297,4.0,0.83,77.6,8.3,0.13,3.45
20220801,2022-08,297,2.02,0.42,71.7,17.2,0.13,3.53
20220901,2022-09,297,1.79,0.37,71.7,11.0,0.13,3.6
20221001,2022-10,297,2.04,0.42,71.7,18.7,0.13,3.68
20221101,2022-11,297,2.04,0.42,71.7,19.0,0.13,3.76
20221201,2022-12,297,2.05,0.43,71.7,13.2,0.13,3.84
20230101,2023-01,297,1.93,0.4,71.7,9.0,0.13,3.92
20230201,2023-02,297,1.57,0.33,71.7,12.6,0.13,3.98
20230301,2023-03,297,1.97,0.41,71.7,10.4,0.13,4.06
20230401,2023-04,297,1.98,0.41,71.7,9.4,0.13,4.13
20230501,2023-05,297,1.57,0.33,71.7,15.3,0.13,4.2
20230601,2023-06,297,1.64,0.34,71.7,11.1,0.13,4.26
20230701,2023-07,297,1.85,0.39,71.7,20.6,0.13,4.33
20230801,2023-08,297,2.04,0.42,71.7,17.9,0.13,4.41
20230901,2023-09,297,1.74,0.36,71.7,23.1,0.13,4.48
20231001,2023-10,297,2.03,0.42,71.7,22.0,0.13,4.56
20231101,2023-11,297,1.93,0.4,71.7,13.3,0.13,4.64
20231201,2023-12,297,1.83,0.38,71.7,17.2,0.13,4.71
20240101,2024-01,297,2.1,0.44,71.7,21.8,0.13,4.79
20240201,2024-02,297,1.99,0.41,71.7,19.2,0.13,4.87
20240301,2024-03,297,1.57,0.33,71.7,9.2,0.13,4.93
20240401,2024-04,297,1.6,0.33,71.7,17.8,0.13,4.99
20240501,2024-05,297,1.97,0.41,71.7,15.5,0.13,5.07
20240601,2024-06,297,1.76,0.37,71.7,10.1,0.13,5.14
20240701,2024-07,297,2.04,0.42,71.7,18.7,0.13,5.22
20240801,2024-08,297,2.03,0.42,71.7,8.4,0.13,5.3
20240901,2024-09,297,1.84,0.38,71.7,12.6,0.13,5.37
20241001,2024-10,297,1.61,0.34,71.7,8.8,0.13,5.43
20241101,2024-11,297,2.03,0.42,71.7,17.5,0.13,5.51
20241201,2024-12,297,1.68,0.35,71.7,19.1,0.13,5.58
20250101,2025-01,297,1.92,0.4,71.7,17.7,0.0,5.65
20250201,2025-02,297,1.78,0.37,71.7,20.8,0.0,5.72
20250301,2025-03,297,1.7,0.35,71.7,10.8,0.0,5.79
20250401,2025-04,297,1.83,0.38,71.7,22.8,0.0,5.86
20250501,2025-05,297,1.93,0.4,71.7,8.8,0.0,5.94
20250601,2025-06,297,1.93,0.4,71.7,13.2,0.0,6.01
20250701,2025-07,297,1.92,0.4,71.7,9.8,0.0,6.09
20250801,2025-08,297,1.78,0.37,71.7,11.0,0.0,6.16
20250901,2025-09,297,1.79,0.37,71.7,19.3,0.0,6.23
20251001,2025-10,297,1.73,0.36,71.7,8.1,0.0,6.29
20251101,2025-11,297,1.8,0.37,71.7,13.7,0.0,6.36
20251201,2025-12,297,2.08,0.43,71.7,12.0,0.0,6.45
20241101,2024-11,298,319.1,177.28,92.0,20.4,1.09,1.47
20241201,2024-12,298,178.17,98.98,77.6,14.4,1.09,2.29
20250101,2025-01,298,76.38,42.43,78.0,15.8,1.09,2.64
20250201,2025-02,298,65.65,36.47,78.0,23.2,1.09,2.94
20250301,2025-03,298,54.94,30.52,78.0,13.7,1.09,3.2
20250401,2025-04,298,48.98,27.21,78.0,12.9,1.09,3.42
20250501,2025-05,298,40.6,22.56,78.0,21.0,1.09,3.61
20250601,2025-06,298,16.62,9.23,72.0,22.4,1.09,3.68
20250701,2025-07,298,15.15,8.42,72.0,10.0,1.09,3.75
20250801,2025-08,298,15.16,8.42,72.0,18.2,1.09,3.82
20250901,2025-09,298,15.67,8.71,72.0,14.7,1.09,3.9
20251001,2025-10,298,15.62,8.68,72.0,21.5,1.09,3.97
20251101,2025-11,298,16.45,9.14,72.0,13.2,1.09,4.04
20251201,2025-12,298,18.19,10.11,72.0,20.3,1.09,4.13
20210401,2021-04,299,88.8,49.33,85.2,19.8,0.76,0.58
20210501,2021-05,299,52.11,28.95,80.4,23.5,0.76,0.92
20210601,2021-06,299,17.7,9.83,74.2,10.8,0.76,1.04
20210701,2021-07,299,19.27,10.71,74.2,13.0,0.76,1.16
20210801,2021-08,299,15.55,8.64,74.2,9.8,0.76,1.27
20210901,2021-09,299,10.89,6.05,74.2,19.1,0.76,1.34
20211001,2021-10,299,9.12,5.07,74.2,9.1,0.76,1.4
20211101,2021-11,299,3.79,2.11,69.2,18.5,0.76,1.42
20211201,2021-12,299,3.12,1.73,69.2,18.5,0.76,1.44
20220101,2022-01,299,3.53,1.96,69.2,9.2,0.76,1.47
20220201,2022-02,299,3.14,1.74,69.2,9.5,0.76,1.49
20220301,2022-03,299,3.59,1.99,69.2,14.8,0.76,1.51
20220401,2022-04,299,3.47,1.93,69.2,21.1,0.76,1.53
20220501,2022-05,299,3.52,1.96,69.2,15.2,0.76,1.56
20220601,2022-06,299,3.58,1.99,69.2,21.6,0.76,1.58
20220701,2022-07,299,2.92,1.62,69.2,8.2,0.76,1.6
20220801,2022-08,299,3.61,2.01,69.2,13.7,0.76,1.62
20220901,2022-09,299,3.12,1.73,69.2,8.7,0.76,1.64
20221001,2022-10,299,3.14,1.74,69.2,22.1,0.76,1.66
20221101,2022-11,299,3.27,1.82,69.2,14.7,0.76,1.68
20221201,2022-12,299,2.87,1.59,69.2,14.7,0.76,1.7
20230101,2023-01,299,3.78,2.1,69.2,9.1,0.76,1.73
20230201,2023-02,299,3.34,1.86,69.2,22.5,0.76,1.75
20230301,2023-03,299,3.54,1.97,69.2,13.9,0.76,1.77
20230401,2023-04,299,2.84,1.58,69.2,19.3,0.76,1.79
20230501,2023-05,299,3.64,2.02,69.2,15.8,0.76,1.81
20230601,2023-06,299,3.06,1.7,69.2,23.2,0.76,1.83
20230701,2023-07,299,3.46,1.92,69.2,22.7,0.76,1.86
20230801,2023-08,299,3.15,1.75,69.2,21.9,0.76,1.88
20230901,2023-09,299,3.07,1.71,69.2,18.0,0.76,1.9
20231001,2023-10,299,3.59,1.99,69.2,11.2,0.76,1.92
20231101,2023-11,299,3.61,2.01,69.2,18.8,0.76,1.95
20231201,2023-12,299,3.59,1.99,69.2,13.7,0.76,1.97
20240101,2024-01,299,3.27,1.82,69.2,21.8,0.76,1.99
20240201,2024-02,299,2.83,1.57,69.2,14.2,0.76,2.01
20240301,2024-03,299,2.81,1.56,69.2,8.7,0.76,2.03
20240401,2024-04,299,3.47,1.93,69.2,16.3,0.0,2.05
20240501,2024-05,299,3.33,1.85,69.2,20.3,0.0,2.07
20240601,2024-06,299,3.18,1.77,69.2,20.6,0.0,2.09
20240701,2024-07,299,3.08,1.71,69.2,23.7,0.0,2.11
20240801,2024-08,299,3.37,1.87,69.2,20.5,0.0,2.13
20240901,2024-09,299,3.56,1.98,69.2,12.5,0.0,2.16
20241001,2024-10,299,3.38,1.88,69.2,21.6,0.0,2.18
20241101,2024-11,299,3.16,1.76,69.2,16.0,0.0,2.2
20241201,2024-12,299,3.75,2.08,69.2,16.0,0.0,2.23
20250101,2025-01,299,3.02,1.68,69.2,17.2,0.0,2.25
20250201,2025-02,299,3.01,1.67,69.2,14.4,0.0,2.26
20250301,2025-03,299,2.96,1.64,69.2,11.9,0.0,2.28
20250401,2025-04,299,2.87,1.59,69.2,19.8,0.0,2.3
20250501,2025-05,299,3.4,1.89,69.2,19.4,0.0,2.33
20250601,2025-06,299,3.04,1.69,69.2,14.3,0.0,2.35
20250701,2025-07,299,3.58,1.99,69.2,19.5,0.0,2.37
20250801,2025-08,299,3.78,2.1,69.2,17.0,0.0,2.39
20250901,2025-09,299,3.73,2.07,69.2,14.8,0.0,2.42
20251001,2025-10,299,3.55,1.97,69.2,8.9,0.0,2.44
20251101,2025-11,299,2.86,1.59,69.2,14.4,0.0,2.46
20251201,2025-12,299,2.99,1.66,69.2,13.0,0.0,2.48
20240901,2024-09,300,130.12,10.84,84.0,14.9,0.66,0.99
20241001,2024-10,300,76.62,6.39,78.5,16.6,0.66,1.58
20241101,2024-11,300,29.18,2.43,75.2,18.7,0.66,1.8
20241201,2024-12,300,21.81,1.82,75.2,16.3,0.66,1.97
20250101,2025-01,300,19.97,1.66,75.2,14.2,0.66,2.12
20250201,2025-02,300,18.87,1.57,75.2,20.4,0.66,2.26
20250301,2025-03,300,14.24,1.19,75.2,16.3,0.66,2.37
20250401,2025-04,300,5.83,0.49,69.9,15.3,0.66,2.42
20250501,2025-05,300,5.07,0.42,69.9,12.2,0.66,2.45
20250601,2025-06,300,4.58,0.38,69.9,11.5,0.66,2.49
20250701,2025-07,300,4.48,0.37,69.9,9.9,0.66,2.52
20250801,2025-08,300,4.45,0.37,69.9,16.0,0.66,2.56
20250901,2025-09,300,5.25,0.44,69.9,8.0,0.66,2.6
20251001,2025-10,300,4.58,0.38,69.9,23.4,0.66,2.63
20251101,2025-11,300,5.2,0.43,69.9,22.3,0.66,2.67
20251201,2025-12,300,5.15,0.43,69.9,16.4,0.66,2.71
20240601,2024-06,301,34.63,19.24,76.5,22.1,0.14,1.27
20240701,2024-07,301,16.04,8.91,81.0,9.4,0.14,1.86
20240801,2024-08,301,5.66,3.14,75.6,20.0,0.14,2.07
20240901,2024-09,301,5.15,2.86,75.6,20.6,0.14,2.26
20241001,2024-10,301,4.6,2.56,75.6,14.9,0.14,2.43
20241101,2024-11,301,4.29,2.38,75.6,23.1,0.14,2.59
20241201,2024-12,301,3.1,1.72,75.6,9.1,0.14,2.7
20250101,2025-01,301,1.25,0.69,70.2,21.0,0.14,2.74
20250201,2025-02,301,1.25,0.69,70.2,13.2,0.14,2.79
20250301,2025-03,301,1.33,0.74,70.2,10.5,0.14,2.84
20250401,2025-04,301,1.06,0.59,70.2,16.1,0.14,2.88
20250501,2025-05,301,1.3,0.72,70.2,21.7,0.14,2.93
20250601,2025-06,301,1.23,0.68,70.2,14.8,0.14,2.97
20250701,2025-07,301,1.15,0.64,70.2,14.6,0.14,3.01
20250801,2025-08,301,1.03,0.57,70.2,11.5,0.14,3.05
20250901,2025-09,301,1.07,0.59,70.2,16.3,0.14,3.09
20251001,2025-10,301,1.14,0.63,70.2,16.6,0.14,3.13
20251101,2025-11,301,1.22,0.68,70.2,19.9,0.14,3.18
20251201,2025-12,301,1.21,0.67,70.2,11.1,0.14,3.22
20230201,2023-02,302,44.99,24.99,85.7,24.0,0.2,1.12
20230301,2023-03,302,31.13,17.29,78.7,10.8,0.2,1.9
20230401,2023-04,302,10.27,5.71,76.2,22.6,0.2,2.16
20230501,2023-05,302,9.78,5.43,76.2,23.1,0.2,2.4
20230601,2023-06,302,8.23,4.57,76.2,10.3,0.2,2.61
20230701,2023-07,302,6.9,3.83,76.2,15.1,0.2,2.78
20230801,2023-08,302,4.98,2.77,76.2,13.0,0.2,2.91
20230901,2023-09,302,1.76,0.98,70.7,9.7,0.2,2.95
20231001,2023-10,302,2.05,1.14,70.7,12.6,0.2,3.0
20231101,2023-11,302,2.2,1.22,70.7,21.3,0.2,3.06
20231201,2023-12,302,1.79,0.99,70.7,20.9,0.2,3.1
20240101,2024-01,302,1.81,1.01,70.7,10.1,0.2,3.15
20240201,2024-02,302,2.32,1.29,70.7,13.9,0.2,3.21
20240301,2024-03,302,2.06,1.14,70.7,16.4,0.2,3.26
20240401,2024-04,302,1.99,1.11,70.7,20.4,0.2,3.31
20240501,2024-05,302,1.84,1.02,70.7,9.9,0.2,3.35
20240601,2024-06,302,2.33,1.29,70.7,10.3,0.2,3.41
20240701,2024-07,302,1.83,1.02,70.7,21.5,0.2,3.46
20240801,2024-08,302,1.85,1.03,70.7,22.5,0.2,3.5
20240901,2024-09,302,1.86,1.03,70.7,19.4,0.2,3.55
20241001,2024-10,302,2.1,1.17,70.7,23.7,0.2,3.6
20241101,2024-11,302,2.22,1.23,70.7,12.6,0.2,3.66
20241201,2024-12,302,2.3,1.28,70.7,13.8,0.2,3.71
20250101,2025-01,302,1.93,1.07,70.7,12.2,0.2,3.76
20250201,2025-02,302,1.77,0.98,70.7,12.1,0.2,3.81
20250301,2025-03,302,2.06,1.14,70.7,8.7,0.2,3.86
20250401,2025-04,302,1.91,1.06,70.7,10.3,0.2,3.91
20250501,2025-05,302,2.05,1.14,70.7,21.2,0.2,3.96
20250601,2025-06,302,1.88,1.04,70.7,13.0,0.2,4.0
20250701,2025-07,302,1.79,0.99,70.7,22.9,0.2,4.05
20250801,2025-08,302,1.86,1.03,70.7,16.6,0.2,4.1
20250901,2025-09,302,2.07,1.15,70.7,11.6,0.2,4.15
20251001,2025-10,302,1.9,1.06,70.7,19.3,0.2,4.2
20251101,2025-11,302,1.84,1.02,70.7,12.5,0.2,4.24
20251201,2025-12,302,2.29,1.27,70.7,17.8,0.2,4.3
20221201,2022-12,303,178.02,98.9,82.4,13.5,0.79,1.12
20230101,2023-01,303,102.39,56.88,79.9,10.5,0.79,1.76
20230201,2023-02,303,37.91,21.06,75.4,12.6,0.79,2.0
20230301,2023-03,303,25.94,14.41,75.4,16.8,0.79,2.17
20230401,2023-04,303,24.0,13.33,75.4,22.3,0.79,2.32
20230501,2023-05,303,21.46,11.92,75.4,12.8,0.79,2.45
20230601,2023-06,303,17.65,9.81,75.4,21.6,0.79,2.56
20230701,2023-07,303,7.09,3.94,70.0,15.5,0.79,2.61
20230801,2023-08,303,6.58,3.66,70.0,13.5,0.79,2.65
20230901,2023-09,303,7.04,3.91,70.0,16.9,0.79,2.69
20231001,2023-10,303,7.48,4.16,70.0,18.9,0.79,2.74
20231101,2023-11,303,7.45,4.14,70.0,17.3,0.79,2.79
20231201,2023-12,303,6.86,3.81,70.0,19.8,0.79,2.83
20240101,2024-01,303,7.14,3.97,70.0,14.6,0.79,2.88
20240201,2024-02,303,7.11,3.95,70.0,18.2,0.79,2.92
20240301,2024-03,303,5.92,3.29,70.0,23.6,0.79,2.96
20240401,2024-04,303,6.64,3.69,70.0,12.9,0.79,3.0
20240501,2024-05,303,5.89,3.27,70.0,10.4,0.79,3.04
20240601,2024-06,303,6.83,3.79,70.0,16.9,0.79,3.08
20240701,2024-07,303,6.67,3.71,70.0,24.0,0.79,3.12
20240801,2024-08,303,6.14,3.41,70.0,9.7,0.79,3.16
20240901,2024-09,303,6.82,3.79,70.0,22.5,0.79,3.2
20241001,2024-10,303,6.72,3.73,70.0,12.3,0.79,3.25
20241101,2024-11,303,6.39,3.55,70.0,9.1,0.79,3.29
20241201,2024-12,303,5.99,3.33,70.0,18.8,0.79,3.32
20250101,2025-01,303,7.32,4.07,70.0,23.0,0.79,3.37
20250201,2025-02,303,7.54,4.19,70.0,14.6,0.79,3.42
20250301,2025-03,303,7.34,4.08,70.0,10.8,0.79,3.46
20250401,2025-04,303,6.21,3.45,70.0,12.5,0.79,3.5
20250501,2025-05,303,6.72,3.73,70.0,9.0,0.79,3.54
20250601,2025-06,303,7.13,3.96,70.0,16.8,0.79,3.59
20250701,2025-07,303,6.27,3.48,70.0,12.8,0.79,3.63
20250801,2025-08,303,7.33,4.07,70.0,21.4,0.79,3.68
20250901,2025-09,303,6.75,3.75,70.0,11.8,0.79,3.72
20251001,2025-10,303,5.61,3.12,70.0,11.2,0.79,3.75
20251101,2025-11,303,7.43,4.13,70.0,16.2,0.79,3.8
20251201,2025-12,303,7.25,4.03,70.0,17.7,0.0,3.85
20220401,2022-04,304,55.2,30.67,85.3,15.4,0.27,1.02
20220501,2022-05,304,28.0,15.56,81.8,9.2,0.27,1.54
20220601,2022-06,304,10.7,5.94,75.4,9.5,0.27,1.74
20220701,2022-07,304,9.89,5.49,75.4,22.8,0.27,1.93
20220801,2022-08,304,8.77,4.87,75.4,9.1,0.27,2.09
20220901,2022-09,304,6.87,3.82,75.4,14.8,0.27,2.22
20221001,2022-10,304,5.8,3.22,75.4,9.6,0.27,2.32
20221101,2022-11,304,2.53,1.41,70.0,12.2,0.27,2.37
20221201,2022-12,304,2.32,1.29,70.0,17.8,0.27,2.41
20230101,2023-01,304,2.23,1.24,70.0,16.3,0.27,2.46
20230201,2023-02,304,2.04,1.13,70.0,20.5,0.27,2.49
20230301,2023-03,304,2.1,1.17,70.0,14.4,0.27,2.53
20230401,2023-04,304,2.17,1.21,70.0,16.2,0.27,2.57
20230501,2023-05,304,2.46,1.37,70.0,10.0,0.27,2.62
20230601,2023-06,304,2.13,1.18,70.0,14.2,0.27,2.66
20230701,2023-07,304,1.98,1.1,70.0,11.9,0.27,2.69
20230801,2023-08,304,1.94,1.08,70.0,9.9,0.27,2.73
20230901,2023-09,304,2.34,1.3,70.0,20.0,0.27,2.77
20231001,2023-10,304,2.03,1.13,70.0,8.4,0.27,2.81
20231101,2023-11,304,2.32,1.29,70.0,19.2,0.27,2.85
20231201,2023-12,304,2.1,1.17,70.0,11.9,0.27,2.89
20240101,2024-01,304,2.21,1.23,70.0,18.2,0.27,2.93
20240201,2024-02,304,2.04,1.13,70.0,17.8,0.27,2.97
20240301,2024-03,304,2.05,1.14,70.0,21.3,0.27,3.01
20240401,2024-04,304,2.33,1.29,70.0,20.4,0.27,3.05
20240501,2024-05,304,1.98,1.1,70.0,15.9,0.27,3.09
20240601,2024-06,304,2.17,1.21,70.0,13.4,0.27,3.13
20240701,2024-07,304,2.28,1.27,70.0,22.1,0.27,3.17
20240801,2024-08,304,2.53,1.41,70.0,21.4,0.27,3.22
20240901,2024-09,304,2.25,1.25,70.0,10.3,0.27,3.26
20241001,2024-10,304,2.53,1.41,70.0,14.1,0.27,3.31
20241101,2024-11,304,2.5,1.39,70.0,12.9,0.27,3.35
20241201,2024-12,304,2.38,1.32,70.0,23.2,0.27,3.4
20250101,2025-01,304,2.26,1.26,70.0,9.8,0.27,3.44
20250201,2025-02,304,2.11,1.17,70.0,9.6,0.27,3.48
20250301,2025-03,304,2.39,1.33,70.0,18.3,0.27,3.52
20250401,2025-04,304,2.53,1.41,70.0,21.6,0.0,3.57
20250501,2025-05,304,2.51,1.39,70.0,23.0,0.0,3.62
20250601,2025-06,304,2.16,1.2,70.0,12.0,0.0,3.66
20250701,2025-07,304,2.48,1.38,70.0,18.7,0.0,3.7
20250801,2025-08,304,2.57,1.43,70.0,22.5,0.0,3.75
20250901,2025-09,304,1.92,1.07,70.0,22.9,0.0,3.79
20251001,2025-10,304,2.36,1.31,70.0,8.3,0.0,3.83
20251101,2025-11,304,2.1,1.17,70.0,16.1,0.0,3.87
20251201,2025-12,304,2.31,1.28,70.0,16.0,0.0,3.91
20230801,2023-08,305,46.33,5.79,80.1,17.9,0.3,0.78
20230901,2023-09,305,23.94,2.99,81.7,20.2,0.3,1.18
20231001,2023-10,305,9.06,1.13,73.2,10.0,0.3,1.33
20231101,2023-11,305,6.8,0.85,73.2,23.4,0.3,1.45
20231201,2023-12,305,7.05,0.88,73.2,19.9,0.3,1.57
20240101,2024-01,305,6.18,0.77,73.2,21.2,0.3,1.67
20240201,2024-02,305,4.19,0.52,73.2,22.8,0.3,1.74
20240301,2024-03,305,1.26,0.16,68.4,16.1,0.3,1.76
20240401,2024-04,305,1.25,0.16,68.4,14.0,0.3,1.78
20240501,2024-05,305,1.12,0.14,68.4,11.0,0.3,1.8
20240601,2024-06,305,1.09,0.14,68.4,23.0,0.3,1.82
20240701,2024-07,305,1.1,0.14,68.4,23.3,0.3,1.84
20240801,2024-08,305,1.21,0.15,68.4,16.6,0.3,1.86
20240901,2024-09,305,1.25,0.16,68.4,11.1,0.3,1.88
20241001,2024-10,305,1.13,0.14,68.4,15.7,0.3,1.9
20241101,2024-11,305,1.3,0.16,68.4,16.1,0.3,1.92
20241201,2024-12,305,1.37,0.17,68.4,15.9,0.3,1.95
20250101,2025-01,305,1.46,0.18,68.4,22.7,0.3,1.97
20250201,2025-02,305,1.4,0.17,68.4,19.0,0.3,1.99
20250301,2025-03,305,1.31,0.16,68.4,19.6,0.3,2.02
20250401,2025-04,305,1.37,0.17,68.4,15.5,0.3,2.04
20250501,2025-05,305,1.26,0.16,68.4,14.9,0.3,2.06
20250601,2025-06,305,1.37,0.17,68.4,9.9,0.3,2.08
20250701,2025-07,305,1.26,0.16,68.4,12.1,0.3,2.1
20250801,2025-08,305,1.44,0.18,68.4,15.4,0.3,2.13
20250901,2025-09,305,1.12,0.14,68.4,16.1,0.3,2.15
20251001,2025-10,305,1.15,0.14,68.4,22.2,0.3,2.17
20251101,2025-11,305,1.37,0.17,68.4,9.2,0.3,2.19
20251201,2025-12,305,1.35,0.17,68.4,13.2,0.3,2.21
20220401,2022-04,306,120.25,66.81,84.7,8.7,0.56,1.07
20220501,2022-05,306,77.53,43.07,81.2,16.1,0.56,1.75
20220601,2022-06,306,27.17,15.09,75.6,11.2,0.56,1.99
20220701,2022-07,306,18.68,10.38,75.6,23.5,0.56,2.16
20220801,2022-08,306,21.17,11.76,75.6,22.2,0.56,2.35
20220901,2022-09,306,16.92,9.4,75.6,18.7,0.56,2.5
20221001,2022-10,306,12.36,6.87,75.6,8.2,0.56,2.61
20221101,2022-11,306,5.1,2.83,70.2,11.8,0.56,2.65
20221201,2022-12,306,5.66,3.14,70.2,12.6,0.56,2.7
20230101,2023-01,306,4.8,2.67,70.2,18.2,0.56,2.75
20230201,2023-02,306,5.36,2.98,70.2,17.1,0.56,2.79
20230301,2023-03,306,5.12,2.84,70.2,17.6,0.56,2.84
20230401,2023-04,306,5.38,2.99,70.2,10.4,0.56,2.89
20230501,2023-05,306,5.05,2.81,70.2,21.9,0.56,2.93
20230601,2023-06,306,4.89,2.72,70.2,12.2,0.56,2.97
20230701,2023-07,306,5.1,2.83,70.2,17.0,0.56,3.02
20230801,2023-08,306,4.95,2.75,70.2,23.8,0.56,3.06
20230901,2023-09,306,4.79,2.66,70.2,19.3,0.56,3.11
20231001,2023-10,306,5.57,3.09,70.2,8.5,0.56,3.16
20231101,2023-11,306,5.48,3.04,70.2,10.3,0.56,3.2
20231201,2023-12,306,4.91,2.73,70.2,22.1,0.56,3.25
20240101,2024-01,306,5.03,2.79,70.2,18.4,0.56,3.29
20240201,2024-02,306,4.33,2.41,70.2,12.5,0.56,3.33
20240301,2024-03,306,5.59,3.11,70.2,12.1,0.56,3.38
20240401,2024-04,306,4.44,2.47,70.2,9.9,0.56,3.42
20240501,2024-05,306,5.31,2.95,70.2,17.9,0.56,3.47
20240601,2024-06,306,5.4,3.0,70.2,12.7,0.56,3.51
20240701,2024-07,306,4.67,2.59,70.2,13.9,0.56,3.56
20240801,2024-08,306,5.08,2.82,70.2,10.8,0.56,3.6
20240901,2024-09,306,4.4,2.44,70.2,9.0,0.56,3.64
20241001,2024-10,306,5.18,2.88,70.2,21.2,0.56,3.69
20241101,2024-11,306,5.04,2.8,70.2,16.6,0.56,3.73
20241201,2024-12,306,4.6,2.56,70.2,21.8,0.56,3.77
20250101,2025-01,306,4.97,2.76,70.2,19.4,0.56,3.82
20250201,2025-02,306,5.25,2.92,70.2,17.4,0.56,3.86
20250301,2025-03,306,4.31,2.39,70.2,17.8,0.56,3.9
20250401,2025-04,306,5.51,3.06,70.2,16.8,0.0,3.95
20250501,2025-05,306,4.72,2.62,70.2,14.2,0.0,3.99
20250601,2025-06,306,5.17,2.87,70.2,15.2,0.0,4.04
20250701,2025-07,306,5.05,2.81,70.2,22.8,0.0,4.08
20250801,2025-08,306,4.73,2.63,70.2,14.5,0.0,4.12
20250901,2025-09,306,5.62,3.12,70.2,13.7,0.0,4.17
20251001,2025-10,306,5.25,2.92,70.2,22.7,0.0,4.22
20251101,2025-11,306,5.1,2.83,70.2,10.0,0.0,4.26
20251201,2025-12,306,4.87,2.71,70.2,17.1,0.0,4.31
20220501,2022-05,307,73.51,6.13,86.4,11.1,0.38,0.97
20220601,2022-06,307,36.32,3.03,81.4,21.3,0.38,1.44
20220701,2022-07,307,15.16,1.26,74.6,21.1,0.38,1.64
20220801,2022-08,307,12.8,1.07,74.6,19.3,0.38,1.81
20220901,2022-09,307,9.64,0.8,74.6,19.3,0.38,1.94
20221001,2022-10,307,8.76,0.73,74.6,12.1,0.38,2.05
20221101,2022-11,307,7.92,0.66,74.6,14.4,0.38,2.16
20221201,2022-12,307,2.34,0.19,69.5,9.6,0.38,2.19
20230101,2023-01,307,2.43,0.2,69.5,19.0,0.38,2.22
20230201,2023-02,307,2.55,0.21,69.5,8.3,0.38,2.25
20230301,2023-03,307,2.76,0.23,69.5,19.8,0.38,2.29
20230401,2023-04,307,2.17,0.18,69.5,19.3,0.38,2.32
20230501,2023-05,307,2.21,0.18,69.5,11.8,0.38,2.35
20230601,2023-06,307,2.23,0.19,69.5,23.2,0.38,2.38
20230701,2023-07,307,2.21,0.18,69.5,11.0,0.38,2.4
20230801,2023-08,307,2.81,0.23,69.5,20.1,0.38,2.44
20230901,2023-09,307,2.59,0.22,69.5,21.5,0.38,2.48
20231001,2023-10,307,2.76,0.23,69.5,21.6,0.38,2.51
20231101,2023-11,307,2.62,0.22,69.5,9.3,0.38,2.55
20231201,2023-12,307,2.7,0.23,69.5,20.0,0.38,2.58
20240101,2024-01,307,2.61,0.22,69.5,21.0,0.38,2.62
20240201,2024-02,307,2.58,0.21,69.5,8.4,0.38,2.65
20240301,2024-03,307,2.34,0.19,69.5,10.4,0.38,2.68
20240401,2024-04,307,2.21,0.18,69.5,12.0,0.38,2.71
20240501,2024-05,307,2.22,0.19,69.5,13.0,0.38,2.74
20240601,2024-06,307,2.43,0.2,69.5,8.7,0.38,2.77
20240701,2024-07,307,2.29,0.19,69.5,22.0,0.38,2.8
20240801,2024-08,307,2.36,0.2,69.5,18.6,0.38,2.83
20240901,2024-09,307,2.65,0.22,69.5,8.3,0.38,2.87
20241001,2024-10,307,2.76,0.23,69.5,19.8,0.38,2.9
20241101,2024-11,307,2.33,0.19,69.5,20.8,0.38,2.93
20241201,2024-12,307,2.52,0.21,69.5,16.8,0.38,2.97
20250101,2025-01,307,2.47,0.21,69.5,21.2,0.38,3.0
20250201,2025-02,307,2.56,0.21,69.5,14.1,0.38,3.03
20250301,2025-03,307,2.73,0.23,69.5,9.2,0.38,3.07
20250401,2025-04,307,2.36,0.2,69.5,13.4,0.38,3.1
20250501,2025-05,307,2.35,0.2,69.5,20.5,0.0,3.13
20250601,2025-06,307,2.23,0.19,69.5,15.7,0.0,3.16
20250701,2025-07,307,2.17,0.18,69.5,18.0,0.0,3.19
20250801,2025-08,307,2.54,0.21,69.5,9.0,0.0,3.22
20250901,2025-09,307,2.37,0.2,69.5,11.7,0.0,3.25
20251001,2025-10,307,2.36,0.2,69.5,14.6,0.0,3.28
20251101,2025-11,307,2.84,0.24,69.5,9.4,0.0,3.32
20251201,2025-12,307,2.34,0.19,69.5,19.3,0.0,3.35
20221001,2022-10,308,447.05,248.36,88.4,11.1,1.79,1.25
20221101,2022-11,308,264.03,146.68,80.2,18.3,1.79,1.99
20221201,2022-12,308,90.25,50.14,76.4,22.9,1.79,2.24
20230101,2023-01,308,82.77,45.98,76.4,12.4,1.79,2.47
20230201,2023-02,308,74.73,41.52,76.4,18.1,1.79,2.68
20230301,2023-03,308,55.96,31.09,76.4,17.1,1.79,2.84
20230401,2023-04,308,43.66,24.26,76.4,14.0,1.79,2.96
20230501,2023-05,308,21.51,11.95,70.8,22.9,1.79,3.02
20230601,2023-06,308,19.1,10.61,70.8,19.2,1.79,3.07
20230701,2023-07,308,16.7,9.28,70.8,19.0,1.79,3.12
20230801,2023-08,308,21.39,11.88,70.8,17.9,1.79,3.18
20230901,2023-09,308,17.93,9.96,70.8,8.5,1.79,3.23
20231001,2023-10,308,21.45,11.92,70.8,15.6,1.79,3.29
20231101,2023-11,308,18.99,10.55,70.8,10.5,1.79,3.34
20231201,2023-12,308,21.6,12.0,70.8,9.2,1.79,3.4
20240101,2024-01,308,17.81,9.89,70.8,15.8,1.79,3.45
20240201,2024-02,308,17.65,9.81,70.8,12.2,1.79,3.5
20240301,2024-03,308,21.28,11.82,70.8,20.9,1.79,3.56
20240401,2024-04,308,20.93,11.63,70.8,20.3,1.79,3.62
20240501,2024-05,308,20.8,11.56,70.8,11.6,1.79,3.68
20240601,2024-06,308,18.86,10.48,70.8,20.8,1.79,3.73
20240701,2024-07,308,18.3,10.17,70.8,23.8,1.79,3.78
20240801,2024-08,308,21.29,11.83,70.8,13.7,1.79,3.84
20240901,2024-09,308,21.3,11.83,70.8,22.2,1.79,3.9
20241001,2024-10,308,19.69,10.94,70.8,19.1,1.79,3.96
20241101,2024-11,308,21.42,11.9,70.8,23.9,1.79,4.01
20241201,2024-12,308,22.0,12.22,70.8,14.5,1.79,4.08
20250101,2025-01,308,21.63,12.02,70.8,21.9,1.79,4.14
20250201,2025-02,308,20.31,11.28,70.8,14.6,1.79,4.19
20250301,2025-03,308,18.29,10.16,70.8,12.3,1.79,4.24
20250401,2025-04,308,21.55,11.97,70.8,13.8,1.79,4.3
20250501,2025-05,308,18.88,10.49,70.8,9.4,1.79,4.36
20250601,2025-06,308,20.83,11.57,70.8,17.2,1.79,4.42
20250701,2025-07,308,19.61,10.89,70.8,9.3,1.79,4.47
20250801,2025-08,308,19.98,11.1,70.8,12.5,1.79,4.53
20250901,2025-09,308,19.0,10.56,70.8,8.5,1.79,4.58
20251001,2025-10,308,19.22,10.68,70.8,14.5,0.0,4.63
20251101,2025-11,308,22.01,12.23,70.8,15.3,0.0,4.69
20251201,2025-12,308,19.36,10.76,70.8,12.8,0.0,4.75
20250401,2025-04,309,72.42,40.23,81.5,20.2,0.42,0.87
20250501,2025-05,309,46.67,25.93,81.8,12.5,0.42,1.43
20250601,2025-06,309,18.92,10.51,74.8,12.8,0.42,1.66
20250701,2025-07,309,13.73,7.63,74.8,8.3,0.42,1.82
20250801,2025-08,309,13.8,7.67,74.8,16.0,0.42,1.99
20250901,2025-09,309,9.74,5.41,74.8,16.3,0.42,2.1
20251001,2025-10,309,8.06,4.48,74.8,12.1,0.42,2.2
20251101,2025-11,309,2.85,1.58,69.6,21.2,0.42,2.23
20251201,2025-12,309,2.86,1.59,69.6,18.7,0.42,2.27
20241001,2024-10,310,512.49,284.72,84.2,21.1,2.17,1.18
20241101,2024-11,310,248.06,137.81,84.5,16.0,2.17,1.75
20241201,2024-12,310,82.24,45.69,75.2,19.2,2.17,1.94
20250101,2025-01,310,75.74,42.08,75.2,11.3,2.17,2.11
20250201,2025-02,310,69.06,38.37,75.2,17.6,2.17,2.27
20250301,2025-03,310,56.81,31.56,75.2,15.7,2.17,2.4
20250401,2025-04,310,53.84,29.91,75.2,14.9,2.17,2.53
20250501,2025-05,310,14.91,8.28,69.9,21.6,2.17,2.56
20250601,2025-06,310,16.91,9.39,69.9,10.7,2.17,2.6
20250701,2025-07,310,16.29,9.05,69.9,22.5,2.17,2.64
20250801,2025-08,310,16.42,9.12,69.9,21.7,2.17,2.68
20250901,2025-09,310,19.37,10.76,69.9,22.1,2.17,2.72
20251001,2025-10,310,17.34,9.63,69.9,12.3,2.17,2.76
20251101,2025-11,310,19.1,10.61,69.9,17.8,2.17,2.8
20251201,2025-12,310,16.87,9.37,69.9,14.3,2.17,2.84
20210601,2021-06,311,53.19,29.55,87.1,15.4,0.16,1.65
20210701,2021-07,311,29.32,16.29,84.7,16.6,0.16,2.56
20210801,2021-08,311,8.43,4.68,77.2,20.2,0.16,2.82
20210901,2021-09,311,7.75,4.31,77.2,12.7,0.16,3.06
20211001,2021-10,311,6.07,3.37,77.2,19.5,0.16,3.25
20211101,2021-11,311,6.16,3.42,77.2,9.6,0.16,3.44
20211201,2021-12,311,4.36,2.42,77.2,18.6,0.16,3.58
20220101,2022-01,311,2.19,1.22,71.4,11.7,0.16,3.65
20220201,2022-02,311,2.38,1.32,71.4,11.4,0.16,3.72
20220301,2022-03,311,2.38,1.32,71.4,20.7,0.16,3.79
20220401,2022-04,311,1.94,1.08,71.4,19.5,0.16,3.85
20220501,2022-05,311,1.86,1.03,71.4,11.9,0.16,3.91
20220601,2022-06,311,1.88,1.04,71.4,18.4,0.16,3.97
20220701,2022-07,311,2.42,1.34,71.4,16.1,0.16,4.04
20220801,2022-08,311,1.93,1.07,71.4,14.0,0.16,4.1
20220901,2022-09,311,2.07,1.15,71.4,19.1,0.16,4.17
20221001,2022-10,311,1.92,1.07,71.4,12.5,0.16,4.23
20221101,2022-11,311,1.8,1.0,71.4,17.0,0.16,4.28
20221201,2022-12,311,1.99,1.11,71.4,22.9,0.16,4.35
20230101,2023-01,311,1.94,1.08,71.4,15.7,0.16,4.41
20230201,2023-02,311,2.13,1.18,71.4,12.6,0.16,4.47
20230301,2023-03,311,1.83,1.02,71.4,13.0,0.16,4.53
20230401,2023-04,311,2.02,1.12,71.4,12.3,0.16,4.59
20230501,2023-05,311,2.04,1.13,71.4,21.4,0.16,4.66
20230601,2023-06,311,1.87,1.04,71.4,17.7,0.16,4.71
20230701,2023-07,311,1.91,1.06,71.4,19.4,0.16,4.77
20230801,2023-08,311,2.26,1.26,71.4,10.4,0.16,4.84
20230901,2023-09,311,1.92,1.07,71.4,19.3,0.16,4.9
20231001,2023-10,311,2.14,1.19,71.4,8.4,0.16,4.97
20231101,2023-11,311,1.85,1.03,71.4,22.0,0.16,5.03
20231201,2023-12,311,2.35,1.31,71.4,24.0,0.16,5.1
20240101,2024-01,311,2.22,1.23,71.4,16.6,0.16,5.17
20240201,2024-02,311,2.2,1.22,71.4,14.2,0.16,5.24
20240301,2024-03,311,2.31,1.28,71.4,17.5,0.16,5.31
20240401,2024-04,311,2.03,1.13,71.4,16.3,0.16,5.37
20240501,2024-05,311,1.84,1.02,71.4,12.1,0.16,5.43
20240601,2024-06,311,2.22,1.23,71.4,9.4,0.0,5.5
20240701,2024-07,311,2.32,1.29,71.4,14.7,0.0,5.57
20240801,2024-08,311,2.38,1.32,71.4,20.0,0.0,5.64
20240901,2024-09,311,2.04,1.13,71.4,11.1,0.0,5.71
20241001,2024-10,311,2.22,1.23,71.4,15.7,0.0,5.77
20241101,2024-11,311,2.19,1.22,71.4,18.5,0.0,5.84
20241201,2024-12,311,1.99,1.11,71.4,21.6,0.0,5.9
20250101,2025-01,311,2.02,1.12,71.4,17.8,0.0,5.97
20250201,2025-02,311,2.3,1.28,71.4,12.3,0.0,6.04
20250301,2025-03,311,1.85,1.03,71.4,22.6,0.0,6.1
20250401,2025-04,311,2.26,1.26,71.4,22.9,0.0,6.17
20250501,2025-05,311,2.1,1.17,71.4,14.3,0.0,6.23
20250601,2025-06,311,2.04,1.13,71.4,20.8,0.0,6.29
20250701,2025-07,311,1.99,1.11,71.4,21.9,0.0,6.36
20250801,2025-08,311,2.26,1.26,71.4,11.9,0.0,6.43
20250901,2025-09,311,2.34,1.3,71.4,8.7,0.0,6.5
20251001,2025-10,311,2.32,1.29,71.4,23.4,0.0,6.57
20251101,2025-11,311,2.0,1.11,71.4,8.6,0.0,6.63
20251201,2025-12,311,1.96,1.09,71.4,20.1,0.0,6.69
20231001,2023-10,312,111.8,15.53,84.8,13.0,0.48,1.16
20231101,2023-11,312,58.89,8.18,82.9,21.2,0.48,1.77
20231201,2023-12,312,20.6,2.86,77.6,16.0,0.48,1.98
20240101,2024-01,312,20.29,2.82,77.6,8.1,0.48,2.19
20240201,2024-02,312,14.53,2.02,77.6,12.1,0.48,2.34
20240301,2024-03,312,12.82,1.78,77.6,22.4,0.48,2.47
20240401,2024-04,312,11.33,1.57,77.6,11.3,0.48,2.59
20240501,2024-05,312,5.28,0.73,71.7,17.4,0.48,2.64
20240601,2024-06,312,5.79,0.8,71.7,16.1,0.48,2.7
20240701,2024-07,312,4.64,0.64,71.7,9.2,0.48,2.75
20240801,2024-08,312,5.49,0.76,71.7,18.3,0.48,2.81
20240901,2024-09,312,4.84,0.67,71.7,16.5,0.48,2.86
20241001,2024-10,312,4.36,0.61,71.7,12.6,0.48,2.9
20241101,2024-11,312,5.43,0.75,71.7,19.7,0.48,2.96
20241201,2024-12,312,5.44,0.76,71.7,8.2,0.48,3.02
20250101,2025-01,312,5.09,0.71,71.7,8.5,0.48,3.07
20250201,2025-02,312,4.79,0.67,71.7,17.9,0.48,3.12
20250301,2025-03,312,4.67,0.65,71.7,17.4,0.48,3.17
20250401,2025-04,312,5.01,0.7,71.7,23.7,0.48,3.22
20250501,2025-05,312,5.37,0.75,71.7,22.6,0.48,3.27
20250601,2025-06,312,4.88,0.68,71.7,13.6,0.48,3.32
20250701,2025-07,312,4.79,0.67,71.7,18.2,0.48,3.37
20250801,2025-08,312,5.16,0.72,71.7,22.0,0.48,3.43
20250901,2025-09,312,4.35,0.6,71.7,17.6,0.48,3.47
20251001,2025-10,312,4.79,0.67,71.7,14.9,0.48,3.52
20251101,2025-11,312,5.04,0.7,71.7,18.9,0.48,3.57
20251201,2025-12,312,4.35,0.6,71.7,14.2,0.48,3.62
20240101,2024-01,313,53.08,4.15,79.5,23.1,0.23,1.17
20240201,2024-02,313,29.71,2.32,76.6,17.3,0.23,1.82
20240301,2024-03,313,12.43,0.97,76.0,12.9,0.23,2.09
20240401,2024-04,313,10.08,0.79,76.0,17.5,0.23,2.31
20240501,2024-05,313,7.06,0.55,76.0,14.3,0.23,2.47
20240601,2024-06,313,7.58,0.59,76.0,8.6,0.23,2.63
20240701,2024-07,313,6.51,0.51,76.0,8.6,0.23,2.78
20240801,2024-08,313,2.24,0.18,70.5,20.2,0.23,2.82
20240901,2024-09,313,1.89,0.15,70.5,22.6,0.23,2.87
20241001,2024-10,313,2.36,0.18,70.5,22.5,0.23,2.92
20241101,2024-11,313,2.33,0.18,70.5,13.1,0.23,2.97
20241201,2024-12,313,1.92,0.15,70.5,17.4,0.23,3.01
20250101,2025-01,313,2.2,0.17,70.5,13.6,0.23,3.06
20250201,2025-02,313,2.42,0.19,70.5,18.6,0.23,3.11
20250301,2025-03,313,2.18,0.17,70.5,23.8,0.23,3.16
20250401,2025-04,313,2.39,0.19,70.5,8.4,0.23,3.21
20250501,2025-05,313,2.39,0.19,70.5,12.1,0.23,3.27
20250601,2025-06,313,2.31,0.18,70.5,15.4,0.23,3.32
20250701,2025-07,313,2.2,0.17,70.5,10.5,0.23,3.36
20250801,2025-08,313,2.39,0.19,70.5,17.4,0.23,3.42
20250901,2025-09,313,2.23,0.17,70.5,19.6,0.23,3.47
20251001,2025-10,313,2.41,0.19,70.5,17.4,0.23,3.52
20251101,2025-11,313,2.53,0.2,70.5,10.6,0.23,3.57
20251201,2025-12,313,2.07,0.16,70.5,19.4,0.23,3.62
20220901,2022-09,314,49.46,27.48,83.7,9.6,0.16,1.53
20221001,2022-10,314,26.05,14.47,84.8,23.0,0.16,2.34
20221101,2022-11,314,8.54,4.74,77.4,15.6,0.16,2.61
20221201,2022-12,314,8.27,4.59,77.4,8.4,0.16,2.87
20230101,2023-01,314,7.45,4.14,77.4,22.0,0.16,3.1
20230201,2023-02,314,5.95,3.31,77.4,9.1,0.16,3.28
20230301,2023-03,314,5.76,3.2,77.4,13.5,0.16,3.46
20230401,2023-04,314,2.36,1.31,71.5,8.2,0.16,3.53
20230501,2023-05,314,2.31,1.28,71.5,21.7,0.16,3.6
20230601,2023-06,314,2.31,1.28,71.5,8.6,0.16,3.68
20230701,2023-07,314,2.3,1.28,71.5,15.4,0.16,3.75
20230801,2023-08,314,1.93,1.07,71.5,14.7,0.16,3.81
20230901,2023-09,314,2.23,1.24,71.5,11.1,0.16,3.88
20231001,2023-10,314,2.42,1.34,71.5,23.6,0.16,3.95
20231101,2023-11,314,2.06,1.14,71.5,16.4,0.16,4.02
20231201,2023-12,314,2.34,1.3,71.5,13.7,0.16,4.09
20240101,2024-01,314,2.36,1.31,71.5,15.5,0.16,4.16
20240201,2024-02,314,2.46,1.37,71.5,9.8,0.16,4.24
20240301,2024-03,314,2.33,1.29,71.5,17.7,0.16,4.31
20240401,2024-04,314,2.05,1.14,71.5,11.1,0.16,4.37
20240501,2024-05,314,2.49,1.38,71.5,21.8,0.16,4.45
20240601,2024-06,314,2.46,1.37,71.5,9.3,0.16,4.53
20240701,2024-07,314,1.99,1.11,71.5,23.0,0.16,4.59
20240801,2024-08,314,2.33,1.29,71.5,11.5,0.16,4.66
20240901,2024-09,314,2.35,1.31,71.5,19.2,0.16,4.73
20241001,2024-10,314,1.91,1.06,71.5,8.8,0.16,4.79
20241101,2024-11,314,2.41,1.34,71.5,22.6,0.16,4.87
20241201,2024-12,314,2.44,1.36,71.5,8.6,0.16,4.94
20250101,2025-01,314,2.51,1.39,71.5,20.9,0.16,5.02
20250201,2025-02,314,2.29,1.27,71.5,15.9,0.16,5.09
20250301,2025-03,314,2.37,1.32,71.5,9.9,0.16,5.17
20250401,2025-04,314,1.93,1.07,71.5,20.7,0.16,5.23
20250501,2025-05,314,2.19,1.22,71.5,9.2,0.16,5.29
20250601,2025-06,314,2.08,1.16,71.5,12.4,0.16,5.36
20250701,2025-07,314,2.23,1.24,71.5,13.3,0.16,5.43
20250801,2025-08,314,2.04,1.13,71.5,9.4,0.16,5.49
20250901,2025-09,314,2.26,1.26,71.5,23.7,0.0,5.56
20251001,2025-10,314,1.93,1.07,71.5,17.9,0.0,5.62
20251101,2025-11,314,2.23,1.24,71.5,15.9,0.0,5.69
20251201,2025-12,314,2.13,1.18,71.5,15.7,0.0,5.76
20240901,2024-09,315,40.76,22.64,84.3,10.4,0.26,0.78
20241001,2024-10,315,21.06,11.7,79.7,9.2,0.26,1.18
20241101,2024-11,315,8.15,4.53,74.6,18.9,0.26,1.34
20241201,2024-12,315,5.53,3.07,74.6,12.5,0.26,1.45
20250101,2025-01,315,6.07,3.37,74.6,23.9,0.26,1.56
20250201,2025-02,315,4.68,2.6,74.6,21.2,0.26,1.65
20250301,2025-03,315,4.02,2.23,74.6,11.9,0.26,1.73
20250401,2025-04,315,1.22,0.68,69.5,17.2,0.26,1.75
20250501,2025-05,315,1.18,0.66,69.5,11.4,0.26,1.77
20250601,2025-06,315,1.18,0.66,69.5,16.9,0.26,1.8
20250701,2025-07,315,1.12,0.62,69.5,12.7,0.26,1.82
20250801,2025-08,315,1.41,0.78,69.5,18.7,0.26,1.85
20250901,2025-09,315,1.25,0.69,69.5,19.4,0.26,1.87
20251001,2025-10,315,1.3,0.72,69.5,13.6,0.26,1.89
20251101,2025-11,315,1.27,0.71,69.5,11.4,0.26,1.92
20251201,2025-12,315,1.23,0.68,69.5,11.5,0.26,1.94
20230801,2023-08,316,200.77,20.91,84.6,13.2,0.63,1.59
20230901,2023-09,316,97.79,10.19,83.8,17.8,0.63,2.36
20231001,2023-10,316,40.82,4.25,77.0,12.8,0.63,2.68
20231101,2023-11,316,25.89,2.7,77.0,16.7,0.63,2.88
20231201,2023-12,316,22.68,2.36,77.0,11.0,0.63,3.06
20240101,2024-01,316,18.94,1.97,77.0,12.4,0.63,3.21
20240201,2024-02,316,18.31,1.91,77.0,10.5,0.63,3.36
20240301,2024-03,316,7.43,0.77,71.2,11.0,0.63,3.42
20240401,2024-04,316,8.05,0.84,71.2,9.7,0.63,3.48
20240501,2024-05,316,7.43,0.77,71.2,9.9,0.63,3.54
20240601,2024-06,316,7.14,0.74,71.2,15.5,0.63,3.59
20240701,2024-07,316,8.37,0.87,71.2,14.1,0.63,3.66
20240801,2024-08,316,7.43,0.77,71.2,21.0,0.63,3.72
20240901,2024-09,316,7.66,0.8,71.2,19.9,0.63,3.78
20241001,2024-10,316,6.96,0.72,71.2,22.8,0.63,3.83
20241101,2024-11,316,7.22,0.75,71.2,22.0,0.63,3.89
20241201,2024-12,316,8.21,0.86,71.2,11.7,0.63,3.96
20250101,2025-01,316,7.96,0.83,71.2,18.9,0.63,4.02
20250201,2025-02,316,8.78,0.91,71.2,16.2,0.63,4.09
20250301,2025-03,316,7.22,0.75,71.2,13.8,0.63,4.15
20250401,2025-04,316,7.95,0.83,71.2,10.9,0.63,4.21
20250501,2025-05,316,7.28,0.76,71.2,17.4,0.63,4.27
20250601,2025-06,316,8.56,0.89,71.2,8.3,0.63,4.33
20250701,2025-07,316,7.85,0.82,71.2,8.6,0.63,4.39
20250801,2025-08,316,8.13,0.85,71.2,14.6,0.63,4.46
20250901,2025-09,316,8.38,0.87,71.2,8.4,0.63,4.53
20251001,2025-10,316,8.89,0.93,71.2,13.6,0.63,4.6
20251101,2025-11,316,8.37,0.87,71.2,9.2,0.63,4.66
20251201,2025-12,316,7.44,0.77,71.2,17.3,0.63,4.72
20240201,2024-02,317,141.75,29.53,91.7,17.7,0.52,1.37
20240301,2024-03,317,84.51,17.61,76.4,17.9,0.52,2.19
20240401,2024-04,317,32.98,6.87,77.6,14.6,0.52,2.51
20240501,2024-05,317,27.7,5.77,77.6,23.4,0.52,2.78
20240601,2024-06,317,25.92,5.4,77.6,23.6,0.52,3.03
20240701,2024-07,317,20.01,4.17,77.6,18.5,0.52,3.22
20240801,2024-08,317,18.75,3.91,77.6,11.6,0.52,3.4
20240901,2024-09,317,8.04,1.67,71.7,16.6,0.52,3.48
20241001,2024-10,317,8.24,1.72,71.7,10.5,0.52,3.56
20241101,2024-11,317,7.63,1.59,71.7,11.7,0.52,3.63
20241201,2024-12,317,7.74,1.61,71.7,22.9,0.52,3.71
20250101,2025-01,317,8.35,1.74,71.7,20.9,0.52,3.79
20250201,2025-02,317,8.4,1.75,71.7,9.9,0.52,3.87
20250301,2025-03,317,8.07,1.68,71.7,13.5,0.52,3.95
20250401,2025-04,317,7.54,1.57,71.7,8.4,0.52,4.02
20250501,2025-05,317,6.65,1.39,71.7,12.4,0.52,4.09
20250601,2025-06,317,7.77,1.62,71.7,11.3,0.52,4.16
20250701,2025-07,317,6.83,1.42,71.7,16.8,0.52,4.23
20250801,2025-08,317,8.02,1.67,71.7,10.0,0.52,4.31
20250901,2025-09,317,6.69,1.39,71.7,16.0,0.52,4.37
20251001,2025-10,317,6.98,1.45,71.7,11.5,0.52,4.44
20251101,2025-11,317,7.67,1.6,71.7,16.0,0.52,4.51
20251201,2025-12,317,7.55,1.57,71.7,23.2,0.52,4.59
20251201,2025-12,318,212.47,118.04,88.1,8.1,1.02,1.04
20230301,2023-03,319,39.29,21.83,80.1,9.0,0.31,0.63
20230401,2023-04,319,24.21,13.45,74.0,16.5,0.31,1.02
20230501,2023-05,319,10.22,5.68,73.0,8.4,0.31,1.18
20230601,2023-06,319,7.44,4.13,73.0,19.0,0.31,1.3
20230701,2023-07,319,5.73,3.18,73.0,20.8,0.31,1.4
20230801,2023-08,319,5.91,3.28,73.0,23.0,0.31,1.49
20230901,2023-09,319,4.97,2.76,73.0,19.4,0.31,1.57
20231001,2023-10,319,1.09,0.61,68.2,18.3,0.31,1.59
20231101,2023-11,319,1.08,0.6,68.2,10.3,0.31,1.61
20231201,2023-12,319,1.24,0.69,68.2,21.6,0.31,1.63
20240101,2024-01,319,1.34,0.74,68.2,23.3,0.31,1.65
20240201,2024-02,319,1.34,0.74,68.2,19.9,0.31,1.67
20240301,2024-03,319,1.21,0.67,68.2,14.6,0.31,1.69
20240401,2024-04,319,1.38,0.77,68.2,15.0,0.31,1.71
20240501,2024-05,319,1.08,0.6,68.2,22.1,0.31,1.73
20240601,2024-06,319,1.11,0.62,68.2,11.6,0.31,1.75
20240701,2024-07,319,1.22,0.68,68.2,23.2,0.31,1.77
20240801,2024-08,319,1.16,0.64,68.2,21.4,0.31,1.78
20240901,2024-09,319,1.22,0.68,68.2,22.9,0.31,1.8
20241001,2024-10,319,1.09,0.61,68.2,11.1,0.31,1.82
20241101,2024-11,319,1.28,0.71,68.2,22.6,0.31,1.84
20241201,2024-12,319,1.36,0.76,68.2,15.8,0.31,1.86
20250101,2025-01,319,1.4,0.78,68.2,23.9,0.31,1.89
20250201,2025-02,319,1.25,0.69,68.2,9.2,0.31,1.91
20250301,2025-03,319,1.3,0.72,68.2,15.4,0.31,1.93
20250401,2025-04,319,1.29,0.72,68.2,10.4,0.31,1.95
20250501,2025-05,319,1.39,0.77,68.2,16.9,0.31,1.97
20250601,2025-06,319,1.36,0.76,68.2,12.4,0.31,1.99
20250701,2025-07,319,1.36,0.76,68.2,19.2,0.31,2.01
20250801,2025-08,319,1.37,0.76,68.2,23.9,0.31,2.04
20250901,2025-09,319,1.41,0.78,68.2,23.7,0.31,2.06
20251001,2025-10,319,1.34,0.74,68.2,11.2,0.31,2.08
20251101,2025-11,319,1.25,0.69,68.2,13.5,0.31,2.1
20251201,2025-12,319,1.35,0.75,68.2,18.3,0.31,2.12
20231001,2023-10,320,279.02,43.6,78.7,18.6,1.85,0.75
20231101,2023-11,320,153.62,24.0,81.0,8.1,1.85,1.17
20231201,2023-12,320,48.4,7.56,74.4,14.9,1.85,1.3
20240101,2024-01,320,48.69,7.61,74.4,21.5,1.85,1.43
20240201,2024-02,320,38.72,6.05,74.4,10.7,1.85,1.54
20240301,2024-03,320,26.39,4.12,74.4,8.8,1.85,1.61
20240401,2024-04,320,27.77,4.34,74.4,22.0,1.85,1.68
20240501,2024-05,320,7.83,1.22,69.3,14.4,1.85,1.7
20240601,2024-06,320,7.77,1.21,69.3,11.1,1.85,1.72
20240701,2024-07,320,9.05,1.41,69.3,21.9,1.85,1.75
20240801,2024-08,320,7.64,1.19,69.3,18.0,1.85,1.77
20240901,2024-09,320,8.24,1.29,69.3,23.1,1.85,1.79
20241001,2024-10,320,8.14,1.27,69.3,18.3,1.85,1.81
20241101,2024-11,320,7.48,1.17,69.3,10.0,1.85,1.83
20241201,2024-12,320,8.62,1.35,69.3,13.4,1.85,1.86
20250101,2025-01,320,8.02,1.25,69.3,16.8,1.85,1.88
20250201,2025-02,320,7.96,1.24,69.3,15.6,1.85,1.9
20250301,2025-03,320,9.54,1.49,69.3,15.9,1.85,1.93
20250401,2025-04,320,9.43,1.47,69.3,13.0,1.85,1.95
20250501,2025-05,320,8.41,1.31,69.3,15.9,1.85,1.97
20250601,2025-06,320,9.6,1.5,69.3,22.0,1.85,2.0
20250701,2025-07,320,8.67,1.35,69.3,17.1,1.85,2.02
20250801,2025-08,320,7.4,1.16,69.3,11.7,1.85,2.04
20250901,2025-09,320,7.88,1.23,69.3,20.7,1.85,2.07
20251001,2025-10,320,8.54,1.33,69.3,15.1,1.85,2.09
20251101,2025-11,320,8.18,1.28,69.3,19.7,1.85,2.11
20251201,2025-12,320,7.57,1.18,69.3,8.6,1.85,2.13
20230201,2023-02,321,307.9,42.76,84.8,19.1,1.36,1.14
20230301,2023-03,321,181.47,25.2,81.9,8.2,1.36,1.81
20230401,2023-04,321,56.02,7.78,75.8,21.2,1.36,2.01
20230501,2023-05,321,60.53,8.41,75.8,18.2,1.36,2.23
20230601,2023-06,321,43.21,6.0,75.8,22.6,1.36,2.39
20230701,2023-07,321,37.68,5.23,75.8,15.8,1.36,2.53
20230801,2023-08,321,32.19,4.47,75.8,18.5,1.36,2.65
20230901,2023-09,321,12.7,1.76,70.3,11.2,1.36,2.7
20231001,2023-10,321,14.35,1.99,70.3,20.9,1.36,2.75
20231101,2023-11,321,13.19,1.83,70.3,14.3,1.36,2.8
20231201,2023-12,321,11.46,1.59,70.3,11.8,1.36,2.84
20240101,2024-01,321,13.4,1.86,70.3,13.8,1.36,2.89
20240201,2024-02,321,12.48,1.73,70.3,22.7,1.36,2.94
20240301,2024-03,321,13.09,1.82,70.3,15.6,1.36,2.99
20240401,2024-04,321,13.57,1.88,70.3,16.0,1.36,3.04
20240501,2024-05,321,13.82,1.92,70.3,23.6,1.36,3.09
20240601,2024-06,321,10.77,1.5,70.3,13.7,1.36,3.13
20240701,2024-07,321,12.16,1.69,70.3,23.2,1.36,3.17
20240801,2024-08,321,12.08,1.68,70.3,11.5,1.36,3.22
20240901,2024-09,321,12.51,1.74,70.3,9.2,1.36,3.26
20241001,2024-10,321,13.59,1.89,70.3,12.1,1.36,3.31
20241101,2024-11,321,13.4,1.86,70.3,23.0,1.36,3.36
20241201,2024-12,321,12.71,1.77,70.3,11.4,1.36,3.41
20250101,2025-01,321,14.03,1.95,70.3,22.4,1.36,3.46
20250201,2025-02,321,13.43,1.87,70.3,9.7,1.36,3.51
20250301,2025-03,321,11.4,1.58,70.3,11.8,1.36,3.55
20250401,2025-04,321,13.24,1.84,70.3,23.5,1.36,3.6
20250501,2025-05,321,13.8,1.92,70.3,15.9,1.36,3.65
20250601,2025-06,321,13.76,1.91,70.3,17.8,1.36,3.7
20250701,2025-07,321,11.72,1.63,70.3,10.5,1.36,3.75
20250801,2025-08,321,10.78,1.5,70.3,18.4,1.36,3.79
20250901,2025-09,321,13.51,1.88,70.3,11.8,1.36,3.84
20251001,2025-10,321,14.04,1.95,70.3,16.0,1.36,3.89
20251101,2025-11,321,11.34,1.57,70.3,14.5,1.36,3.93
20251201,2025-12,321,13.82,1.92,70.3,13.3,1.36,3.98
20220601,2022-06,322,34.21,4.28,87.4,19.9,0.18,0.93
20220701,2022-07,322,15.4,1.93,82.6,20.4,0.18,1.35
20220801,2022-08,322,6.26,0.78,73.8,19.7,0.18,1.52
20220901,2022-09,322,4.79,0.6,73.8,16.2,0.18,1.65
20221001,2022-10,322,4.12,0.52,73.8,12.2,0.18,1.77
20221101,2022-11,322,4.13,0.52,73.8,22.3,0.18,1.88
20221201,2022-12,322,3.34,0.42,73.8,18.5,0.18,1.97
20230101,2023-01,322,0.85,0.11,68.8,16.0,0.18,1.99
20230201,2023-02,322,0.92,0.12,68.8,17.2,0.18,2.02
20230301,2023-03,322,0.99,0.12,68.8,13.6,0.18,2.05
20230401,2023-04,322,1.05,0.13,68.8,10.6,0.18,2.07
20230501,2023-05,322,0.85,0.11,68.8,11.3,0.18,2.1
20230601,2023-06,322,0.93,0.12,68.8,20.7,0.18,2.12
20230701,2023-07,322,0.93,0.12,68.8,23.6,0.18,2.15
20230801,2023-08,322,0.81,0.1,68.8,23.2,0.18,2.17
20230901,2023-09,322,0.97,0.12,68.8,20.8,0.18,2.2
20231001,2023-10,322,1.04,0.13,68.8,10.3,0.18,2.23
20231101,2023-11,322,0.98,0.12,68.8,10.7,0.18,2.25
20231201,2023-12,322,0.98,0.12,68.8,17.1,0.18,2.28
20240101,2024-01,322,0.82,0.1,68.8,22.6,0.18,2.3
20240201,2024-02,322,1.06,0.13,68.8,16.6,0.18,2.33
20240301,2024-03,322,0.84,0.1,68.8,13.0,0.18,2.35
20240401,2024-04,322,0.95,0.12,68.8,11.3,0.18,2.38
20240501,2024-05,322,0.91,0.11,68.8,22.9,0.18,2.4
20240601,2024-06,322,1.09,0.14,68.8,22.4,0.18,2.43
20240701,2024-07,322,0.85,0.11,68.8,21.0,0.18,2.46
20240801,2024-08,322,0.98,0.12,68.8,13.7,0.18,2.48
20240901,2024-09,322,0.82,0.1,68.8,15.0,0.18,2.51
20241001,2024-10,322,1.05,0.13,68.8,15.5,0.18,2.53
20241101,2024-11,322,0.98,0.12,68.8,14.3,0.18,2.56
20241201,2024-12,322,0.95,0.12,68.8,12.9,0.18,2.59
20250101,2025-01,322,1.05,0.13,68.8,22.3,0.18,2.62
20250201,2025-02,322,1.02,0.13,68.8,11.9,0.18,2.64
20250301,2025-03,322,1.03,0.13,68.8,16.1,0.18,2.67
20250401,2025-04,322,0.83,0.1,68.8,18.2,0.18,2.69
20250501,2025-05,322,1.0,0.12,68.8,8.9,0.18,2.72
20250601,2025-06,322,0.92,0.12,68.8,17.1,0.0,2.75
20250701,2025-07,322,0.89,0.11,68.8,12.9,0.0,2.77
20250801,2025-08,322,0.93,0.12,68.8,18.7,0.0,2.8
20250901,2025-09,322,0.99,0.12,68.8,23.9,0.0,2.82
20251001,2025-10,322,0.95,0.12,68.8,16.0,0.0,2.85
20251101,2025-11,322,0.83,0.1,68.8,18.6,0.0,2.87
20251201,2025-12,322,0.92,0.12,68.8,21.2,0.0,2.9
20220201,2022-02,323,121.07,67.26,84.1,15.3,0.61,0.99
20220301,2022-03,323,67.81,37.67,79.9,14.7,0.61,1.54
20220401,2022-04,323,25.66,14.26,75.6,18.8,0.61,1.75
20220501,2022-05,323,25.78,14.32,75.6,19.8,0.61,1.96
20220601,2022-06,323,19.72,10.96,75.6,15.5,0.61,2.12
20220701,2022-07,323,16.95,9.42,75.6,18.0,0.61,2.26
20220801,2022-08,323,13.23,7.35,75.6,9.9,0.61,2.36
20220901,2022-09,323,5.65,3.14,70.2,12.2,0.61,2.41
20221001,2022-10,323,6.03,3.35,70.2,23.9,0.61,2.46
20221101,2022-11,323,5.81,3.23,70.2,14.8,0.61,2.51
20221201,2022-12,323,5.12,2.84,70.2,16.1,0.61,2.55
20230101,2023-01,323,5.57,3.09,70.2,12.2,0.61,2.59
20230201,2023-02,323,5.0,2.78,70.2,23.3,0.61,2.63
20230301,2023-03,323,4.88,2.71,70.2,21.2,0.61,2.67
20230401,2023-04,323,4.69,2.61,70.2,9.9,0.61,2.71
20230501,2023-05,323,5.41,3.01,70.2,13.5,0.61,2.76
20230601,2023-06,323,6.15,3.42,70.2,8.9,0.61,2.81
20230701,2023-07,323,5.88,3.27,70.2,17.2,0.61,2.85
20230801,2023-08,323,4.82,2.68,70.2,8.0,0.61,2.89
20230901,2023-09,323,5.91,3.28,70.2,20.7,0.61,2.94
20231001,2023-10,323,5.8,3.22,70.2,19.5,0.61,2.99
20231101,2023-11,323,5.85,3.25,70.2,11.2,0.61,3.04
20231201,2023-12,323,5.84,3.24,70.2,10.1,0.61,3.08
20240101,2024-01,323,4.57,2.54,70.2,11.1,0.61,3.12
20240201,2024-02,323,5.26,2.92,70.2,14.6,0.61,3.16
20240301,2024-03,323,5.37,2.98,70.2,24.0,0.61,3.21
20240401,2024-04,323,5.23,2.91,70.2,9.0,0.61,3.25
20240501,2024-05,323,5.44,3.02,70.2,18.1,0.61,3.29
20240601,2024-06,323,5.4,3.0,70.2,10.2,0.61,3.34
20240701,2024-07,323,5.8,3.22,70.2,15.8,0.61,3.39
20240801,2024-08,323,5.01,2.78,70.2,14.2,0.61,3.43
20240901,2024-09,323,4.76,2.64,70.2,13.3,0.61,3.47
20241001,2024-10,323,5.61,3.12,70.2,11.0,0.61,3.51
20241101,2024-11,323,5.4,3.0,70.2,13.4,0.61,3.56
20241201,2024-12,323,5.05,2.81,70.2,21.5,0.61,3.6
20250101,2025-01,323,4.71,2.62,70.2,10.4,0.61,3.63
20250201,2025-02,323,4.77,2.65,70.2,10.4,0.0,3.67
20250301,2025-03,323,4.86,2.7,70.2,20.3,0.0,3.71
20250401,2025-04,323,4.8,2.67,70.2,18.7,0.0,3.75
20250501,2025-05,323,4.9,2.72,70.2,22.4,0.0,3.79
20250601,2025-06,323,4.77,2.65,70.2,11.9,0.0,3.83
20250701,2025-07,323,4.78,2.66,70.2,20.1,0.0,3.87
20250801,2025-08,323,4.74,2.63,70.2,14.3,0.0,3.91
20250901,2025-09,323,4.64,2.58,70.2,21.4,0.0,3.95
20251001,2025-10,323,4.82,2.68,70.2,14.9,0.0,3.99
20251101,2025-11,323,6.08,3.38,70.2,22.1,0.0,4.03
20251201,2025-12,323,5.4,3.0,70.2,9.9,0.0,4.08
20230501,2023-05,324,40.83,22.68,84.8,14.2,0.38,0.53
20230601,2023-06,324,22.84,12.69,75.5,23.5,0.38,0.83
20230701,2023-07,324,8.98,4.99,71.8,21.0,0.38,0.95
20230801,2023-08,324,6.42,3.57,71.8,10.5,0.38,1.03
20230901,2023-09,324,5.59,3.11,71.8,15.6,0.38,1.1
20231001,2023-10,324,5.19,2.88,71.8,17.3,0.38,1.17
20231101,2023-11,324,4.74,2.63,71.8,8.5,0.38,1.23
20231201,2023-12,324,1.0,0.56,67.3,16.3,0.38,1.25
20240101,2024-01,324,0.88,0.49,67.3,19.2,0.38,1.26
20240201,2024-02,324,1.02,0.57,67.3,21.0,0.38,1.27
20240301,2024-03,324,1.03,0.57,67.3,18.1,0.38,1.29
20240401,2024-04,324,0.85,0.47,67.3,8.6,0.38,1.3
20240501,2024-05,324,0.93,0.52,67.3,22.1,0.38,1.31
20240601,2024-06,324,1.05,0.58,67.3,23.7,0.38,1.32
20240701,2024-07,324,1.08,0.6,67.3,19.1,0.38,1.34
20240801,2024-08,324,1.02,0.57,67.3,9.6,0.38,1.35
20240901,2024-09,324,1.05,0.58,67.3,17.3,0.38,1.36
20241001,2024-10,324,1.03,0.57,67.3,15.2,0.38,1.38
20241101,2024-11,324,0.84,0.47,67.3,14.5,0.38,1.39
20241201,2024-12,324,0.95,0.53,67.3,12.8,0.38,1.4
20250101,2025-01,324,0.84,0.47,67.3,20.3,0.38,1.41
20250201,2025-02,324,0.94,0.52,67.3,23.8,0.38,1.42
20250301,2025-03,324,1.13,0.63,67.3,11.7,0.38,1.44
20250401,2025-04,324,0.93,0.52,67.3,23.5,0.38,1.45
20250501,2025-05,324,0.97,0.54,67.3,15.0,0.38,1.46
20250601,2025-06,324,1.12,0.62,67.3,18.8,0.38,1.48
20250701,2025-07,324,0.92,0.51,67.3,19.2,0.38,1.49
20250801,2025-08,324,0.88,0.49,67.3,19.4,0.38,1.5
20250901,2025-09,324,1.04,0.58,67.3,21.5,0.38,1.51
20251001,2025-10,324,1.06,0.59,67.3,21.3,0.38,1.53
20251101,2025-11,324,0.97,0.54,67.3,8.9,0.38,1.54
20251201,2025-12,324,0.99,0.55,67.3,17.3,0.38,1.55
20240501,2024-05,325,22.05,4.59,78.6,8.7,0.21,0.53
20240601,2024-06,325,13.58,2.83,77.3,23.7,0.21,0.86
20240701,2024-07,325,3.92,0.82,73.0,10.7,0.21,0.95
20240801,2024-08,325,4.16,0.87,73.0,12.2,0.21,1.05
20240901,2024-09,325,2.99,0.62,73.0,14.4,0.21,1.12
20241001,2024-10,325,2.92,0.61,73.0,20.1,0.21,1.19
20241101,2024-11,325,2.09,0.44,73.0,9.8,0.21,1.24
20241201,2024-12,325,0.56,0.12,68.2,22.4,0.21,1.25
20250101,2025-01,325,0.68,0.14,68.2,9.3,0.21,1.27
20250201,2025-02,325,0.58,0.12,68.2,20.7,0.21,1.28
20250301,2025-03,325,0.69,0.14,68.2,22.5,0.21,1.3
20250401,2025-04,325,0.56,0.12,68.2,19.2,0.21,1.31
20250501,2025-05,325,0.67,0.14,68.2,8.9,0.21,1.33
20250601,2025-06,325,0.55,0.11,68.2,13.7,0.21,1.34
20250701,2025-07,325,0.66,0.14,68.2,19.6,0.21,1.36
20250801,2025-08,325,0.67,0.14,68.2,21.4,0.21,1.38
20250901,2025-09,325,0.65,0.14,68.2,11.9,0.21,1.39
20251001,2025-10,325,0.57,0.12,68.2,17.5,0.21,1.41
20251101,2025-11,325,0.66,0.14,68.2,22.4,0.21,1.42
20251201,2025-12,325,0.57,0.12,68.2,23.7,0.21,1.43
20231101,2023-11,326,36.73,20.41,89.7,16.3,0.22,0.83
20231201,2023-12,326,17.11,9.51,80.7,19.9,0.22,1.21
20240101,2024-01,326,6.7,3.72,75.2,20.0,0.22,1.36
20240201,2024-02,326,6.72,3.73,75.2,23.3,0.22,1.51
20240301,2024-03,326,5.61,3.12,75.2,19.1,0.22,1.64
20240401,2024-04,326,4.07,2.26,75.2,14.1,0.22,1.73
20240501,2024-05,326,3.51,1.95,75.2,10.7,0.22,1.81
20240601,2024-06,326,1.22,0.68,69.9,11.5,0.22,1.84
20240701,2024-07,326,1.33,0.74,69.9,17.7,0.22,1.87
20240801,2024-08,326,1.42,0.79,69.9,10.9,0.22,1.9
20240901,2024-09,326,1.32,0.73,69.9,8.1,0.22,1.93
20241001,2024-10,326,1.43,0.79,69.9,14.7,0.22,1.96
20241101,2024-11,326,1.23,0.68,69.9,10.8,0.22,1.99
20241201,2024-12,326,1.32,0.73,69.9,19.8,0.22,2.02
20250101,2025-01,326,1.33,0.74,69.9,15.1,0.22,2.05
20250201,2025-02,326,1.35,0.75,69.9,23.8,0.22,2.08
20250301,2025-03,326,1.27,0.71,69.9,19.1,0.22,2.11
20250401,2025-04,326,1.11,0.62,69.9,11.7,0.22,2.13
20250501,2025-05,326,1.4,0.78,69.9,20.1,0.22,2.16
20250601,2025-06,326,1.22,0.68,69.9,12.7,0.22,2.19
20250701,2025-07,326,1.42,0.79,69.9,22.8,0.22,2.22
20250801,2025-08,326,1.27,0.71,69.9,13.2,0.22,2.25
20250901,2025-09,326,1.11,0.62,69.9,12.6,0.22,2.28
20251001,2025-10,326,1.28,0.71,69.9,12.9,0.22,2.31
20251101,2025-11,326,1.24,0.69,69.9,12.4,0.22,2.33
20251201,2025-12,326,1.45,0.81,69.9,14.5,0.22,2.37
20240501,2024-05,327,511.15,106.49,88.7,12.8,2.04,1.25
20240601,2024-06,327,321.4,66.96,84.7,23.0,2.04,2.04
20240701,2024-07,327,125.07,26.06,77.0,15.1,2.04,2.35
20240801,2024-08,327,93.54,19.49,77.0,12.9,2.04,2.57
20240901,2024-09,327,91.89,19.14,77.0,17.8,2.04,2.8
20241001,2024-10,327,64.68,13.47,77.0,24.0,2.04,2.96
20241101,2024-11,327,60.26,12.55,77.0,15.0,2.04,3.11
20241201,2024-12,327,26.76,5.57,71.2,14.6,2.04,3.17
20250101,2025-01,327,22.66,4.72,71.2,17.0,2.04,3.23
20250201,2025-02,327,27.27,5.68,71.2,17.1,2.04,3.29
20250301,2025-03,327,28.95,6.03,71.2,22.1,2.04,3.36
20250401,2025-04,327,22.57,4.7,71.2,11.2,2.04,3.42
20250501,2025-05,327,22.16,4.62,71.2,22.4,2.04,3.47
20250601,2025-06,327,25.8,5.37,71.2,16.2,2.04,3.54
20250701,2025-07,327,24.68,5.14,71.2,9.0,2.04,3.6
20250801,2025-08,327,23.66,4.93,71.2,10.2,2.04,3.66
20250901,2025-09,327,27.96,5.82,71.2,10.6,2.04,3.72
20251001,2025-10,327,27.21,5.67,71.2,23.0,2.04,3.79
20251101,2025-11,327,24.66,5.14,71.2,11.1,2.04,3.85
20251201,2025-12,327,27.74,5.78,71.2,12.5,2.04,3.92
20221101,2022-11,328,37.44,20.8,82.4,21.7,0.22,0.86
20221201,2022-12,328,24.79,13.77,77.3,8.9,0.22,1.44
20230101,2023-01,328,7.69,4.27,76.6,21.4,0.22,1.61
20230201,2023-02,328,7.14,3.97,76.6,15.3,0.22,1.78
20230301,2023-03,328,6.36,3.53,76.6,10.8,0.22,1.93
20230401,2023-04,328,4.83,2.68,76.6,23.0,0.22,2.04
20230501,2023-05,328,4.03,2.24,76.6,22.9,0.22,2.13
20230601,2023-06,328,1.8,1.0,71.0,12.6,0.22,2.17
20230701,2023-07,328,1.54,0.86,71.0,18.9,0.22,2.21
20230801,2023-08,328,1.73,0.96,71.0,19.8,0.22,2.25
20230901,2023-09,328,1.63,0.91,71.0,15.2,0.22,2.28
20231001,2023-10,328,1.64,0.91,71.0,23.3,0.22,2.32
20231101,2023-11,328,2.03,1.13,71.0,9.1,0.22,2.37
20231201,2023-12,328,1.7,0.94,71.0,10.3,0.22,2.41
20240101,2024-01,328,1.73,0.96,71.0,20.4,0.22,2.45
20240201,2024-02,328,1.68,0.93,71.0,13.0,0.22,2.49
20240301,2024-03,328,1.93,1.07,71.0,18.2,0.22,2.53
20240401,2024-04,328,1.91,1.06,71.0,15.7,0.22,2.58
20240501,2024-05,328,2.05,1.14,71.0,15.8,0.22,2.62
20240601,2024-06,328,1.77,0.98,71.0,13.2,0.22,2.66
20240701,2024-07,328,1.54,0.86,71.0,18.5,0.22,2.7
20240801,2024-08,328,1.96,1.09,71.0,11.9,0.22,2.74
20240901,2024-09,328,1.84,1.02,71.0,18.0,0.22,2.79
20241001,2024-10,328,1.56,0.87,71.0,20.8,0.22,2.82
20241101,2024-11,328,1.61,0.89,71.0,18.5,0.22,2.86
20241201,2024-12,328,1.76,0.98,71.0,16.7,0.22,2.9
20250101,2025-01,328,1.96,1.09,71.0,20.5,0.22,2.95
20250201,2025-02,328,1.75,0.97,71.0,10.0,0.22,2.99
20250301,2025-03,328,2.0,1.11,71.0,12.9,0.22,3.03
20250401,2025-04,328,1.73,0.96,71.0,17.2,0.22,3.07
20250501,2025-05,328,1.56,0.87,71.0,11.3,0.22,3.11
20250601,2025-06,328,1.96,1.09,71.0,10.7,0.22,3.15
20250701,2025-07,328,1.75,0.97,71.0,18.7,0.22,3.19
20250801,2025-08,328,1.58,0.88,71.0,22.2,0.22,3.23
20250901,2025-09,328,1.98,1.1,71.0,15.6,0.22,3.28
20251001,2025-10,328,1.92,1.07,71.0,15.5,0.22,3.32
20251101,2025-11,328,1.7,0.94,71.0,10.1,0.0,3.36
20251201,2025-12,328,1.98,1.1,71.0,11.6,0.0,3.41
20220801,2022-08,329,281.32,35.16,85.9,10.6,0.7,2.0
20220901,2022-09,329,136.47,17.06,88.5,20.2,0.7,2.97
20221001,2022-10,329,47.04,5.88,78.6,18.4,0.7,3.31
20221101,2022-11,329,40.73,5.09,78.6,14.7,0.7,3.6
20221201,2022-12,329,37.29,4.66,78.6,8.9,0.7,3.86
20230101,2023-01,329,33.64,4.21,78.6,24.0,0.7,4.1
20230201,2023-02,329,22.22,2.78,78.6,12.6,0.7,4.26
20230301,2023-03,329,11.09,1.39,72.5,11.8,0.7,4.34
20230401,2023-04,329,13.5,1.69,72.5,8.4,0.7,4.43
20230501,2023-05,329,13.37,1.67,72.5,23.2,0.7,4.53
20230601,2023-06,329,12.06,1.51,72.5,15.7,0.7,4.62
20230701,2023-07,329,12.99,1.62,72.5,10.7,0.7,4.71
20230801,2023-08,329,13.78,1.72,72.5,14.2,0.7,4.81
20230901,2023-09,329,12.11,1.51,72.5,9.2,0.7,4.89
20231001,2023-10,329,12.15,1.52,72.5,16.1,0.7,4.98
20231101,2023-11,329,12.02,1.5,72.5,21.0,0.7,5.06
20231201,2023-12,329,14.29,1.79,72.5,15.5,0.7,5.17
20240101,2024-01,329,10.79,1.35,72.5,16.7,0.7,5.24
20240201,2024-02,329,13.58,1.7,72.5,24.0,0.7,5.34
20240301,2024-03,329,11.45,1.43,72.5,18.4,0.7,5.42
20240401,2024-04,329,11.41,1.43,72.5,9.4,0.7,5.5
20240501,2024-05,329,13.46,1.68,72.5,18.5,0.7,5.6
20240601,2024-06,329,12.16,1.52,72.5,9.9,0.7,5.68
20240701,2024-07,329,13.52,1.69,72.5,11.6,0.7,5.78
20240801,2024-08,329,12.0,1.5,72.5,21.9,0.7,5.87
20240901,2024-09,329,14.05,1.76,72.5,17.5,0.7,5.97
20241001,2024-10,329,12.12,1.51,72.5,14.6,0.7,6.05
20241101,2024-11,329,12.54,1.57,72.5,10.7,0.7,6.14
20241201,2024-12,329,11.58,1.45,72.5,19.0,0.7,6.22
20250101,2025-01,329,14.04,1.75,72.5,14.9,0.7,6.32
20250201,2025-02,329,14.3,1.79,72.5,22.6,0.7,6.43
20250301,2025-03,329,12.15,1.52,72.5,14.9,0.7,6.51
20250401,2025-04,329,10.82,1.35,72.5,21.1,0.7,6.59
20250501,2025-05,329,10.92,1.36,72.5,22.3,0.7,6.67
20250601,2025-06,329,12.42,1.55,72.5,10.1,0.7,6.75
20250701,2025-07,329,13.01,1.63,72.5,12.3,0.7,6.85
20250801,2025-08,329,11.12,1.39,72.5,12.9,0.0,6.93
20250901,2025-09,329,12.46,1.56,72.5,20.4,0.0,7.01
20251001,2025-10,329,11.74,1.47,72.5,12.1,0.0,7.1
20251101,2025-11,329,10.79,1.35,72.5,16.3,0.0,7.18
20251201,2025-12,329,12.82,1.6,72.5,14.4,0.0,7.27
20240301,2024-03,330,116.16,10.37,85.9,13.3,0.37,1.57
20240401,2024-04,330,57.94,5.17,83.6,18.2,0.37,2.36
20240501,2024-05,330,18.13,1.62,76.8,17.9,0.37,2.6
20240601,2024-06,330,16.31,1.46,76.8,12.8,0.37,2.82
20240701,2024-07,330,14.16,1.26,76.8,17.9,0.37,3.01
20240801,2024-08,330,13.54,1.21,76.8,10.2,0.37,3.2
20240901,2024-09,330,11.47,1.02,76.8,17.4,0.37,3.35
20241001,2024-10,330,4.63,0.41,71.1,12.9,0.37,3.42
20241101,2024-11,330,4.13,0.37,71.1,18.4,0.37,3.47
20241201,2024-12,330,4.05,0.36,71.1,22.7,0.37,3.53
20250101,2025-01,330,3.78,0.34,71.1,21.7,0.37,3.58
20250201,2025-02,330,4.9,0.44,71.1,12.1,0.37,3.64
20250301,2025-03,330,4.81,0.43,71.1,16.4,0.37,3.71
20250401,2025-04,330,4.51,0.4,71.1,23.9,0.37,3.77
20250501,2025-05,330,4.25,0.38,71.1,16.7,0.37,3.83
20250601,2025-06,330,4.74,0.42,71.1,15.1,0.37,3.89
20250701,2025-07,330,4.82,0.43,71.1,9.5,0.37,3.96
20250801,2025-08,330,4.51,0.4,71.1,23.7,0.37,4.02
20250901,2025-09,330,4.94,0.44,71.1,21.1,0.37,4.08
20251001,2025-10,330,4.7,0.42,71.1,22.6,0.37,4.15
20251101,2025-11,330,3.73,0.33,71.1,16.3,0.37,4.2
20251201,2025-12,330,3.92,0.35,71.1,16.9,0.37,4.25
20230901,2023-09,331,88.55,6.92,84.9,16.5,0.39,1.12
20231001,2023-10,331,51.22,4.0,79.2,11.7,0.39,1.77
20231101,2023-11,331,14.31,1.12,75.0,12.3,0.39,1.95
20231201,2023-12,331,14.91,1.16,75.0,17.0,0.39,2.14
20240101,2024-01,331,13.14,1.03,75.0,11.1,0.39,2.31
20240201,2024-02,331,10.93,0.85,75.0,18.7,0.39,2.45
20240301,2024-03,331,7.24,0.57,75.0,10.5,0.39,2.54
20240401,2024-04,331,2.88,0.22,69.8,11.2,0.39,2.58
20240501,2024-05,331,3.01,0.24,69.8,22.5,0.39,2.61
20240601,2024-06,331,3.15,0.25,69.8,11.7,0.39,2.65
20240701,2024-07,331,2.6,0.2,69.8,20.7,0.39,2.69
20240801,2024-08,331,3.08,0.24,69.8,19.2,0.39,2.73
20240901,2024-09,331,2.67,0.21,69.8,15.4,0.39,2.76
20241001,2024-10,331,3.04,0.24,69.8,19.3,0.39,2.8
20241101,2024-11,331,3.15,0.25,69.8,15.5,0.39,2.84
20241201,2024-12,331,2.68,0.21,69.8,9.7,0.39,2.87
20250101,2025-01,331,3.33,0.26,69.8,10.2,0.39,2.91
20250201,2025-02,331,2.85,0.22,69.8,10.2,0.39,2.95
20250301,2025-03,331,3.34,0.26,69.8,8.1,0.39,2.99
20250401,2025-04,331,2.91,0.23,69.8,15.7,0.39,3.03
20250501,2025-05,331,3.21,0.25,69.8,12.8,0.39,3.07
20250601,2025-06,331,2.68,0.21,69.8,14.7,0.39,3.1
20250701,2025-07,331,3.11,0.24,69.8,23.2,0.39,3.14
20250801,2025-08,331,2.67,0.21,69.8,14.8,0.39,3.18
20250901,2025-09,331,3.03,0.24,69.8,13.6,0.39,3.22
20251001,2025-10,331,3.19,0.25,69.8,12.7,0.39,3.26
20251101,2025-11,331,2.73,0.21,69.8,21.6,0.39,3.29
20251201,2025-12,331,2.65,0.21,69.8,17.0,0.39,3.32
20220201,2022-02,332,201.01,27.92,90.4,17.9,0.52,1.95
20220301,2022-03,332,92.1,12.79,82.1,16.0,0.52,2.84
20220401,2022-04,332,34.18,4.75,78.4,9.2,0.52,3.17
20220501,2022-05,332,25.89,3.6,78.4,14.8,0.52,3.42
20220601,2022-06,332,29.54,4.1,78.4,16.6,0.52,3.7
20220701,2022-07,332,22.63,3.14,78.4,18.1,0.52,3.92
20220801,2022-08,332,19.54,2.71,78.4,15.1,0.52,4.11
20220901,2022-09,332,9.59,1.33,72.3,21.1,0.52,4.2
20221001,2022-10,332,8.78,1.22,72.3,16.2,0.52,4.29
20221101,2022-11,332,8.63,1.2,72.3,12.4,0.52,4.37
20221201,2022-12,332,9.55,1.33,72.3,12.1,0.52,4.47
20230101,2023-01,332,9.73,1.35,72.3,23.9,0.52,4.56
20230201,2023-02,332,8.8,1.22,72.3,10.7,0.52,4.64
20230301,2023-03,332,8.48,1.18,72.3,16.9,0.52,4.73
20230401,2023-04,332,9.14,1.27,72.3,12.5,0.52,4.82
20230501,2023-05,332,7.87,1.09,72.3,9.1,0.52,4.89
20230601,2023-06,332,7.62,1.06,72.3,23.4,0.52,4.97
20230701,2023-07,332,7.59,1.05,72.3,17.9,0.52,5.04
20230801,2023-08,332,7.86,1.09,72.3,9.9,0.52,5.11
20230901,2023-09,332,9.66,1.34,72.3,11.9,0.52,5.21
20231001,2023-10,332,10.0,1.39,72.3,8.6,0.52,5.31
20231101,2023-11,332,9.03,1.25,72.3,17.9,0.52,5.39
20231201,2023-12,332,7.95,1.1,72.3,22.5,0.52,5.47
20240101,2024-01,332,9.44,1.31,72.3,13.7,0.52,5.56
20240201,2024-02,332,8.98,1.25,72.3,18.6,0.52,5.65
20240301,2024-03,332,8.77,1.22,72.3,10.6,0.52,5.73
20240401,2024-04,332,10.01,1.39,72.3,16.9,0.52,5.83
20240501,2024-05,332,9.86,1.37,72.3,13.1,0.52,5.92
20240601,2024-06,332,8.62,1.2,72.3,10.7,0.52,6.01
20240701,2024-07,332,9.79,1.36,72.3,20.6,0.52,6.1
20240801,2024-08,332,9.08,1.26,72.3,9.8,0.52,6.19
20240901,2024-09,332,8.1,1.12,72.3,11.1,0.52,6.27
20241001,2024-10,332,10.01,1.39,72.3,14.2,0.52,6.37
20241101,2024-11,332,7.77,1.08,72.3,19.2,0.52,6.44
20241201,2024-12,332,9.51,1.32,72.3,19.0,0.52,6.53
20250101,2025-01,332,8.63,1.2,72.3,23.3,0.52,6.62
20250201,2025-02,332,9.86,1.37,72.3,13.3,0.0,6.71
20250301,2025-03,332,8.2,1.14,72.3,11.7,0.0,6.79
20250401,2025-04,332,7.7,1.07,72.3,20.8,0.0,6.87
20250501,2025-05,332,7.68,1.07,72.3,14.5,0.0,6.94
20250601,2025-06,332,9.29,1.29,72.3,9.2,0.0,7.03
20250701,2025-07,332,9.09,1.26,72.3,17.0,0.0,7.12
20250801,2025-08,332,8.06,1.12,72.3,20.6,0.0,7.2
20250901,2025-09,332,7.83,1.09,72.3,12.2,0.0,7.27
20251001,2025-10,332,7.55,1.05,72.3,17.2,0.0,7.35
20251101,2025-11,332,7.95,1.1,72.3,19.3,0.0,7.42
20251201,2025-12,332,8.52,1.18,72.3,9.0,0.0,7.5
20241101,2024-11,333,46.51,25.84,84.9,23.6,0.25,0.93
20241201,2024-12,333,25.36,14.09,79.4,21.9,0.25,1.44
20250101,2025-01,333,8.38,4.66,76.0,16.2,0.25,1.6
20250201,2025-02,333,8.23,4.57,76.0,13.9,0.25,1.77
20250301,2025-03,333,5.54,3.08,76.0,14.3,0.25,1.88
20250401,2025-04,333,5.5,3.06,76.0,17.1,0.25,1.99
20250501,2025-05,333,4.5,2.5,76.0,20.2,0.25,2.08
20250601,2025-06,333,1.87,1.04,70.5,19.8,0.25,2.12
20250701,2025-07,333,1.65,0.92,70.5,20.5,0.25,2.15
20250801,2025-08,333,1.56,0.87,70.5,22.3,0.25,2.18
20250901,2025-09,333,1.73,0.96,70.5,10.1,0.25,2.22
20251001,2025-10,333,1.76,0.98,70.5,21.8,0.25,2.25
20251101,2025-11,333,1.55,0.86,70.5,17.8,0.25,2.28
20251201,2025-12,333,1.7,0.94,70.5,18.4,0.25,2.32
20230601,2023-06,334,256.83,142.68,88.3,15.2,1.11,1.16
20230701,2023-07,334,144.15,80.08,82.9,10.0,1.11,1.8
20230801,2023-08,334,41.84,23.24,75.4,18.9,1.11,1.99
20230901,2023-09,334,37.74,20.97,75.4,15.3,1.11,2.16
20231001,2023-10,334,30.51,16.95,75.4,9.9,1.11,2.3
20231101,2023-11,334,32.94,18.3,75.4,23.1,1.11,2.45
20231201,2023-12,334,23.24,12.91,75.4,15.6,1.11,2.55
20240101,2024-01,334,8.6,4.78,70.0,24.0,1.11,2.59
20240201,2024-02,334,9.56,5.31,70.0,9.6,1.11,2.63
20240301,2024-03,334,9.49,5.27,70.0,14.7,1.11,2.68
20240401,2024-04,334,10.15,5.64,70.0,20.3,1.11,2.72
20240501,2024-05,334,8.41,4.67,70.0,17.5,1.11,2.76
20240601,2024-06,334,8.55,4.75,70.0,10.4,1.11,2.8
20240701,2024-07,334,9.17,5.09,70.0,14.0,1.11,2.84
20240801,2024-08,334,8.93,4.96,70.0,19.1,1.11,2.88
20240901,2024-09,334,8.45,4.69,70.0,21.2,1.11,2.92
20241001,2024-10,334,10.46,5.81,70.0,9.8,1.11,2.97
20241101,2024-11,334,8.11,4.51,70.0,23.6,1.11,3.0
20241201,2024-12,334,9.77,5.43,70.0,10.2,1.11,3.05
20250101,2025-01,334,8.01,4.45,70.0,21.1,1.11,3.08
20250201,2025-02,334,8.01,4.45,70.0,17.2,1.11,3.12
20250301,2025-03,334,10.01,5.56,70.0,22.8,1.11,3.16
20250401,2025-04,334,8.07,4.48,70.0,17.1,1.11,3.2
20250501,2025-05,334,9.72,5.4,70.0,8.9,1.11,3.24
20250601,2025-06,334,9.64,5.36,70.0,21.2,1.11,3.29
20250701,2025-07,334,8.79,4.88,70.0,16.5,1.11,3.33
20250801,2025-08,334,8.95,4.97,70.0,15.3,1.11,3.37
20250901,2025-09,334,8.23,4.57,70.0,13.9,1.11,3.4
20251001,2025-10,334,8.93,4.96,70.0,15.0,1.11,3.44
20251101,2025-11,334,10.16,5.64,70.0,17.8,1.11,3.49
20251201,2025-12,334,9.41,5.23,70.0,13.4,1.11,3.53
20240501,2024-05,335,546.27,45.52,91.0,15.0,1.2,2.28
20240601,2024-06,335,305.38,25.45,81.5,9.0,1.2,3.55
20240701,2024-07,335,100.48,8.37,80.8,13.5,1.2,3.97
20240801,2024-08,335,85.11,7.09,80.8,14.7,1.2,4.32
20240901,2024-09,335,75.23,6.27,80.8,17.4,1.2,4.64
20241001,2024-10,335,62.97,5.25,80.8,17.6,1.2,4.9
20241101,2024-11,335,66.24,5.52,80.8,11.9,1.2,5.17
20241201,2024-12,335,33.44,2.79,74.1,16.1,1.2,5.31
20250101,2025-01,335,30.27,2.52,74.1,16.4,1.2,5.44
20250201,2025-02,335,29.59,2.47,74.1,18.3,1.2,5.56
20250301,2025-03,335,28.63,2.39,74.1,15.2,1.2,5.68
20250401,2025-04,335,28.71,2.39,74.1,10.1,1.2,5.8
20250501,2025-05,335,37.44,3.12,74.1,22.4,1.2,5.96
20250601,2025-06,335,33.17,2.76,74.1,13.3,1.2,6.1
20250701,2025-07,335,29.3,2.44,74.1,21.5,1.2,6.22
20250801,2025-08,335,29.14,2.43,74.1,21.1,1.2,6.34
20250901,2025-09,335,37.86,3.15,74.1,18.1,1.2,6.5
20251001,2025-10,335,32.32,2.69,74.1,22.3,1.2,6.63
20251101,2025-11,335,37.83,3.15,74.1,23.1,1.2,6.79
20251201,2025-12,335,36.71,3.06,74.1,21.2,1.2,6.94
20210501,2021-05,336,44.85,3.3,89.3,15.6,0.19,1.19
20210601,2021-06,336,20.78,1.53,76.6,13.1,0.19,1.74
20210701,2021-07,336,8.57,0.63,75.6,18.7,0.19,1.96
20210801,2021-08,336,6.66,0.49,75.6,16.4,0.19,2.14
20210901,2021-09,336,5.78,0.42,75.6,15.4,0.19,2.29
20211001,2021-10,336,4.54,0.33,75.6,16.1,0.19,2.41
20211101,2021-11,336,3.93,0.29,75.6,23.0,0.19,2.52
20211201,2021-12,336,1.8,0.13,70.2,23.7,0.19,2.57
20220101,2022-01,336,1.43,0.11,70.2,21.1,0.19,2.6
20220201,2022-02,336,1.77,0.13,70.2,15.0,0.19,2.65
20220301,2022-03,336,1.56,0.11,70.2,17.5,0.19,2.69
20220401,2022-04,336,1.69,0.12,70.2,15.4,0.19,2.74
20220501,2022-05,336,1.68,0.12,70.2,18.4,0.19,2.78
20220601,2022-06,336,1.7,0.12,70.2,21.8,0.19,2.83
20220701,2022-07,336,1.69,0.12,70.2,8.7,0.19,2.87
20220801,2022-08,336,1.64,0.12,70.2,22.2,0.19,2.91
20220901,2022-09,336,1.49,0.11,70.2,9.5,0.19,2.95
20221001,2022-10,336,1.53,0.11,70.2,20.5,0.19,2.99
20221101,2022-11,336,1.57,0.12,70.2,18.1,0.19,3.04
20221201,2022-12,336,1.71,0.13,70.2,21.5,0.19,3.08
20230101,2023-01,336,1.89,0.14,70.2,13.1,0.19,3.13
20230201,2023-02,336,1.48,0.11,70.2,12.4,0.19,3.17
20230301,2023-03,336,1.76,0.13,70.2,10.5,0.19,3.22
20230401,2023-04,336,1.42,0.1,70.2,22.9,0.19,3.25
20230501,2023-05,336,1.44,0.11,70.2,23.6,0.19,3.29
20230601,2023-06,336,1.71,0.13,70.2,21.6,0.19,3.34
20230701,2023-07,336,1.61,0.12,70.2,14.9,0.19,3.38
20230801,2023-08,336,1.63,0.12,70.2,9.5,0.19,3.42
20230901,2023-09,336,1.61,0.12,70.2,13.7,0.19,3.47
20231001,2023-10,336,1.47,0.11,70.2,13.0,0.19,3.5
20231101,2023-11,336,1.72,0.13,70.2,12.9,0.19,3.55
20231201,2023-12,336,1.6,0.12,70.2,13.9,0.19,3.59
20240101,2024-01,336,1.42,0.1,70.2,10.7,0.19,3.63
20240201,2024-02,336,1.7,0.12,70.2,20.6,0.19,3.67
20240301,2024-03,336,1.88,0.14,70.2,11.4,0.19,3.72
20240401,2024-04,336,1.83,0.13,70.2,14.4,0.19,3.77
20240501,2024-05,336,1.79,0.13,70.2,23.3,0.0,3.82
20240601,2024-06,336,1.46,0.11,70.2,18.4,0.0,3.86
20240701,2024-07,336,1.51,0.11,70.2,11.3,0.0,3.9
20240801,2024-08,336,1.77,0.13,70.2,11.9,0.0,3.95
20240901,2024-09,336,1.7,0.12,70.2,9.8,0.0,3.99
20241001,2024-10,336,1.53,0.11,70.2,22.9,0.0,4.03
20241101,2024-11,336,1.68,0.12,70.2,13.2,0.0,4.08
20241201,2024-12,336,1.9,0.14,70.2,22.7,0.0,4.13
20250101,2025-01,336,1.74,0.13,70.2,9.9,0.0,4.17
20250201,2025-02,336,1.49,0.11,70.2,15.8,0.0,4.21
20250301,2025-03,336,1.69,0.12,70.2,14.2,0.0,4.26
20250401,2025-04,336,1.68,0.12,70.2,16.7,0.0,4.3
20250501,2025-05,336,1.41,0.1,70.2,9.7,0.0,4.34
20250601,2025-06,336,1.49,0.11,70.2,15.6,0.0,4.38
20250701,2025-07,336,1.75,0.13,70.2,9.9,0.0,4.42
20250801,2025-08,336,1.64,0.12,70.2,13.6,0.0,4.47
20250901,2025-09,336,1.82,0.13,70.2,9.4,0.0,4.52
20251001,2025-10,336,1.69,0.12,70.2,17.4,0.0,4.56
20251101,2025-11,336,1.46,0.11,70.2,10.2,0.0,4.6
20251201,2025-12,336,1.63,0.12,70.2,17.0,0.0,4.64
20240501,2024-05,337,460.37,33.85,86.2,10.1,1.94,1.19
20240601,2024-06,337,217.54,16.0,78.7,23.7,1.94,1.75
20240701,2024-07,337,95.8,7.04,75.8,13.5,1.94,1.99
20240801,2024-08,337,82.16,6.04,75.8,13.7,1.94,2.2
20240901,2024-09,337,73.13,5.38,75.8,20.7,1.94,2.39
20241001,2024-10,337,49.42,3.63,75.8,16.3,1.94,2.52
20241101,2024-11,337,53.97,3.97,75.8,23.2,1.94,2.66
20241201,2024-12,337,17.35,1.28,70.3,17.0,1.94,2.7
20250101,2025-01,337,17.01,1.25,70.3,18.2,1.94,2.75
20250201,2025-02,337,18.5,1.36,70.3,23.3,1.94,2.79
20250301,2025-03,337,17.2,1.26,70.3,22.8,1.94,2.84
20250401,2025-04,337,18.25,1.34,70.3,21.5,1.94,2.89
20250501,2025-05,337,16.54,1.22,70.3,8.0,1.94,2.93
20250601,2025-06,337,15.39,1.13,70.3,17.5,1.94,2.97
20250701,2025-07,337,16.39,1.21,70.3,12.4,1.94,3.01
20250801,2025-08,337,15.25,1.12,70.3,21.1,1.94,3.05
20250901,2025-09,337,16.65,1.22,70.3,20.0,1.94,3.09
20251001,2025-10,337,15.94,1.17,70.3,22.6,1.94,3.13
20251101,2025-11,337,17.4,1.28,70.3,21.3,1.94,3.18
20251201,2025-12,337,19.74,1.45,70.3,11.3,1.94,3.23
20220401,2022-04,338,262.02,19.27,92.0,8.6,0.62,2.11
20220501,2022-05,338,141.12,10.38,87.4,20.3,0.62,3.25
20220601,2022-06,338,43.1,3.17,79.0,10.4,0.62,3.6
20220701,2022-07,338,40.23,2.96,79.0,16.9,0.62,3.93
20220801,2022-08,338,33.77,2.48,79.0,20.1,0.62,4.2
20220901,2022-09,338,31.45,2.31,79.0,16.1,0.62,4.45
20221001,2022-10,338,24.03,1.77,79.0,20.4,0.62,4.65
20221101,2022-11,338,12.81,0.94,72.8,10.7,0.62,4.75
20221201,2022-12,338,12.82,0.94,72.8,20.9,0.62,4.85
20230101,2023-01,338,12.37,0.91,72.8,10.4,0.62,4.95
20230201,2023-02,338,11.28,0.83,72.8,18.1,0.62,5.04
20230301,2023-03,338,12.82,0.94,72.8,15.3,0.62,5.15
20230401,2023-04,338,10.2,0.75,72.8,13.1,0.62,5.23
20230501,2023-05,338,11.94,0.88,72.8,21.0,0.62,5.33
20230601,2023-06,338,12.58,0.92,72.8,13.4,0.62,5.43
20230701,2023-07,338,11.38,0.84,72.8,16.5,0.62,5.52
20230801,2023-08,338,11.91,0.88,72.8,14.7,0.62,5.62
20230901,2023-09,338,11.48,0.84,72.8,12.7,0.62,5.71
20231001,2023-10,338,13.24,0.97,72.8,19.5,0.62,5.82
20231101,2023-11,338,13.08,0.96,72.8,18.9,0.62,5.92
20231201,2023-12,338,11.88,0.87,72.8,19.7,0.62,6.02
20240101,2024-01,338,11.63,0.86,72.8,12.5,0.62,6.11
20240201,2024-02,338,13.13,0.97,72.8,17.5,0.62,6.22
20240301,2024-03,338,12.57,0.92,72.8,16.1,0.62,6.32
20240401,2024-04,338,10.62,0.78,72.8,16.4,0.62,6.4
20240501,2024-05,338,12.73,0.94,72.8,9.4,0.62,6.51
20240601,2024-06,338,13.4,0.99,72.8,18.1,0.62,6.62
20240701,2024-07,338,11.12,0.82,72.8,19.2,0.62,6.71
20240801,2024-08,338,12.92,0.95,72.8,13.1,0.62,6.81
20240901,2024-09,338,10.63,0.78,72.8,21.3,0.62,6.9
20241001,2024-10,338,10.81,0.79,72.8,11.4,0.62,6.98
20241101,2024-11,338,12.11,0.89,72.8,16.3,0.62,7.08
20241201,2024-12,338,11.61,0.85,72.8,10.2,0.62,7.17
20250101,2025-01,338,12.41,0.91,72.8,11.2,0.62,7.27
20250201,2025-02,338,10.96,0.81,72.8,18.7,0.62,7.36
20250301,2025-03,338,13.29,0.98,72.8,20.5,0.62,7.47
20250401,2025-04,338,11.37,0.84,72.8,20.9,0.0,7.56
20250501,2025-05,338,10.82,0.8,72.8,11.4,0.0,7.65
20250601,2025-06,338,11.35,0.83,72.8,11.2,0.0,7.74
20250701,2025-07,338,12.19,0.9,72.8,19.0,0.0,7.84
20250801,2025-08,338,12.17,0.89,72.8,11.1,0.0,7.94
20250901,2025-09,338,11.81,0.87,72.8,16.3,0.0,8.03
20251001,2025-10,338,10.41,0.77,72.8,12.0,0.0,8.12
20251101,2025-11,338,12.71,0.93,72.8,17.0,0.0,8.22
20251201,2025-12,338,12.03,0.88,72.8,22.6,0.0,8.32
20240201,2024-02,339,121.5,67.5,90.3,22.9,0.49,1.23
20240301,2024-03,339,60.92,33.84,87.4,15.3,0.49,1.84
20240401,2024-04,339,22.24,12.36,76.2,15.1,0.49,2.07
20240501,2024-05,339,23.29,12.94,76.2,14.2,0.49,2.31
20240601,2024-06,339,16.42,9.12,76.2,17.2,0.49,2.47
20240701,2024-07,339,17.07,9.48,76.2,10.2,0.49,2.64
20240801,2024-08,339,12.92,7.18,76.2,21.9,0.49,2.77
20240901,2024-09,339,4.62,2.57,70.7,23.3,0.49,2.82
20241001,2024-10,339,4.73,2.63,70.7,15.5,0.49,2.87
20241101,2024-11,339,5.67,3.15,70.7,14.1,0.49,2.93
20241201,2024-12,339,4.39,2.44,70.7,10.2,0.49,2.97
20250101,2025-01,339,4.38,2.43,70.7,18.1,0.49,3.02
20250201,2025-02,339,4.34,2.41,70.7,8.5,0.49,3.06
20250301,2025-03,339,4.68,2.6,70.7,12.1,0.49,3.11
20250401,2025-04,339,5.2,2.89,70.7,19.1,0.49,3.16
20250501,2025-05,339,4.92,2.73,70.7,16.4,0.49,3.21
20250601,2025-06,339,5.05,2.81,70.7,12.2,0.49,3.26
20250701,2025-07,339,5.79,3.22,70.7,19.4,0.49,3.32
20250801,2025-08,339,5.6,3.11,70.7,13.7,0.49,3.37
20250901,2025-09,339,5.8,3.22,70.7,19.8,0.49,3.43
20251001,2025-10,339,5.22,2.9,70.7,16.5,0.49,3.49
20251101,2025-11,339,4.72,2.62,70.7,10.6,0.49,3.53
20251201,2025-12,339,5.76,3.2,70.7,11.8,0.49,3.59
20240901,2024-09,340,195.97,108.87,87.9,12.0,1.05,0.93
20241001,2024-10,340,137.74,76.52,81.5,15.0,1.05,1.58
20241101,2024-11,340,40.24,22.36,77.2,12.9,1.05,1.78
20241201,2024-12,340,34.42,19.12,77.2,15.9,1.05,1.94
20250101,2025-01,340,27.92,15.51,77.2,21.2,1.05,2.07
20250201,2025-02,340,31.22,17.34,77.2,14.3,1.05,2.22
20250301,2025-03,340,24.03,13.35,77.2,19.2,1.05,2.33
20250401,2025-04,340,10.33,5.74,71.4,21.7,1.05,2.38
20250501,2025-05,340,9.11,5.06,71.4,9.8,1.05,2.43
20250601,2025-06,340,10.08,5.6,71.4,12.1,1.05,2.47
20250701,2025-07,340,9.77,5.43,71.4,20.4,1.05,2.52
20250801,2025-08,340,10.47,5.82,71.4,19.5,1.05,2.57
20250901,2025-09,340,10.27,5.71,71.4,19.1,1.05,2.62
20251001,2025-10,340,8.81,4.89,71.4,9.3,1.05,2.66
20251101,2025-11,340,10.9,6.06,71.4,20.8,1.05,2.71
20251201,2025-12,340,9.53,5.29,71.4,16.5,1.05,2.76
20240401,2024-04,341,24.2,5.04,92.0,17.3,0.12,1.04
20240501,2024-05,341,13.2,2.75,75.5,21.4,0.12,1.6
20240601,2024-06,341,5.33,1.11,75.8,13.8,0.12,1.83
20240701,2024-07,341,4.66,0.97,75.8,20.6,0.12,2.03
20240801,2024-08,341,3.58,0.75,75.8,14.0,0.12,2.18
20240901,2024-09,341,2.92,0.61,75.8,14.5,0.12,2.31
20241001,2024-10,341,2.66,0.55,75.8,17.0,0.12,2.42
20241101,2024-11,341,1.12,0.23,70.3,11.3,0.12,2.47
20241201,2024-12,341,1.2,0.25,70.3,8.1,0.12,2.52
20250101,2025-01,341,0.97,0.2,70.3,21.9,0.12,2.56
20250201,2025-02,341,0.92,0.19,70.3,9.8,0.12,2.6
20250301,2025-03,341,1.17,0.24,70.3,15.7,0.12,2.65
20250401,2025-04,341,1.01,0.21,70.3,18.1,0.12,2.7
20250501,2025-05,341,1.21,0.25,70.3,13.8,0.12,2.75
20250601,2025-06,341,1.08,0.22,70.3,13.9,0.12,2.8
20250701,2025-07,341,1.04,0.22,70.3,20.0,0.12,2.84
20250801,2025-08,341,1.04,0.22,70.3,10.3,0.12,2.88
20250901,2025-09,341,1.11,0.23,70.3,21.9,0.12,2.93
20251001,2025-10,341,0.92,0.19,70.3,17.0,0.12,2.97
20251101,2025-11,341,0.96,0.2,70.3,22.1,0.12,3.01
20251201,2025-12,341,1.24,0.26,70.3,8.8,0.12,3.07
20241001,2024-10,342,513.91,40.15,92.0,14.0,1.82,1.41
20241101,2024-11,342,272.3,21.27,84.3,23.5,1.82,2.16
20241201,2024-12,342,96.82,7.56,76.4,15.2,1.82,2.43
20250101,2025-01,342,85.25,6.66,76.4,9.5,1.82,2.66
20250201,2025-02,342,70.99,5.55,76.4,11.5,1.82,2.86
20250301,2025-03,342,57.21,4.47,76.4,20.0,1.82,3.01
20250401,2025-04,342,43.91,3.43,76.4,10.4,1.82,3.13
20250501,2025-05,342,19.25,1.5,70.8,13.0,1.82,3.19
20250601,2025-06,342,18.1,1.41,70.8,9.8,1.82,3.24
20250701,2025-07,342,21.78,1.7,70.8,9.2,1.82,3.3
20250801,2025-08,342,18.58,1.45,70.8,23.5,1.82,3.35
20250901,2025-09,342,20.65,1.61,70.8,17.9,1.82,3.4
20251001,2025-10,342,22.34,1.75,70.8,23.0,1.82,3.47
20251101,2025-11,342,19.97,1.56,70.8,21.6,1.82,3.52
20251201,2025-12,342,22.13,1.73,70.8,18.2,1.82,3.58
20240501,2024-05,343,544.41,42.53,85.3,12.2,3.24,0.84
20240601,2024-06,343,280.55,21.92,72.0,13.0,3.24,1.27
20240701,2024-07,343,117.52,9.18,74.0,22.2,3.24,1.45
20240801,2024-08,343,99.2,7.75,74.0,20.5,3.24,1.61
20240901,2024-09,343,85.14,6.65,74.0,21.3,3.24,1.74
20241001,2024-10,343,62.79,4.91,74.0,22.0,3.24,1.83
20241101,2024-11,343,60.34,4.71,74.0,16.7,3.24,1.93
20241201,2024-12,343,16.63,1.3,69.0,19.1,3.24,1.95
20250101,2025-01,343,17.55,1.37,69.0,16.6,3.24,1.98
20250201,2025-02,343,18.49,1.44,69.0,21.6,3.24,2.01
20250301,2025-03,343,18.92,1.48,69.0,15.2,3.24,2.04
20250401,2025-04,343,20.54,1.6,69.0,8.8,3.24,2.07
20250501,2025-05,343,20.2,1.58,69.0,23.7,3.24,2.1
20250601,2025-06,343,20.05,1.57,69.0,21.6,3.24,2.13
20250701,2025-07,343,17.26,1.35,69.0,16.0,3.24,2.16
20250801,2025-08,343,16.93,1.32,69.0,10.4,3.24,2.18
20250901,2025-09,343,16.92,1.32,69.0,10.9,3.24,2.21
20251001,2025-10,343,19.33,1.51,69.0,23.8,3.24,2.24
20251101,2025-11,343,18.14,1.42,69.0,20.9,3.24,2.27
20251201,2025-12,343,20.07,1.57,69.0,20.5,3.24,2.3
20251001,2025-10,344,173.75,21.72,89.2,12.0,0.75,1.16
20251101,2025-11,344,118.45,14.81,90.0,22.5,0.75,1.95
20251201,2025-12,344,37.37,4.67,78.6,13.6,0.75,2.2
20240701,2024-07,345,135.59,21.19,87.8,19.5,0.51,1.32
20240801,2024-08,345,65.25,10.2,86.5,9.7,0.51,1.95
20240901,2024-09,345,28.8,4.5,76.2,18.9,0.51,2.23
20241001,2024-10,345,23.33,3.65,76.2,11.4,0.51,2.46
20241101,2024-11,345,17.59,2.75,76.2,17.7,0.51,2.63
20241201,2024-12,345,14.42,2.25,76.2,9.1,0.51,2.77
20250101,2025-01,345,12.13,1.9,76.2,14.4,0.51,2.89
20250201,2025-02,345,6.01,0.94,70.7,12.7,0.51,2.95
20250301,2025-03,345,5.36,0.84,70.7,8.4,0.51,3.0
20250401,2025-04,345,6.02,0.94,70.7,19.7,0.51,3.06
20250501,2025-05,345,4.55,0.71,70.7,22.0,0.51,3.1
20250601,2025-06,345,6.02,0.94,70.7,17.8,0.51,3.16
20250701,2025-07,345,5.77,0.9,70.7,14.5,0.51,3.22
20250801,2025-08,345,4.61,0.72,70.7,8.6,0.51,3.26
20250901,2025-09,345,4.57,0.71,70.7,15.5,0.51,3.31
20251001,2025-10,345,4.78,0.75,70.7,12.9,0.51,3.35
20251101,2025-11,345,4.64,0.72,70.7,21.9,0.51,3.4
20251201,2025-12,345,4.63,0.72,70.7,17.1,0.51,3.45
20231001,2023-10,346,72.89,13.02,82.7,10.7,0.61,0.59
20231101,2023-11,346,48.38,8.64,77.4,22.4,0.61,0.99
20231201,2023-12,346,16.7,2.98,72.4,15.5,0.61,1.12
20240101,2024-01,346,13.86,2.47,72.4,9.7,0.61,1.24
20240201,2024-02,346,10.31,1.84,72.4,14.1,0.61,1.32
20240301,2024-03,346,10.36,1.85,72.4,18.8,0.61,1.4
20240401,2024-04,346,7.24,1.29,72.4,12.2,0.61,1.46
20240501,2024-05,346,2.09,0.37,67.8,15.4,0.61,1.48
20240601,2024-06,346,1.75,0.31,67.8,14.5,0.61,1.5
20240701,2024-07,346,2.17,0.39,67.8,16.3,0.61,1.51
20240801,2024-08,346,1.95,0.35,67.8,10.3,0.61,1.53
20240901,2024-09,346,1.7,0.3,67.8,17.0,0.61,1.54
20241001,2024-10,346,1.91,0.34,67.8,10.8,0.61,1.56
20241101,2024-11,346,2.0,0.36,67.8,15.4,0.61,1.57
20241201,2024-12,346,2.07,0.37,67.8,15.5,0.61,1.59
20250101,2025-01,346,2.17,0.39,67.8,15.6,0.61,1.61
20250201,2025-02,346,1.72,0.31,67.8,21.1,0.61,1.62
20250301,2025-03,346,1.91,0.34,67.8,23.1,0.61,1.64
20250401,2025-04,346,2.24,0.4,67.8,13.4,0.61,1.66
20250501,2025-05,346,2.23,0.4,67.8,16.5,0.61,1.67
20250601,2025-06,346,2.22,0.4,67.8,11.6,0.61,1.69
20250701,2025-07,346,1.75,0.31,67.8,22.5,0.61,1.71
20250801,2025-08,346,1.92,0.34,67.8,18.8,0.61,1.72
20250901,2025-09,346,1.79,0.32,67.8,18.4,0.61,1.74
20251001,2025-10,346,2.08,0.37,67.8,12.2,0.61,1.75
20251101,2025-11,346,1.99,0.36,67.8,19.0,0.61,1.77
20251201,2025-12,346,2.11,0.38,67.8,21.5,0.61,1.79
20231001,2023-10,347,110.89,8.66,89.6,12.1,0.32,1.72
20231101,2023-11,347,61.18,4.78,85.0,21.1,0.32,2.67
20231201,2023-12,347,19.97,1.56,78.2,16.4,0.32,2.98
20240101,2024-01,347,18.57,1.45,78.2,9.8,0.32,3.27
20240201,2024-02,347,15.69,1.23,78.2,12.9,0.32,3.51
20240301,2024-03,347,13.58,1.06,78.2,21.3,0.32,3.72
20240401,2024-04,347,9.64,0.75,78.2,22.6,0.32,3.87
20240501,2024-05,347,5.51,0.43,72.2,17.0,0.32,3.96
20240601,2024-06,347,5.69,0.44,72.2,8.6,0.32,4.05
20240701,2024-07,347,5.54,0.43,72.2,14.7,0.32,4.13
20240801,2024-08,347,5.5,0.43,72.2,21.0,0.32,4.22
20240901,2024-09,347,5.41,0.42,72.2,15.2,0.32,4.3
20241001,2024-10,347,5.67,0.44,72.2,20.6,0.32,4.39
20241101,2024-11,347,5.42,0.42,72.2,20.2,0.32,4.47
20241201,2024-12,347,5.84,0.46,72.2,8.2,0.32,4.56
20250101,2025-01,347,4.58,0.36,72.2,12.5,0.32,4.63
20250201,2025-02,347,6.0,0.47,72.2,10.6,0.32,4.73
20250301,2025-03,347,5.16,0.4,72.2,11.5,0.32,4.81
20250401,2025-04,347,5.32,0.42,72.2,17.6,0.32,4.89
20250501,2025-05,347,5.05,0.39,72.2,21.6,0.32,4.97
20250601,2025-06,347,4.5,0.35,72.2,19.2,0.32,5.04
20250701,2025-07,347,4.5,0.35,72.2,22.1,0.32,5.11
20250801,2025-08,347,5.55,0.43,72.2,16.7,0.32,5.19
20250901,2025-09,347,5.05,0.39,72.2,15.3,0.32,5.27
20251001,2025-10,347,5.33,0.42,72.2,21.2,0.32,5.36
20251101,2025-11,347,5.84,0.46,72.2,15.4,0.32,5.45
20251201,2025-12,347,5.85,0.46,72.2,17.9,0.32,5.54
20220801,2022-08,348,499.81,41.65,75.7,16.3,1.65,1.51
20220901,2022-09,348,241.15,20.1,80.1,16.9,1.65,2.24
20221001,2022-10,348,77.45,6.45,76.8,11.0,1.65,2.48
20221101,2022-11,348,78.12,6.51,76.8,8.5,1.65,2.71
20221201,2022-12,348,73.46,6.12,76.8,15.8,1.65,2.93
20230101,2023-01,348,53.65,4.47,76.8,15.2,1.65,3.1
20230201,2023-02,348,48.18,4.01,76.8,9.8,1.65,3.24
20230301,2023-03,348,19.77,1.65,71.1,16.8,1.65,3.3
20230401,2023-04,348,19.95,1.66,71.1,16.0,1.65,3.36
20230501,2023-05,348,21.96,1.83,71.1,9.9,1.65,3.43
20230601,2023-06,348,19.49,1.62,71.1,12.7,1.65,3.49
20230701,2023-07,348,18.99,1.58,71.1,19.9,1.65,3.55
20230801,2023-08,348,16.88,1.41,71.1,22.9,1.65,3.6
20230901,2023-09,348,17.04,1.42,71.1,16.3,1.65,3.65
20231001,2023-10,348,17.77,1.48,71.1,19.0,1.65,3.7
20231101,2023-11,348,20.61,1.72,71.1,8.8,1.65,3.76
20231201,2023-12,348,19.27,1.61,71.1,20.8,1.65,3.82
20240101,2024-01,348,21.22,1.77,71.1,14.6,1.65,3.89
20240201,2024-02,348,19.64,1.64,71.1,8.8,1.65,3.95
20240301,2024-03,348,22.26,1.86,71.1,17.3,1.65,4.01
20240401,2024-04,348,21.48,1.79,71.1,14.4,1.65,4.08
20240501,2024-05,348,19.83,1.65,71.1,19.5,1.65,4.14
20240601,2024-06,348,18.42,1.54,71.1,19.3,1.65,4.19
20240701,2024-07,348,17.22,1.43,71.1,12.3,1.65,4.25
20240801,2024-08,348,18.8,1.57,71.1,12.4,1.65,4.3
20240901,2024-09,348,22.28,1.86,71.1,23.1,1.65,4.37
20241001,2024-10,348,19.67,1.64,71.1,22.1,1.65,4.43
20241101,2024-11,348,20.34,1.7,71.1,14.1,1.65,4.49
20241201,2024-12,348,18.53,1.54,71.1,10.1,1.65,4.55
20250101,2025-01,348,21.31,1.78,71.1,22.9,1.65,4.61
20250201,2025-02,348,21.96,1.83,71.1,20.9,1.65,4.68
20250301,2025-03,348,18.13,1.51,71.1,10.5,1.65,4.73
20250401,2025-04,348,20.73,1.73,71.1,22.6,1.65,4.8
20250501,2025-05,348,18.2,1.52,71.1,22.8,1.65,4.85
20250601,2025-06,348,19.19,1.6,71.1,14.1,1.65,4.91
20250701,2025-07,348,22.52,1.88,71.1,10.3,1.65,4.98
20250801,2025-08,348,18.22,1.52,71.1,17.0,0.0,5.03
20250901,2025-09,348,18.0,1.5,71.1,15.9,0.0,5.09
20251001,2025-10,348,22.54,1.88,71.1,11.8,0.0,5.16
20251101,2025-11,348,20.76,1.73,71.1,15.0,0.0,5.22
20251201,2025-12,348,21.06,1.75,71.1,17.6,0.0,5.28
20241101,2024-11,349,467.96,83.56,89.7,21.2,1.58,1.48
20241201,2024-12,349,268.81,48.0,86.1,18.6,1.58,2.33
20250101,2025-01,349,114.56,20.46,77.8,16.1,1.58,2.69
20250201,2025-02,349,89.28,15.94,77.8,21.8,1.58,2.97
20250301,2025-03,349,68.65,12.26,77.8,10.0,1.58,3.19
20250401,2025-04,349,67.17,11.99,77.8,19.4,1.58,3.4
20250501,2025-05,349,56.72,10.13,77.8,20.5,1.58,3.58
20250601,2025-06,349,25.44,4.54,71.8,23.2,1.58,3.66
20250701,2025-07,349,26.9,4.8,71.8,22.9,1.58,3.74
20250801,2025-08,349,25.75,4.6,71.8,21.3,1.58,3.82
20250901,2025-09,349,22.06,3.94,71.8,17.0,1.58,3.89
20251001,2025-10,349,22.92,4.09,71.8,22.9,1.58,3.97
20251101,2025-11,349,24.37,4.35,71.8,20.3,1.58,4.04
20251201,2025-12,349,26.38,4.71,71.8,11.3,1.58,4.13
20250201,2025-02,350,151.73,27.09,89.9,24.0,0.52,1.47
20250301,2025-03,350,92.6,16.54,81.6,17.9,0.52,2.36
20250401,2025-04,350,31.93,5.7,77.6,23.6,0.52,2.67
20250501,2025-05,350,25.49,4.55,77.6,10.8,0.52,2.92
20250601,2025-06,350,19.85,3.54,77.6,15.1,0.52,3.11
20250701,2025-07,350,21.37,3.82,77.6,15.3,0.52,3.32
20250801,2025-08,350,15.28,2.73,77.6,21.3,0.52,3.47
20250901,2025-09,350,6.87,1.23,71.7,23.6,0.52,3.53
20251001,2025-10,350,8.18,1.46,71.7,19.0,0.52,3.61
20251101,2025-11,350,6.98,1.25,71.7,15.9,0.52,3.68
20251201,2025-12,350,8.32,1.49,71.7,17.9,0.52,3.76
20240601,2024-06,351,49.26,27.37,85.8,9.6,0.19,1.32
20240701,2024-07,351,33.48,18.6,78.5,8.3,0.19,2.22
20240801,2024-08,351,9.56,5.31,77.4,14.1,0.19,2.48
20240901,2024-09,351,10.38,5.77,77.4,20.0,0.19,2.76
20241001,2024-10,351,8.01,4.45,77.4,10.0,0.19,2.97
20241101,2024-11,351,7.47,4.15,77.4,16.4,0.19,3.17
20241201,2024-12,351,6.21,3.45,77.4,22.7,0.19,3.34
20250101,2025-01,351,2.68,1.49,71.5,12.2,0.19,3.41
20250201,2025-02,351,2.74,1.52,71.5,17.8,0.19,3.49
20250301,2025-03,351,2.92,1.62,71.5,10.4,0.19,3.57
20250401,2025-04,351,2.47,1.37,71.5,22.8,0.19,3.63
20250501,2025-05,351,2.52,1.4,71.5,16.2,0.19,3.7
20250601,2025-06,351,2.2,1.22,71.5,20.1,0.19,3.76
20250701,2025-07,351,2.7,1.5,71.5,16.5,0.19,3.83
20250801,2025-08,351,2.74,1.52,71.5,16.8,0.19,3.9
20250901,2025-09,351,2.6,1.44,71.5,22.5,0.19,3.97
20251001,2025-10,351,2.39,1.33,71.5,22.1,0.19,4.04
20251101,2025-11,351,2.43,1.35,71.5,12.0,0.19,4.1
20251201,2025-12,351,2.69,1.49,71.5,16.3,0.19,4.18
20240201,2024-02,352,122.05,25.43,82.4,21.7,0.57,1.06
20240301,2024-03,352,64.72,13.48,77.2,8.3,0.57,1.62
20240401,2024-04,352,22.5,4.69,76.4,17.2,0.57,1.82
20240501,2024-05,352,17.34,3.61,76.4,16.3,0.57,1.97
20240601,2024-06,352,16.86,3.51,76.4,20.6,0.57,2.12
20240701,2024-07,352,12.24,2.55,76.4,18.0,0.57,2.22
20240801,2024-08,352,10.77,2.24,76.4,17.1,0.57,2.32
20240901,2024-09,352,3.88,0.81,70.8,23.1,0.57,2.35
20241001,2024-10,352,4.39,0.91,70.8,21.6,0.57,2.39
20241101,2024-11,352,5.09,1.06,70.8,17.7,0.57,2.43
20241201,2024-12,352,4.97,1.04,70.8,22.0,0.57,2.48
20250101,2025-01,352,5.0,1.04,70.8,10.3,0.57,2.52
20250201,2025-02,352,3.96,0.82,70.8,22.3,0.57,2.55
20250301,2025-03,352,5.17,1.08,70.8,16.4,0.57,2.6
20250401,2025-04,352,3.91,0.81,70.8,12.4,0.57,2.63
20250501,2025-05,352,4.0,0.83,70.8,17.7,0.57,2.67
20250601,2025-06,352,4.5,0.94,70.8,9.8,0.57,2.71
20250701,2025-07,352,4.11,0.86,70.8,23.3,0.57,2.74
20250801,2025-08,352,4.74,0.99,70.8,17.3,0.57,2.78
20250901,2025-09,352,4.56,0.95,70.8,11.5,0.57,2.82
20251001,2025-10,352,4.56,0.95,70.8,8.7,0.57,2.86
20251101,2025-11,352,4.45,0.93,70.8,19.9,0.57,2.9
20251201,2025-12,352,3.95,0.82,70.8,8.1,0.57,2.94
20220401,2022-04,353,82.81,46.01,80.8,21.0,0.39,1.07
20220501,2022-05,353,40.05,22.25,83.5,21.6,0.39,1.59
20220601,2022-06,353,15.1,8.39,74.8,23.6,0.39,1.79
20220701,2022-07,353,13.69,7.61,74.8,17.4,0.39,1.96
20220801,2022-08,353,10.08,5.6,74.8,8.3,0.39,2.09
20220901,2022-09,353,9.02,5.01,74.8,12.0,0.39,2.21
20221001,2022-10,353,7.23,4.02,74.8,10.7,0.39,2.3
20221101,2022-11,353,2.8,1.56,69.6,16.8,0.39,2.34
20221201,2022-12,353,2.98,1.66,69.6,16.9,0.39,2.38
20230101,2023-01,353,3.06,1.7,69.6,22.9,0.39,2.42
20230201,2023-02,353,2.88,1.6,69.6,15.6,0.39,2.46
20230301,2023-03,353,2.74,1.52,69.6,18.2,0.39,2.49
20230401,2023-04,353,2.35,1.31,69.6,20.8,0.39,2.52
20230501,2023-05,353,2.75,1.53,69.6,10.4,0.39,2.56
20230601,2023-06,353,2.56,1.42,69.6,19.6,0.39,2.59
20230701,2023-07,353,2.31,1.28,69.6,14.7,0.39,2.62
20230801,2023-08,353,2.91,1.62,69.6,17.8,0.39,2.66
20230901,2023-09,353,2.98,1.66,69.6,12.8,0.39,2.7
20231001,2023-10,353,2.38,1.32,69.6,8.8,0.39,2.73
20231101,2023-11,353,2.57,1.43,69.6,22.8,0.39,2.76
20231201,2023-12,353,3.08,1.71,69.6,11.3,0.39,2.8
20240101,2024-01,353,3.02,1.68,69.6,19.5,0.39,2.84
20240201,2024-02,353,2.31,1.28,69.6,16.7,0.39,2.87
20240301,2024-03,353,3.06,1.7,69.6,15.6,0.39,2.91
20240401,2024-04,353,2.62,1.46,69.6,18.3,0.39,2.94
20240501,2024-05,353,2.48,1.38,69.6,22.1,0.39,2.98
20240601,2024-06,353,2.68,1.49,69.6,17.4,0.39,3.01
20240701,2024-07,353,2.67,1.48,69.6,18.1,0.39,3.05
20240801,2024-08,353,2.96,1.64,69.6,9.7,0.39,3.08
20240901,2024-09,353,2.43,1.35,69.6,21.5,0.39,3.12
20241001,2024-10,353,2.74,1.52,69.6,16.1,0.39,3.15
20241101,2024-11,353,2.79,1.55,69.6,19.2,0.39,3.19
20241201,2024-12,353,2.67,1.48,69.6,10.8,0.39,3.22
20250101,2025-01,353,3.1,1.72,69.6,8.3,0.39,3.26
20250201,2025-02,353,2.45,1.36,69.6,8.4,0.39,3.29
20250301,2025-03,353,2.58,1.43,69.6,19.5,0.39,3.33
20250401,2025-04,353,2.53,1.41,69.6,18.6,0.0,3.36
20250501,2025-05,353,2.87,1.59,69.6,15.8,0.0,3.4
20250601,2025-06,353,2.81,1.56,69.6,9.3,0.0,3.43
20250701,2025-07,353,2.67,1.48,69.6,11.5,0.0,3.47
20250801,2025-08,353,3.0,1.67,69.6,19.0,0.0,3.51
20250901,2025-09,353,3.12,1.73,69.6,22.4,0.0,3.55
20251001,2025-10,353,2.65,1.47,69.6,9.9,0.0,3.58
20251101,2025-11,353,2.98,1.66,69.6,9.1,0.0,3.62
20251201,2025-12,353,2.37,1.32,69.6,23.3,0.0,3.65
20230301,2023-03,354,140.54,19.52,87.3,16.5,0.44,1.61
20230401,2023-04,354,72.52,10.07,84.8,12.3,0.44,2.44
20230501,2023-05,354,26.92,3.74,77.0,19.5,0.44,2.75
20230601,2023-06,354,20.6,2.86,77.0,11.1,0.44,2.99
20230701,2023-07,354,18.97,2.63,77.0,11.3,0.44,3.21
20230801,2023-08,354,13.45,1.87,77.0,13.7,0.44,3.36
20230901,2023-09,354,12.69,1.76,77.0,23.3,0.44,3.5
20231001,2023-10,354,4.91,0.68,71.2,16.8,0.44,3.56
20231101,2023-11,354,5.78,0.8,71.2,14.8,0.44,3.63
20231201,2023-12,354,5.82,0.81,71.2,22.4,0.44,3.69
20240101,2024-01,354,5.36,0.74,71.2,13.3,0.44,3.76
20240201,2024-02,354,6.01,0.83,71.2,12.4,0.44,3.82
20240301,2024-03,354,4.72,0.66,71.2,17.5,0.44,3.88
20240401,2024-04,354,4.69,0.65,71.2,23.2,0.44,3.93
20240501,2024-05,354,5.14,0.71,71.2,20.8,0.44,3.99
20240601,2024-06,354,5.06,0.7,71.2,16.5,0.44,4.05
20240701,2024-07,354,5.53,0.77,71.2,23.7,0.44,4.11
20240801,2024-08,354,6.13,0.85,71.2,19.6,0.44,4.18
20240901,2024-09,354,5.16,0.72,71.2,17.8,0.44,4.24
20241001,2024-10,354,6.11,0.85,71.2,10.8,0.44,4.31
20241101,2024-11,354,5.29,0.73,71.2,20.0,0.44,4.37
20241201,2024-12,354,5.09,0.71,71.2,11.0,0.44,4.43
20250101,2025-01,354,5.81,0.81,71.2,8.7,0.44,4.5
20250201,2025-02,354,5.84,0.81,71.2,18.0,0.44,4.56
20250301,2025-03,354,4.86,0.68,71.2,10.8,0.44,4.62
20250401,2025-04,354,5.93,0.82,71.2,11.7,0.44,4.69
20250501,2025-05,354,5.7,0.79,71.2,14.6,0.44,4.75
20250601,2025-06,354,4.82,0.67,71.2,13.5,0.44,4.81
20250701,2025-07,354,5.48,0.76,71.2,12.9,0.44,4.87
20250801,2025-08,354,5.69,0.79,71.2,14.7,0.44,4.94
20250901,2025-09,354,4.68,0.65,71.2,11.5,0.44,4.99
20251001,2025-10,354,4.86,0.68,71.2,19.0,0.44,5.05
20251101,2025-11,354,4.94,0.69,71.2,13.2,0.44,5.1
20251201,2025-12,354,4.97,0.69,71.2,23.8,0.44,5.16
20240501,2024-05,355,172.59,23.97,81.4,18.4,0.74,1.17
20240601,2024-06,355,91.95,12.77,84.3,16.0,0.74,1.8
20240701,2024-07,355,33.41,4.64,75.2,18.5,0.74,2.02
20240801,2024-08,355,28.36,3.94,75.2,11.5,0.74,2.22
20240901,2024-09,355,24.0,3.33,75.2,14.2,0.74,2.38
20241001,2024-10,355,16.87,2.34,75.2,21.3,0.74,2.49
20241101,2024-11,355,14.97,2.08,75.2,14.0,0.74,2.6
20241201,2024-12,355,6.62,0.92,69.9,15.2,0.74,2.64
20250101,2025-01,355,5.96,0.83,69.9,12.1,0.74,2.68
20250201,2025-02,355,5.55,0.77,69.9,8.5,0.74,2.72
20250301,2025-03,355,5.58,0.78,69.9,20.2,0.74,2.76
20250401,2025-04,355,5.27,0.73,69.9,16.0,0.74,2.79
20250501,2025-05,355,5.16,0.72,69.9,23.6,0.74,2.83
20250601,2025-06,355,5.13,0.71,69.9,13.8,0.74,2.86
20250701,2025-07,355,5.47,0.76,69.9,20.4,0.74,2.9
20250801,2025-08,355,5.62,0.78,69.9,23.6,0.74,2.94
20250901,2025-09,355,6.25,0.87,69.9,19.8,0.74,2.98
20251001,2025-10,355,6.43,0.89,69.9,23.1,0.74,3.02
20251101,2025-11,355,6.14,0.85,69.9,10.0,0.74,3.07
20251201,2025-12,355,5.29,0.73,69.9,23.0,0.74,3.1
20220501,2022-05,356,423.41,52.93,84.3,11.3,1.53,1.38
20220601,2022-06,356,206.41,25.8,78.7,18.2,1.53,2.06
20220701,2022-07,356,74.73,9.34,76.0,14.6,1.53,2.3
20220801,2022-08,356,60.56,7.57,76.0,21.4,1.53,2.5
20220901,2022-09,356,54.72,6.84,76.0,11.8,1.53,2.68
20221001,2022-10,356,49.75,6.22,76.0,9.5,1.53,2.84
20221101,2022-11,356,34.59,4.32,76.0,11.3,1.53,2.95
20221201,2022-12,356,14.22,1.78,70.5,11.8,1.53,3.0
20230101,2023-01,356,13.7,1.71,70.5,15.5,1.53,3.04
20230201,2023-02,356,16.33,2.04,70.5,20.3,1.53,3.1
20230301,2023-03,356,17.05,2.13,70.5,19.6,1.53,3.15
20230401,2023-04,356,16.58,2.07,70.5,13.2,1.53,3.21
20230501,2023-05,356,14.02,1.75,70.5,10.1,1.53,3.25
20230601,2023-06,356,12.81,1.6,70.5,19.1,1.53,3.3
20230701,2023-07,356,13.82,1.73,70.5,20.5,1.53,3.34
20230801,2023-08,356,14.26,1.78,70.5,10.7,1.53,3.39
20230901,2023-09,356,15.4,1.93,70.5,23.2,1.53,3.44
20231001,2023-10,356,13.45,1.68,70.5,18.2,1.53,3.48
20231101,2023-11,356,15.12,1.89,70.5,19.7,1.53,3.53
20231201,2023-12,356,13.6,1.7,70.5,23.6,1.53,3.58
20240101,2024-01,356,15.87,1.98,70.5,9.9,1.53,3.63
20240201,2024-02,356,14.11,1.76,70.5,14.2,1.53,3.67
20240301,2024-03,356,14.92,1.86,70.5,17.5,1.53,3.72
20240401,2024-04,356,15.36,1.92,70.5,8.9,1.53,3.77
20240501,2024-05,356,15.78,1.97,70.5,12.8,1.53,3.82
20240601,2024-06,356,14.16,1.77,70.5,22.6,1.53,3.87
20240701,2024-07,356,13.29,1.66,70.5,21.6,1.53,3.91
20240801,2024-08,356,15.93,1.99,70.5,16.3,1.53,3.97
20240901,2024-09,356,13.07,1.63,70.5,10.0,1.53,4.01
20241001,2024-10,356,13.28,1.66,70.5,11.0,1.53,4.05
20241101,2024-11,356,13.25,1.66,70.5,10.7,1.53,4.1
20241201,2024-12,356,13.22,1.65,70.5,21.9,1.53,4.14
20250101,2025-01,356,13.88,1.74,70.5,12.3,1.53,4.18
20250201,2025-02,356,14.73,1.84,70.5,11.6,1.53,4.23
20250301,2025-03,356,16.53,2.07,70.5,18.7,1.53,4.29
20250401,2025-04,356,17.01,2.13,70.5,9.8,1.53,4.34
20250501,2025-05,356,14.64,1.83,70.5,22.9,0.0,4.39
20250601,2025-06,356,12.71,1.59,70.5,10.9,0.0,4.43
20250701,2025-07,356,16.04,2.0,70.5,13.0,0.0,4.48
20250801,2025-08,356,15.49,1.94,70.5,13.5,0.0,4.53
20250901,2025-09,356,16.46,2.06,70.5,15.4,0.0,4.59
20251001,2025-10,356,15.2,1.9,70.5,8.6,0.0,4.64
20251101,2025-11,356,12.69,1.59,70.5,14.1,0.0,4.68
20251201,2025-12,356,13.54,1.69,70.5,10.3,0.0,4.72
20220101,2022-01,357,75.8,6.77,82.7,9.6,0.21,1.84
20220201,2022-02,357,40.52,3.62,85.6,8.9,0.21,2.83
20220301,2022-03,357,12.3,1.1,78.0,8.1,0.21,3.13
20220401,2022-04,357,10.03,0.9,78.0,22.8,0.21,3.37
20220501,2022-05,357,8.9,0.79,78.0,9.4,0.21,3.59
20220601,2022-06,357,8.9,0.79,78.0,19.9,0.21,3.81
20220701,2022-07,357,6.13,0.55,78.0,15.9,0.21,3.95
20220801,2022-08,357,3.23,0.29,72.0,13.6,0.21,4.03
20220901,2022-09,357,3.47,0.31,72.0,8.4,0.21,4.12
20221001,2022-10,357,3.26,0.29,72.0,13.4,0.21,4.2
20221101,2022-11,357,3.52,0.31,72.0,20.6,0.21,4.28
20221201,2022-12,357,3.22,0.29,72.0,9.4,0.21,4.36
20230101,2023-01,357,3.61,0.32,72.0,18.3,0.21,4.45
20230201,2023-02,357,3.36,0.3,72.0,21.7,0.21,4.53
20230301,2023-03,357,2.78,0.25,72.0,17.8,0.21,4.6
20230401,2023-04,357,3.51,0.31,72.0,21.1,0.21,4.68
20230501,2023-05,357,3.02,0.27,72.0,23.2,0.21,4.76
20230601,2023-06,357,3.22,0.29,72.0,18.0,0.21,4.84
20230701,2023-07,357,2.86,0.26,72.0,17.8,0.21,4.9
20230801,2023-08,357,3.27,0.29,72.0,16.3,0.21,4.98
20230901,2023-09,357,3.08,0.27,72.0,16.5,0.21,5.06
20231001,2023-10,357,3.48,0.31,72.0,23.4,0.21,5.14
20231101,2023-11,357,3.15,0.28,72.0,22.7,0.21,5.22
20231201,2023-12,357,3.4,0.3,72.0,15.3,0.21,5.3
20240101,2024-01,357,3.51,0.31,72.0,17.6,0.21,5.39
20240201,2024-02,357,3.39,0.3,72.0,21.7,0.21,5.47
20240301,2024-03,357,3.11,0.28,72.0,11.9,0.21,5.55
20240401,2024-04,357,3.67,0.33,72.0,19.8,0.21,5.64
20240501,2024-05,357,3.56,0.32,72.0,11.4,0.21,5.72
20240601,2024-06,357,3.02,0.27,72.0,18.0,0.21,5.8
20240701,2024-07,357,3.34,0.3,72.0,22.3,0.21,5.88
20240801,2024-08,357,3.4,0.3,72.0,18.4,0.21,5.96
20240901,2024-09,357,3.1,0.28,72.0,22.3,0.21,6.04
20241001,2024-10,357,3.53,0.32,72.0,17.0,0.21,6.12
20241101,2024-11,357,2.87,0.26,72.0,19.6,0.21,6.19
20241201,2024-12,357,3.14,0.28,72.0,11.5,0.21,6.27
20250101,2025-01,357,3.6,0.32,72.0,11.7,0.0,6.35
20250201,2025-02,357,2.84,0.25,72.0,12.0,0.0,6.42
20250301,2025-03,357,3.0,0.27,72.0,11.3,0.0,6.5
20250401,2025-04,357,3.58,0.32,72.0,10.1,0.0,6.58
20250501,2025-05,357,3.63,0.32,72.0,20.7,0.0,6.67
20250601,2025-06,357,3.53,0.32,72.0,20.9,0.0,6.76
20250701,2025-07,357,3.43,0.31,72.0,18.2,0.0,6.84
20250801,2025-08,357,2.95,0.26,72.0,21.7,0.0,6.91
20250901,2025-09,357,3.53,0.32,72.0,17.3,0.0,7.0
20251001,2025-10,357,3.67,0.33,72.0,21.5,0.0,7.09
20251101,2025-11,357,3.1,0.28,72.0,13.4,0.0,7.16
20251201,2025-12,357,3.34,0.3,72.0,12.6,0.0,7.25
20230801,2023-08,358,89.4,9.31,85.8,17.6,0.37,1.22
20230901,2023-09,358,52.93,5.51,86.8,16.6,0.37,1.94
20231001,2023-10,358,15.61,1.63,77.8,8.7,0.37,2.15
20231101,2023-11,358,13.6,1.42,77.8,20.1,0.37,2.34
20231201,2023-12,358,11.72,1.22,77.8,20.9,0.37,2.5
20240101,2024-01,358,11.05,1.15,77.8,16.5,0.37,2.65
20240201,2024-02,358,9.96,1.04,77.8,16.6,0.37,2.79
20240301,2024-03,358,3.61,0.38,71.8,22.5,0.37,2.83
20240401,2024-04,358,3.99,0.42,71.8,8.4,0.37,2.89
20240501,2024-05,358,3.79,0.39,71.8,14.7,0.37,2.94
20240601,2024-06,358,3.68,0.38,71.8,19.0,0.37,2.99
20240701,2024-07,358,4.41,0.46,71.8,21.9,0.37,3.05
20240801,2024-08,358,4.11,0.43,71.8,9.5,0.37,3.11
20240901,2024-09,358,3.81,0.4,71.8,24.0,0.37,3.16
20241001,2024-10,358,3.5,0.36,71.8,15.2,0.37,3.21
20241101,2024-11,358,4.33,0.45,71.8,23.9,0.37,3.27
20241201,2024-12,358,4.0,0.42,71.8,18.8,0.37,3.32
20250101,2025-01,358,4.08,0.42,71.8,23.2,0.37,3.38
20250201,2025-02,358,3.99,0.42,71.8,12.2,0.37,3.43
20250301,2025-03,358,4.37,0.46,71.8,8.5,0.37,3.49
20250401,2025-04,358,3.45,0.36,71.8,18.4,0.37,3.54
20250501,2025-05,358,3.71,0.39,71.8,22.4,0.37,3.59
20250601,2025-06,358,4.59,0.48,71.8,22.8,0.37,3.65
20250701,2025-07,358,4.46,0.46,71.8,15.8,0.37,3.71
20250801,2025-08,358,4.17,0.43,71.8,8.5,0.37,3.77
20250901,2025-09,358,3.96,0.41,71.8,15.7,0.37,3.82
20251001,2025-10,358,3.54,0.37,71.8,15.5,0.37,3.87
20251101,2025-11,358,3.61,0.38,71.8,8.8,0.37,3.92
20251201,2025-12,358,3.69,0.38,71.8,19.3,0.37,3.97
20241101,2024-11,359,83.38,14.89,81.8,15.1,0.62,0.68
20241201,2024-12,359,56.18,10.03,77.8,10.9,0.62,1.13
20250101,2025-01,359,16.53,2.95,75.0,8.9,0.62,1.27
20250201,2025-02,359,15.77,2.82,75.0,21.9,0.62,1.39
20250301,2025-03,359,14.62,2.61,75.0,22.4,0.62,1.51
20250401,2025-04,359,12.32,2.2,75.0,12.5,0.62,1.61
20250501,2025-05,359,8.47,1.51,75.0,21.2,0.62,1.68
20250601,2025-06,359,3.28,0.59,69.8,10.1,0.62,1.71
20250701,2025-07,359,3.32,0.59,69.8,23.8,0.62,1.73
20250801,2025-08,359,2.94,0.52,69.8,20.1,0.62,1.76
20250901,2025-09,359,3.44,0.61,69.8,12.5,0.62,1.79
20251001,2025-10,359,3.49,0.62,69.8,14.3,0.62,1.81
20251101,2025-11,359,3.53,0.63,69.8,11.8,0.62,1.84
20251201,2025-12,359,3.69,0.66,69.8,23.6,0.62,1.87
20250501,2025-05,360,106.93,8.91,86.8,8.7,0.37,1.45
20250601,2025-06,360,61.47,5.12,81.7,22.9,0.37,2.28
20250701,2025-07,360,26.6,2.22,78.0,18.4,0.37,2.64
20250801,2025-08,360,21.75,1.81,78.0,8.9,0.37,2.93
20250901,2025-09,360,16.39,1.37,78.0,12.7,0.37,3.16
20251001,2025-10,360,15.16,1.26,78.0,19.7,0.37,3.36
20251101,2025-11,360,10.89,0.91,78.0,23.3,0.37,3.51
20251201,2025-12,360,6.01,0.5,72.0,20.6,0.37,3.59
20240901,2024-09,361,46.48,25.82,80.7,8.4,0.28,0.83
20241001,2024-10,361,26.09,14.49,82.8,12.9,0.28,1.29
20241101,2024-11,361,9.8,5.44,75.2,13.9,0.28,1.47
20241201,2024-12,361,6.57,3.65,75.2,11.4,0.28,1.59
20250101,2025-01,361,5.47,3.04,75.2,22.9,0.28,1.68
20250201,2025-02,361,6.03,3.35,75.2,9.7,0.28,1.79
20250301,2025-03,361,5.27,2.93,75.2,19.0,0.28,1.88
20250401,2025-04,361,1.61,0.89,69.9,11.7,0.28,1.91
20250501,2025-05,361,1.67,0.93,69.9,17.8,0.28,1.94
20250601,2025-06,361,1.42,0.79,69.9,10.0,0.28,1.97
20250701,2025-07,361,1.53,0.85,69.9,18.4,0.28,1.99
20250801,2025-08,361,1.51,0.84,69.9,9.4,0.28,2.02
20250901,2025-09,361,1.43,0.79,69.9,19.2,0.28,2.05
20251001,2025-10,361,1.81,1.01,69.9,12.9,0.28,2.08
20251101,2025-11,361,1.68,0.93,69.9,21.9,0.28,2.11
20251201,2025-12,361,1.61,0.89,69.9,21.2,0.28,2.14
20230601,2023-06,362,115.78,18.09,88.0,22.7,0.36,1.62
20230701,2023-07,362,60.23,9.41,82.6,21.0,0.36,2.46
20230801,2023-08,362,20.55,3.21,77.6,21.0,0.36,2.74
20230901,2023-09,362,16.31,2.55,77.6,15.5,0.36,2.97
20231001,2023-10,362,16.9,2.64,77.6,14.6,0.36,3.21
20231101,2023-11,362,12.66,1.98,77.6,9.7,0.36,3.38
20231201,2023-12,362,12.45,1.95,77.6,18.6,0.36,3.56
20240101,2024-01,362,5.52,0.86,71.7,11.3,0.36,3.63
20240201,2024-02,362,4.89,0.76,71.7,20.9,0.36,3.7
20240301,2024-03,362,4.99,0.78,71.7,18.2,0.36,3.77
20240401,2024-04,362,5.01,0.78,71.7,20.9,0.36,3.84
20240501,2024-05,362,5.13,0.8,71.7,21.4,0.36,3.91
20240601,2024-06,362,5.8,0.91,71.7,23.2,0.36,3.99
20240701,2024-07,362,5.88,0.92,71.7,14.6,0.36,4.08
20240801,2024-08,362,5.83,0.91,71.7,9.3,0.36,4.16
20240901,2024-09,362,4.4,0.69,71.7,12.4,0.36,4.22
20241001,2024-10,362,5.34,0.83,71.7,19.7,0.36,4.29
20241101,2024-11,362,5.45,0.85,71.7,8.1,0.36,4.37
20241201,2024-12,362,4.51,0.7,71.7,19.0,0.36,4.43
20250101,2025-01,362,4.55,0.71,71.7,11.3,0.36,4.5
20250201,2025-02,362,5.61,0.88,71.7,14.4,0.36,4.57
20250301,2025-03,362,5.21,0.81,71.7,11.6,0.36,4.65
20250401,2025-04,362,4.82,0.75,71.7,17.4,0.36,4.71
20250501,2025-05,362,5.5,0.86,71.7,11.2,0.36,4.79
20250601,2025-06,362,4.91,0.77,71.7,12.4,0.36,4.86
20250701,2025-07,362,5.77,0.9,71.7,21.6,0.36,4.94
20250801,2025-08,362,4.95,0.77,71.7,16.7,0.36,5.01
20250901,2025-09,362,5.88,0.92,71.7,23.3,0.36,5.09
20251001,2025-10,362,5.44,0.85,71.7,12.6,0.36,5.17
20251101,2025-11,362,5.41,0.85,71.7,19.8,0.36,5.24
20251201,2025-12,362,5.24,0.82,71.7,19.1,0.36,5.32
20240901,2024-09,363,188.79,104.88,90.8,8.2,0.7,1.35
20241001,2024-10,363,88.64,49.24,78.4,9.6,0.7,1.98
20241101,2024-11,363,32.46,18.03,78.4,9.2,0.7,2.21
20241201,2024-12,363,32.03,17.79,78.4,19.6,0.7,2.44
20250101,2025-01,363,28.11,15.62,78.4,12.2,0.7,2.64
20250201,2025-02,363,21.67,12.04,78.4,22.8,0.7,2.8
20250301,2025-03,363,18.57,10.32,78.4,22.9,0.7,2.93
20250401,2025-04,363,9.87,5.48,72.3,15.5,0.7,3.0
20250501,2025-05,363,8.63,4.79,72.3,18.8,0.7,3.06
20250601,2025-06,363,8.51,4.73,72.3,8.7,0.7,3.12
20250701,2025-07,363,7.95,4.42,72.3,23.4,0.7,3.18
20250801,2025-08,363,9.24,5.13,72.3,23.5,0.7,3.25
20250901,2025-09,363,8.71,4.84,72.3,21.6,0.7,3.31
20251001,2025-10,363,8.37,4.65,72.3,17.2,0.7,3.37
20251101,2025-11,363,9.48,5.27,72.3,23.8,0.7,3.44
20251201,2025-12,363,8.56,4.76,72.3,11.1,0.7,3.5
20230201,2023-02,364,39.22,3.06,82.8,20.8,0.27,0.73
20230301,2023-03,364,21.36,1.67,80.5,20.3,0.27,1.12
20230401,2023-04,364,8.94,0.7,74.8,21.0,0.27,1.29
20230501,2023-05,364,7.53,0.59,74.8,18.2,0.27,1.43
20230601,2023-06,364,6.19,0.48,74.8,16.5,0.27,1.54
20230701,2023-07,364,4.64,0.36,74.8,10.2,0.27,1.63
20230801,2023-08,364,4.08,0.32,74.8,10.8,0.27,1.71
20230901,2023-09,364,1.22,0.1,69.6,11.7,0.27,1.73
20231001,2023-10,364,1.51,0.12,69.6,12.9,0.27,1.76
20231101,2023-11,364,1.51,0.12,69.6,21.6,0.27,1.79
20231201,2023-12,364,1.54,0.12,69.6,17.8,0.27,1.81
20240101,2024-01,364,1.45,0.11,69.6,22.2,0.27,1.84
20240201,2024-02,364,1.59,0.12,69.6,18.2,0.27,1.87
20240301,2024-03,364,1.33,0.1,69.6,17.6,0.27,1.89
20240401,2024-04,364,1.2,0.09,69.6,16.7,0.27,1.92
20240501,2024-05,364,1.42,0.11,69.6,14.6,0.27,1.94
20240601,2024-06,364,1.23,0.1,69.6,10.7,0.27,1.97
20240701,2024-07,364,1.42,0.11,69.6,15.6,0.27,1.99
20240801,2024-08,364,1.42,0.11,69.6,19.6,0.27,2.02
20240901,2024-09,364,1.38,0.11,69.6,22.6,0.27,2.04
20241001,2024-10,364,1.26,0.1,69.6,17.0,0.27,2.07
20241101,2024-11,364,1.54,0.12,69.6,20.9,0.27,2.1
20241201,2024-12,364,1.32,0.1,69.6,22.7,0.27,2.12
20250101,2025-01,364,1.56,0.12,69.6,13.1,0.27,2.15
20250201,2025-02,364,1.37,0.11,69.6,18.4,0.27,2.18
20250301,2025-03,364,1.58,0.12,69.6,22.2,0.27,2.2
20250401,2025-04,364,1.38,0.11,69.6,12.8,0.27,2.23
20250501,2025-05,364,1.39,0.11,69.6,19.0,0.27,2.26
20250601,2025-06,364,1.33,0.1,69.6,8.7,0.27,2.28
20250701,2025-07,364,1.42,0.11,69.6,23.6,0.27,2.31
20250801,2025-08,364,1.41,0.11,69.6,21.1,0.27,2.33
20250901,2025-09,364,1.39,0.11,69.6,19.4,0.27,2.36
20251001,2025-10,364,1.49,0.12,69.6,19.9,0.27,2.39
20251101,2025-11,364,1.44,0.11,69.6,14.9,0.27,2.41
20251201,2025-12,364,1.51,0.12,69.6,11.3,0.27,2.44
20240101,2024-01,365,124.75,12.99,88.4,10.3,0.4,1.57
20240201,2024-02,365,59.22,6.17,80.6,18.6,0.4,2.32
20240301,2024-03,365,20.31,2.12,77.2,18.4,0.4,2.57
20240401,2024-04,365,21.7,2.26,77.2,14.4,0.4,2.84
20240501,2024-05,365,15.01,1.56,77.2,9.0,0.4,3.03
20240601,2024-06,365,14.44,1.5,77.2,16.6,0.4,3.22
20240701,2024-07,365,12.39,1.29,77.2,20.2,0.4,3.37
20240801,2024-08,365,5.72,0.6,71.4,8.0,0.4,3.44
20240901,2024-09,365,5.04,0.52,71.4,10.0,0.4,3.51
20241001,2024-10,365,4.63,0.48,71.4,8.5,0.4,3.56
20241101,2024-11,365,5.86,0.61,71.4,9.2,0.4,3.64
20241201,2024-12,365,5.84,0.61,71.4,10.7,0.4,3.71
20250101,2025-01,365,5.25,0.55,71.4,14.3,0.4,3.78
20250201,2025-02,365,4.74,0.49,71.4,16.3,0.4,3.84
20250301,2025-03,365,4.76,0.5,71.4,14.3,0.4,3.9
20250401,2025-04,365,4.51,0.47,71.4,10.1,0.4,3.95
20250501,2025-05,365,5.12,0.53,71.4,15.5,0.4,4.02
20250601,2025-06,365,5.45,0.57,71.4,19.6,0.4,4.09
20250701,2025-07,365,5.46,0.57,71.4,10.5,0.4,4.16
20250801,2025-08,365,5.23,0.54,71.4,23.1,0.4,4.22
20250901,2025-09,365,4.78,0.5,71.4,10.6,0.4,4.28
20251001,2025-10,365,4.68,0.49,71.4,14.4,0.4,4.34
20251101,2025-11,365,4.59,0.48,71.4,21.9,0.4,4.4
20251201,2025-12,365,5.38,0.56,71.4,12.5,0.4,4.47
20210501,2021-05,366,158.47,88.04,82.2,10.9,0.46,1.71
20210601,2021-06,366,88.19,48.99,81.6,16.1,0.46,2.66
20210701,2021-07,366,32.69,18.16,77.8,20.4,0.46,3.01
20210801,2021-08,366,23.68,13.16,77.8,13.8,0.46,3.27
20210901,2021-09,366,20.05,11.14,77.8,13.5,0.46,3.48
20211001,2021-10,366,17.37,9.65,77.8,17.8,0.46,3.67
20211101,2021-11,366,13.88,7.71,77.8,13.3,0.46,3.82
20211201,2021-12,366,6.47,3.59,71.8,18.5,0.46,3.89
20220101,2022-01,366,6.08,3.38,71.8,13.3,0.46,3.95
20220201,2022-02,366,6.02,3.34,71.8,21.4,0.46,4.02
20220301,2022-03,366,7.8,4.33,71.8,15.8,0.46,4.1
20220401,2022-04,366,6.85,3.81,71.8,23.8,0.46,4.18
20220501,2022-05,366,7.82,4.34,71.8,18.3,0.46,4.26
20220601,2022-06,366,6.2,3.44,71.8,20.2,0.46,4.33
20220701,2022-07,366,6.7,3.72,71.8,15.2,0.46,4.4
20220801,2022-08,366,7.75,4.31,71.8,13.1,0.46,4.48
20220901,2022-09,366,7.12,3.96,71.8,16.9,0.46,4.56
20221001,2022-10,366,6.0,3.33,71.8,9.7,0.46,4.63
20221101,2022-11,366,7.8,4.33,71.8,9.3,0.46,4.71
20221201,2022-12,366,7.0,3.89,71.8,13.7,0.46,4.78
20230101,2023-01,366,7.4,4.11,71.8,15.6,0.46,4.86
20230201,2023-02,366,7.68,4.27,71.8,20.4,0.46,4.95
20230301,2023-03,366,6.76,3.76,71.8,11.9,0.46,5.02
20230401,2023-04,366,6.23,3.46,71.8,17.2,0.46,5.09
20230501,2023-05,366,6.27,3.48,71.8,14.5,0.46,5.16
20230601,2023-06,366,7.19,3.99,71.8,16.0,0.46,5.23
20230701,2023-07,366,7.73,4.29,71.8,15.8,0.46,5.32
20230801,2023-08,366,7.05,3.92,71.8,15.1,0.46,5.39
20230901,2023-09,366,7.09,3.94,71.8,18.7,0.46,5.47
20231001,2023-10,366,7.53,4.18,71.8,9.8,0.46,5.55
20231101,2023-11,366,7.05,3.92,71.8,23.5,0.46,5.63
20231201,2023-12,366,6.89,3.83,71.8,17.8,0.46,5.7
20240101,2024-01,366,6.65,3.69,71.8,15.1,0.46,5.77
20240201,2024-02,366,6.03,3.35,71.8,22.2,0.46,5.84
20240301,2024-03,366,7.39,4.11,71.8,23.5,0.46,5.92
20240401,2024-04,366,6.95,3.86,71.8,11.4,0.46,5.99
20240501,2024-05,366,5.91,3.28,71.8,8.6,0.0,6.05
20240601,2024-06,366,7.23,4.02,71.8,9.5,0.0,6.13
20240701,2024-07,366,6.64,3.69,71.8,23.7,0.0,6.2
20240801,2024-08,366,7.04,3.91,71.8,17.4,0.0,6.28
20240901,2024-09,366,7.88,4.38,71.8,21.1,0.0,6.36
20241001,2024-10,366,7.48,4.16,71.8,19.8,0.0,6.45
20241101,2024-11,366,7.34,4.08,71.8,9.0,0.0,6.52
20241201,2024-12,366,5.99,3.33,71.8,10.9,0.0,6.59
20250101,2025-01,366,7.35,4.08,71.8,19.2,0.0,6.67
20250201,2025-02,366,6.73,3.74,71.8,22.7,0.0,6.74
20250301,2025-03,366,7.16,3.98,71.8,19.4,0.0,6.82
20250401,2025-04,366,7.39,4.11,71.8,21.4,0.0,6.9
20250501,2025-05,366,7.59,4.22,71.8,8.3,0.0,6.98
20250601,2025-06,366,5.98,3.32,71.8,9.7,0.0,7.04
20250701,2025-07,366,7.88,4.38,71.8,17.0,0.0,7.13
20250801,2025-08,366,7.62,4.23,71.8,18.6,0.0,7.21
20250901,2025-09,366,7.59,4.22,71.8,18.2,0.0,7.29
20251001,2025-10,366,7.22,4.01,71.8,18.4,0.0,7.37
20251101,2025-11,366,6.13,3.41,71.8,20.6,0.0,7.44
20251201,2025-12,366,6.49,3.61,71.8,21.7,0.0,7.51
20220701,2022-07,367,72.53,40.29,90.2,23.3,0.24,1.48
20220801,2022-08,367,41.93,23.29,84.4,22.2,0.24,2.34
20220901,2022-09,367,12.6,7.0,77.4,14.8,0.24,2.6
20221001,2022-10,367,10.9,6.06,77.4,14.8,0.24,2.82
20221101,2022-11,367,11.14,6.19,77.4,9.6,0.24,3.05
20221201,2022-12,367,9.87,5.48,77.4,8.2,0.24,3.25
20230101,2023-01,367,8.67,4.82,77.4,18.0,0.24,3.43
20230201,2023-02,367,3.58,1.99,71.5,21.0,0.24,3.5
20230301,2023-03,367,3.09,1.72,71.5,21.3,0.24,3.57
20230401,2023-04,367,3.21,1.78,71.5,20.1,0.24,3.63
20230501,2023-05,367,3.43,1.91,71.5,10.2,0.24,3.7
20230601,2023-06,367,3.41,1.89,71.5,10.5,0.24,3.77
20230701,2023-07,367,3.82,2.12,71.5,16.2,0.24,3.85
20230801,2023-08,367,3.04,1.69,71.5,16.8,0.24,3.91
20230901,2023-09,367,3.03,1.68,71.5,23.8,0.24,3.97
20231001,2023-10,367,2.92,1.62,71.5,21.9,0.24,4.03
20231101,2023-11,367,2.88,1.6,71.5,23.7,0.24,4.09
20231201,2023-12,367,3.52,1.96,71.5,19.2,0.24,4.16
20240101,2024-01,367,3.19,1.77,71.5,17.2,0.24,4.23
20240201,2024-02,367,3.1,1.72,71.5,24.0,0.24,4.29
20240301,2024-03,367,3.01,1.67,71.5,21.4,0.24,4.35
20240401,2024-04,367,3.73,2.07,71.5,20.7,0.24,4.43
20240501,2024-05,367,3.83,2.13,71.5,19.1,0.24,4.51
20240601,2024-06,367,3.21,1.78,71.5,10.3,0.24,4.57
20240701,2024-07,367,3.66,2.03,71.5,12.9,0.24,4.65
20240801,2024-08,367,3.75,2.08,71.5,13.2,0.24,4.73
20240901,2024-09,367,3.55,1.97,71.5,14.7,0.24,4.8
20241001,2024-10,367,3.27,1.82,71.5,20.2,0.24,4.87
20241101,2024-11,367,3.37,1.87,71.5,16.0,0.24,4.93
20241201,2024-12,367,3.29,1.83,71.5,23.2,0.24,5.0
20250101,2025-01,367,3.45,1.92,71.5,13.8,0.24,5.07
20250201,2025-02,367,3.6,2.0,71.5,22.0,0.24,5.15
20250301,2025-03,367,3.36,1.87,71.5,18.1,0.24,5.21
20250401,2025-04,367,2.87,1.59,71.5,20.0,0.24,5.27
20250501,2025-05,367,2.93,1.63,71.5,9.7,0.24,5.33
20250601,2025-06,367,3.54,1.97,71.5,17.5,0.24,5.41
20250701,2025-07,367,3.25,1.81,71.5,21.0,0.0,5.47
20250801,2025-08,367,3.84,2.13,71.5,19.2,0.0,5.55
20250901,2025-09,367,3.77,2.09,71.5,14.7,0.0,5.63
20251001,2025-10,367,3.08,1.71,71.5,16.8,0.0,5.69
20251101,2025-11,367,3.56,1.98,71.5,11.9,0.0,5.76
20251201,2025-12,367,3.54,1.97,71.5,22.6,0.0,5.84
20250101,2025-01,368,269.08,22.42,80.7,12.7,1.43,0.94
20250201,2025-02,368,159.11,13.26,77.5,15.1,1.43,1.49
20250301,2025-03,368,52.85,4.4,75.0,15.7,1.43,1.68
20250401,2025-04,368,56.28,4.69,75.0,12.1,1.43,1.87
20250501,2025-05,368,44.19,3.68,75.0,23.4,1.43,2.03
20250601,2025-06,368,37.0,3.08,75.0,11.0,1.43,2.16
20250701,2025-07,368,30.39,2.53,75.0,13.6,1.43,2.26
20250801,2025-08,368,9.61,0.8,69.8,19.5,1.43,2.3
20250901,2025-09,368,12.09,1.01,69.8,15.8,1.43,2.34
20251001,2025-10,368,10.11,0.84,69.8,22.3,1.43,2.37
20251101,2025-11,368,9.75,0.81,69.8,9.9,1.43,2.41
20251201,2025-12,368,11.31,0.94,69.8,15.3,1.43,2.45
20230901,2023-09,369,438.13,68.46,83.8,13.7,1.56,1.41
20231001,2023-10,369,254.51,39.77,79.3,23.8,1.56,2.22
20231101,2023-11,369,72.52,11.33,76.4,19.9,1.56,2.46
20231201,2023-12,369,69.64,10.88,76.4,16.2,1.56,2.68
20240101,2024-01,369,57.66,9.01,76.4,9.2,1.56,2.86
20240201,2024-02,369,53.81,8.41,76.4,23.5,1.56,3.04
20240301,2024-03,369,38.92,6.08,76.4,17.4,1.56,3.16
20240401,2024-04,369,17.99,2.81,70.8,21.8,1.56,3.22
20240501,2024-05,369,14.92,2.33,70.8,9.1,1.56,3.27
20240601,2024-06,369,16.74,2.62,70.8,12.8,1.56,3.32
20240701,2024-07,369,17.02,2.66,70.8,22.0,1.56,3.37
20240801,2024-08,369,17.79,2.78,70.8,14.0,1.56,3.43
20240901,2024-09,369,16.91,2.64,70.8,10.3,1.56,3.49
20241001,2024-10,369,16.49,2.58,70.8,15.7,1.56,3.54
20241101,2024-11,369,18.69,2.92,70.8,21.3,1.56,3.6
20241201,2024-12,369,15.64,2.44,70.8,9.4,1.56,3.65
20250101,2025-01,369,17.9,2.8,70.8,22.9,1.56,3.71
20250201,2025-02,369,18.15,2.84,70.8,19.7,1.56,3.77
20250301,2025-03,369,16.39,2.56,70.8,10.6,1.56,3.82
20250401,2025-04,369,14.39,2.25,70.8,11.8,1.56,3.86
20250501,2025-05,369,17.34,2.71,70.8,18.9,1.56,3.92
20250601,2025-06,369,17.77,2.78,70.8,9.9,1.56,3.98
20250701,2025-07,369,14.62,2.28,70.8,12.5,1.56,4.02
20250801,2025-08,369,15.0,2.34,70.8,18.5,1.56,4.07
20250901,2025-09,369,16.82,2.63,70.8,16.6,1.56,4.13
20251001,2025-10,369,18.12,2.83,70.8,22.8,1.56,4.18
20251101,2025-11,369,17.86,2.79,70.8,14.0,1.56,4.24
20251201,2025-12,369,18.44,2.88,70.8,22.5,1.56,4.3
20251101,2025-11,370,53.67,8.39,82.5,8.2,0.28,0.96
20251201,2025-12,370,34.17,5.34,83.3,9.9,0.28,1.57
20240501,2024-05,371,284.15,157.86,92.0,22.5,0.67,2.13
20240601,2024-06,371,141.68,78.71,88.2,13.3,0.67,3.19
20240701,2024-07,371,54.8,30.44,79.8,18.4,0.67,3.6
20240801,2024-08,371,48.73,27.07,79.8,9.7,0.67,3.97
20240901,2024-09,371,43.2,24.0,79.8,17.0,0.67,4.29
20241001,2024-10,371,33.83,18.79,79.8,22.2,0.67,4.55
20241101,2024-11,371,27.98,15.54,79.8,19.6,0.67,4.76
20241201,2024-12,371,15.18,8.43,73.3,8.9,0.67,4.87
20250101,2025-01,371,15.33,8.52,73.3,21.2,0.67,4.99
20250201,2025-02,371,15.68,8.71,73.3,10.0,0.67,5.1
20250301,2025-03,371,15.48,8.6,73.3,16.7,0.67,5.22
20250401,2025-04,371,14.09,7.83,73.3,22.6,0.67,5.33
20250501,2025-05,371,13.74,7.63,73.3,22.3,0.67,5.43
20250601,2025-06,371,15.2,8.44,73.3,17.7,0.67,5.54
20250701,2025-07,371,15.48,8.6,73.3,12.2,0.67,5.66
20250801,2025-08,371,16.42,9.12,73.3,9.7,0.67,5.78
20250901,2025-09,371,17.4,9.67,73.3,13.4,0.67,5.91
20251001,2025-10,371,15.72,8.73,73.3,18.0,0.67,6.03
20251101,2025-11,371,15.32,8.51,73.3,10.4,0.67,6.15
20251201,2025-12,371,13.57,7.54,73.3,19.1,0.67,6.25
20221201,2022-12,372,205.79,42.87,85.6,10.0,0.76,1.35
20230101,2023-01,372,111.19,23.16,83.4,18.5,0.76,2.07
20230201,2023-02,372,31.54,6.57,75.8,19.7,0.76,2.28
20230301,2023-03,372,34.26,7.14,75.8,19.6,0.76,2.51
20230401,2023-04,372,27.89,5.81,75.8,8.1,0.76,2.69
20230501,2023-05,372,24.33,5.07,75.8,15.3,0.76,2.85
20230601,2023-06,372,19.72,4.11,75.8,17.0,0.76,2.98
20230701,2023-07,372,6.11,1.27,70.3,23.4,0.76,3.02
20230801,2023-08,372,7.92,1.65,70.3,18.8,0.76,3.07
20230901,2023-09,372,7.14,1.49,70.3,19.6,0.76,3.11
20231001,2023-10,372,8.01,1.67,70.3,22.7,0.76,3.17
20231101,2023-11,372,8.01,1.67,70.3,13.5,0.76,3.22
20231201,2023-12,372,6.78,1.41,70.3,21.3,0.76,3.26
20240101,2024-01,372,7.95,1.66,70.3,16.2,0.76,3.32
20240201,2024-02,372,7.32,1.52,70.3,17.4,0.76,3.36
20240301,2024-03,372,8.06,1.68,70.3,15.5,0.76,3.42
20240401,2024-04,372,7.43,1.55,70.3,8.9,0.76,3.47
20240501,2024-05,372,7.5,1.56,70.3,10.4,0.76,3.51
20240601,2024-06,372,7.65,1.59,70.3,13.2,0.76,3.56
20240701,2024-07,372,6.69,1.39,70.3,21.6,0.76,3.61
20240801,2024-08,372,7.57,1.58,70.3,21.5,0.76,3.66
20240901,2024-09,372,6.06,1.26,70.3,13.0,0.76,3.7
20241001,2024-10,372,7.68,1.6,70.3,12.8,0.76,3.75
20241101,2024-11,372,7.73,1.61,70.3,18.6,0.76,3.8
20241201,2024-12,372,7.26,1.51,70.3,17.5,0.76,3.85
20250101,2025-01,372,8.01,1.67,70.3,9.7,0.76,3.9
20250201,2025-02,372,6.08,1.27,70.3,12.4,0.76,3.94
20250301,2025-03,372,7.49,1.56,70.3,18.0,0.76,3.99
20250401,2025-04,372,7.56,1.57,70.3,15.4,0.76,4.04
20250501,2025-05,372,6.01,1.25,70.3,21.6,0.76,4.08
20250601,2025-06,372,6.61,1.38,70.3,9.1,0.76,4.12
20250701,2025-07,372,6.79,1.41,70.3,18.4,0.76,4.16
20250801,2025-08,372,6.33,1.32,70.3,17.7,0.76,4.21
20250901,2025-09,372,7.9,1.65,70.3,22.6,0.76,4.26
20251001,2025-10,372,6.46,1.35,70.3,12.3,0.76,4.3
20251101,2025-11,372,6.37,1.33,70.3,19.4,0.76,4.34
20251201,2025-12,372,6.93,1.44,70.3,19.0,0.0,4.39
20241001,2024-10,373,190.23,15.85,91.3,13.6,0.56,1.69
20241101,2024-11,373,86.24,7.19,78.3,16.7,0.56,2.45
20241201,2024-12,373,36.31,3.03,77.6,20.9,0.56,2.77
20250101,2025-01,373,28.58,2.38,77.6,19.9,0.56,3.03
20250201,2025-02,373,27.85,2.32,77.6,9.3,0.56,3.27
20250301,2025-03,373,24.35,2.03,77.6,11.3,0.56,3.49
20250401,2025-04,373,19.54,1.63,77.6,21.0,0.56,3.66
20250501,2025-05,373,7.02,0.58,71.7,15.5,0.56,3.73
20250601,2025-06,373,9.07,0.76,71.7,18.4,0.56,3.81
20250701,2025-07,373,7.35,0.61,71.7,18.6,0.56,3.87
20250801,2025-08,373,7.63,0.64,71.7,17.8,0.56,3.94
20250901,2025-09,373,9.19,0.77,71.7,9.7,0.56,4.02
20251001,2025-10,373,7.8,0.65,71.7,13.3,0.56,4.09
20251101,2025-11,373,9.04,0.75,71.7,18.0,0.56,4.17
20251201,2025-12,373,7.97,0.66,71.7,22.9,0.56,4.24
20241101,2024-11,374,108.47,13.56,86.2,19.5,0.89,0.61
20241201,2024-12,374,65.41,8.18,79.7,13.7,0.89,0.97
20250101,2025-01,374,23.38,2.92,74.4,18.8,0.89,1.1
20250201,2025-02,374,21.22,2.65,74.4,11.4,0.89,1.22
20250301,2025-03,374,15.59,1.95,74.4,23.3,0.89,1.31
20250401,2025-04,374,16.49,2.06,74.4,18.4,0.89,1.4
20250501,2025-05,374,12.04,1.5,74.4,12.4,0.89,1.47
20250601,2025-06,374,4.66,0.58,69.3,22.3,0.89,1.49
20250701,2025-07,374,4.44,0.56,69.3,19.6,0.89,1.52
20250801,2025-08,374,4.33,0.54,69.3,10.4,0.89,1.54
20250901,2025-09,374,4.09,0.51,69.3,15.8,0.89,1.57
20251001,2025-10,374,3.8,0.47,69.3,11.1,0.89,1.59
20251101,2025-11,374,4.5,0.56,69.3,23.2,0.89,1.61
20251201,2025-12,374,3.99,0.5,69.3,20.3,0.89,1.63
20251201,2025-12,375,20.22,3.16,82.1,15.1,0.23,0.43
20230601,2023-06,376,203.03,28.2,86.6,22.1,0.85,1.19
20230701,2023-07,376,137.4,19.08,85.6,10.1,0.85,2.0
20230801,2023-08,376,46.5,6.46,78.6,16.8,0.85,2.28
20230901,2023-09,376,40.03,5.56,78.6,13.1,0.85,2.51
20231001,2023-10,376,27.93,3.88,78.6,10.5,0.85,2.68
20231101,2023-11,376,24.64,3.42,78.6,20.2,0.85,2.82
20231201,2023-12,376,24.22,3.36,78.6,23.5,0.85,2.96
20240101,2024-01,376,10.43,1.45,72.5,18.2,0.85,3.02
20240201,2024-02,376,9.88,1.37,72.5,21.4,0.85,3.08
20240301,2024-03,376,12.52,1.74,72.5,22.2,0.85,3.16
20240401,2024-04,376,9.84,1.37,72.5,17.0,0.85,3.21
20240501,2024-05,376,11.04,1.53,72.5,13.1,0.85,3.28
20240601,2024-06,376,10.5,1.46,72.5,14.6,0.85,3.34
20240701,2024-07,376,12.74,1.77,72.5,14.0,0.85,3.42
20240801,2024-08,376,10.99,1.53,72.5,17.1,0.85,3.48
20240901,2024-09,376,12.71,1.77,72.5,12.8,0.85,3.56
20241001,2024-10,376,12.46,1.73,72.5,18.3,0.85,3.63
20241101,2024-11,376,11.45,1.59,72.5,12.8,0.85,3.7
20241201,2024-12,376,12.29,1.71,72.5,14.2,0.85,3.77
20250101,2025-01,376,12.69,1.76,72.5,11.1,0.85,3.84
20250201,2025-02,376,11.93,1.66,72.5,19.9,0.85,3.91
20250301,2025-03,376,11.7,1.62,72.5,11.0,0.85,3.98
20250401,2025-04,376,10.44,1.45,72.5,22.8,0.85,4.04
20250501,2025-05,376,12.14,1.69,72.5,14.5,0.85,4.11
20250601,2025-06,376,11.04,1.53,72.5,22.6,0.85,4.18
20250701,2025-07,376,11.02,1.53,72.5,11.8,0.85,4.24
20250801,2025-08,376,12.3,1.71,72.5,16.8,0.85,4.32
20250901,2025-09,376,12.19,1.69,72.5,11.0,0.85,4.39
20251001,2025-10,376,11.52,1.6,72.5,21.3,0.85,4.46
20251101,2025-11,376,11.33,1.57,72.5,9.0,0.85,4.52
20251201,2025-12,376,10.14,1.41,72.5,12.0,0.85,4.58
20250201,2025-02,377,192.58,106.99,84.1,13.2,0.56,1.71
20250301,2025-03,377,99.27,55.15,86.4,18.9,0.56,2.59
20250401,2025-04,377,41.98,23.32,78.4,16.2,0.56,2.96
20250501,2025-05,377,28.32,15.73,78.4,18.8,0.56,3.21
20250601,2025-06,377,31.24,17.36,78.4,13.1,0.56,3.49
20250701,2025-07,377,22.47,12.48,78.4,17.1,0.56,3.69
20250801,2025-08,377,19.85,11.03,78.4,12.2,0.56,3.86
20250901,2025-09,377,8.2,4.56,72.3,19.5,0.56,3.94
20251001,2025-10,377,8.3,4.61,72.3,8.1,0.56,4.01
20251101,2025-11,377,8.55,4.75,72.3,13.7,0.56,4.09
20251201,2025-12,377,8.33,4.63,72.3,21.0,0.56,4.16
20230901,2023-09,378,65.1,36.17,85.8,9.8,0.38,0.86
20231001,2023-10,378,44.89,24.94,79.3,17.3,0.38,1.46
20231101,2023-11,378,16.76,9.31,76.6,15.5,0.38,1.68
20231201,2023-12,378,12.86,7.14,76.6,20.3,0.38,1.85
20240101,2024-01,378,9.36,5.2,76.6,14.8,0.38,1.97
20240201,2024-02,378,10.27,5.71,76.6,11.2,0.38,2.11
20240301,2024-03,378,7.41,4.12,76.6,17.1,0.38,2.21
20240401,2024-04,378,3.12,1.73,71.0,15.6,0.38,2.25
20240501,2024-05,378,3.1,1.72,71.0,19.9,0.38,2.29
20240601,2024-06,378,3.6,2.0,71.0,11.1,0.38,2.34
20240701,2024-07,378,3.03,1.68,71.0,18.5,0.38,2.38
20240801,2024-08,378,3.17,1.76,71.0,20.9,0.38,2.42
20240901,2024-09,378,2.82,1.57,71.0,17.1,0.38,2.46
20241001,2024-10,378,3.25,1.81,71.0,17.3,0.38,2.5
20241101,2024-11,378,3.41,1.89,71.0,16.5,0.38,2.54
20241201,2024-12,378,2.81,1.56,71.0,9.6,0.38,2.58
20250101,2025-01,378,2.71,1.51,71.0,13.7,0.38,2.62
20250201,2025-02,378,3.32,1.84,71.0,16.0,0.38,2.66
20250301,2025-03,378,2.91,1.62,71.0,10.1,0.38,2.7
20250401,2025-04,378,2.79,1.55,71.0,15.3,0.38,2.74
20250501,2025-05,378,3.38,1.88,71.0,17.6,0.38,2.78
20250601,2025-06,378,3.11,1.73,71.0,17.0,0.38,2.82
20250701,2025-07,378,3.02,1.68,71.0,21.7,0.38,2.86
20250801,2025-08,378,3.15,1.75,71.0,19.6,0.38,2.9
20250901,2025-09,378,2.81,1.56,71.0,18.2,0.38,2.94
20251001,2025-10,378,2.91,1.62,71.0,16.8,0.38,2.98
20251101,2025-11,378,2.79,1.55,71.0,12.3,0.38,3.02
20251201,2025-12,378,3.44,1.91,71.0,23.2,0.38,3.06
20250801,2025-08,379,273.33,20.1,82.4,15.3,1.01,1.36
20250901,2025-09,379,173.1,12.73,84.1,16.5,1.01,2.21
20251001,2025-10,379,49.28,3.62,76.8,11.3,1.01,2.46
20251101,2025-11,379,40.73,2.99,76.8,14.4,1.01,2.66
20251201,2025-12,379,34.08,2.51,76.8,14.1,1.01,2.83
20231101,2023-11,380,97.33,17.38,91.1,22.6,0.33,1.48
20231201,2023-12,380,59.8,10.68,83.3,13.2,0.33,2.4
20240101,2024-01,380,16.64,2.97,79.6,15.3,0.33,2.65
20240201,2024-02,380,18.41,3.29,79.6,12.0,0.33,2.93
20240301,2024-03,380,14.5,2.59,79.6,14.7,0.33,3.15
20240401,2024-04,380,13.63,2.43,79.6,13.9,0.33,3.36
20240501,2024-05,380,9.04,1.61,79.6,21.8,0.33,3.5
20240601,2024-06,380,5.98,1.07,73.2,21.1,0.33,3.59
20240701,2024-07,380,5.08,0.91,73.2,8.3,0.33,3.67
20240801,2024-08,380,4.62,0.82,73.2,20.8,0.33,3.74
20240901,2024-09,380,4.99,0.89,73.2,9.9,0.33,3.81
20241001,2024-10,380,4.64,0.83,73.2,8.5,0.33,3.88
20241101,2024-11,380,4.94,0.88,73.2,15.3,0.33,3.96
20241201,2024-12,380,5.5,0.98,73.2,22.4,0.33,4.04
20250101,2025-01,380,6.01,1.07,73.2,22.5,0.33,4.14
20250201,2025-02,380,5.31,0.95,73.2,18.4,0.33,4.22
20250301,2025-03,380,5.37,0.96,73.2,15.9,0.33,4.3
20250401,2025-04,380,5.1,0.91,73.2,23.8,0.33,4.38
20250501,2025-05,380,4.68,0.84,73.2,16.0,0.33,4.45
20250601,2025-06,380,5.76,1.03,73.2,10.6,0.33,4.54
20250701,2025-07,380,5.62,1.0,73.2,16.1,0.33,4.62
20250801,2025-08,380,4.64,0.83,73.2,8.2,0.33,4.69
20250901,2025-09,380,5.41,0.97,73.2,15.0,0.33,4.77
20251001,2025-10,380,4.59,0.82,73.2,23.0,0.33,4.84
20251101,2025-11,380,5.69,1.02,73.2,8.2,0.33,4.93
20251201,2025-12,380,5.69,1.02,73.2,11.9,0.33,5.02
20231001,2023-10,381,53.87,5.18,86.4,17.8,0.18,1.52
20231101,2023-11,381,24.85,2.39,82.4,21.0,0.18,2.21
20231201,2023-12,381,8.45,0.81,76.6,13.4,0.18,2.45
20240101,2024-01,381,7.15,0.69,76.6,17.3,0.18,2.65
20240201,2024-02,381,7.37,0.71,76.6,18.4,0.18,2.86
20240301,2024-03,381,5.3,0.51,76.6,9.6,0.18,3.01
20240401,2024-04,381,4.59,0.44,76.6,11.6,0.18,3.14
20240501,2024-05,381,2.08,0.2,71.0,19.5,0.18,3.2
20240601,2024-06,381,2.15,0.21,71.0,19.5,0.18,3.26
20240701,2024-07,381,2.1,0.2,71.0,14.3,0.18,3.32
20240801,2024-08,381,1.84,0.18,71.0,10.2,0.18,3.37
20240901,2024-09,381,2.19,0.21,71.0,15.3,0.18,3.43
20241001,2024-10,381,2.28,0.22,71.0,10.9,0.18,3.49
20241101,2024-11,381,2.0,0.19,71.0,11.1,0.18,3.55
20241201,2024-12,381,2.19,0.21,71.0,8.9,0.18,3.61
20250101,2025-01,381,2.06,0.2,71.0,20.0,0.18,3.67
20250201,2025-02,381,1.9,0.18,71.0,11.5,0.18,3.72
20250301,2025-03,381,1.74,0.17,71.0,22.6,0.18,3.77
20250401,2025-04,381,2.12,0.2,71.0,16.1,0.18,3.83
20250501,2025-05,381,2.16,0.21,71.0,10.4,0.18,3.89
20250601,2025-06,381,1.83,0.18,71.0,21.1,0.18,3.94
20250701,2025-07,381,1.74,0.17,71.0,12.9,0.18,3.99
20250801,2025-08,381,1.98,0.19,71.0,10.5,0.18,4.05
20250901,2025-09,381,2.27,0.22,71.0,19.9,0.18,4.11
20251001,2025-10,381,2.28,0.22,71.0,13.8,0.18,4.18
20251101,2025-11,381,2.24,0.22,71.0,13.2,0.18,4.24
20251201,2025-12,381,1.73,0.17,71.0,19.8,0.18,4.29
20220901,2022-09,382,90.4,11.3,89.7,17.6,0.3,1.52
20221001,2022-10,382,41.92,5.24,77.9,10.6,0.3,2.23
20221101,2022-11,382,15.67,1.96,76.6,11.2,0.3,2.49
20221201,2022-12,382,11.88,1.49,76.6,15.7,0.3,2.69
20230101,2023-01,382,10.35,1.29,76.6,23.3,0.3,2.86
20230201,2023-02,382,10.65,1.33,76.6,18.0,0.3,3.04
20230301,2023-03,382,8.1,1.01,76.6,9.6,0.3,3.18
20230401,2023-04,382,3.41,0.43,71.0,12.9,0.3,3.24
20230501,2023-05,382,3.45,0.43,71.0,10.3,0.3,3.29
20230601,2023-06,382,3.28,0.41,71.0,17.4,0.3,3.35
20230701,2023-07,382,3.83,0.48,71.0,20.0,0.3,3.41
20230801,2023-08,382,2.85,0.36,71.0,8.1,0.3,3.46
20230901,2023-09,382,3.35,0.42,71.0,20.8,0.3,3.52
20231001,2023-10,382,3.31,0.41,71.0,8.5,0.3,3.57
20231101,2023-11,382,3.79,0.47,71.0,16.5,0.3,3.64
20231201,2023-12,382,3.79,0.47,71.0,18.8,0.3,3.7
20240101,2024-01,382,3.26,0.41,71.0,21.6,0.3,3.76
20240201,2024-02,382,3.86,0.48,71.0,18.0,0.3,3.82
20240301,2024-03,382,3.67,0.46,71.0,11.6,0.3,3.88
20240401,2024-04,382,3.8,0.47,71.0,11.1,0.3,3.95
20240501,2024-05,382,3.5,0.44,71.0,14.7,0.3,4.01
20240601,2024-06,382,3.37,0.42,71.0,8.4,0.3,4.06
20240701,2024-07,382,3.29,0.41,71.0,20.5,0.3,4.12
20240801,2024-08,382,3.79,0.47,71.0,21.7,0.3,4.18
20240901,2024-09,382,2.87,0.36,71.0,18.4,0.3,4.23
20241001,2024-10,382,2.9,0.36,71.0,14.5,0.3,4.28
20241101,2024-11,382,3.23,0.4,71.0,15.5,0.3,4.33
20241201,2024-12,382,3.79,0.47,71.0,22.9,0.3,4.4
20250101,2025-01,382,3.69,0.46,71.0,11.7,0.3,4.46
20250201,2025-02,382,2.97,0.37,71.0,15.6,0.3,4.51
20250301,2025-03,382,3.71,0.46,71.0,22.5,0.3,4.57
20250401,2025-04,382,3.85,0.48,71.0,15.7,0.3,4.64
20250501,2025-05,382,3.17,0.4,71.0,11.9,0.3,4.69
20250601,2025-06,382,3.77,0.47,71.0,20.9,0.3,4.75
20250701,2025-07,382,3.5,0.44,71.0,8.3,0.3,4.81
20250801,2025-08,382,3.31,0.41,71.0,22.1,0.3,4.87
20250901,2025-09,382,3.37,0.42,71.0,12.0,0.0,4.92
20251001,2025-10,382,3.02,0.38,71.0,20.3,0.0,4.97
20251101,2025-11,382,2.99,0.37,71.0,15.2,0.0,5.03
20251201,2025-12,382,2.86,0.36,71.0,18.5,0.0,5.07
20230601,2023-06,383,152.54,27.24,88.0,17.4,0.7,1.09
20230701,2023-07,383,92.79,16.57,75.2,22.4,0.7,1.75
20230801,2023-08,383,28.56,5.1,75.8,11.9,0.7,1.95
20230901,2023-09,383,32.04,5.72,75.8,8.8,0.7,2.18
20231001,2023-10,383,24.36,4.35,75.8,19.4,0.7,2.35
20231101,2023-11,383,21.06,3.76,75.8,9.2,0.7,2.5
20231201,2023-12,383,15.07,2.69,75.8,18.9,0.7,2.61
20240101,2024-01,383,6.61,1.18,70.3,14.6,0.7,2.65
20240201,2024-02,383,6.64,1.19,70.3,22.4,0.7,2.7
20240301,2024-03,383,5.95,1.06,70.3,23.1,0.7,2.74
20240401,2024-04,383,7.03,1.26,70.3,15.2,0.7,2.79
20240501,2024-05,383,6.29,1.12,70.3,17.7,0.7,2.84
20240601,2024-06,383,5.8,1.04,70.3,8.1,0.7,2.88
20240701,2024-07,383,5.73,1.02,70.3,12.2,0.7,2.92
20240801,2024-08,383,5.58,1.0,70.3,12.4,0.7,2.96
20240901,2024-09,383,6.59,1.18,70.3,17.2,0.7,3.01
20241001,2024-10,383,5.86,1.05,70.3,16.9,0.7,3.05
20241101,2024-11,383,5.77,1.03,70.3,10.3,0.7,3.09
20241201,2024-12,383,7.28,1.3,70.3,18.2,0.7,3.14
20250101,2025-01,383,7.38,1.32,70.3,18.2,0.7,3.19
20250201,2025-02,383,5.61,1.0,70.3,19.6,0.7,3.23
20250301,2025-03,383,5.91,1.06,70.3,14.3,0.7,3.28
20250401,2025-04,383,5.88,1.05,70.3,21.2,0.7,3.32
20250501,2025-05,383,7.12,1.27,70.3,16.8,0.7,3.37
20250601,2025-06,383,7.37,1.32,70.3,21.6,0.7,3.42
20250701,2025-07,383,6.18,1.1,70.3,17.3,0.7,3.46
20250801,2025-08,383,6.77,1.21,70.3,23.0,0.7,3.51
20250901,2025-09,383,7.15,1.28,70.3,10.1,0.7,3.56
20251001,2025-10,383,5.87,1.05,70.3,8.4,0.7,3.61
20251101,2025-11,383,6.23,1.11,70.3,19.7,0.7,3.65
20251201,2025-12,383,7.06,1.26,70.3,13.6,0.7,3.7
20210801,2021-08,384,101.68,15.89,78.6,10.8,0.81,0.63
20210901,2021-09,384,67.09,10.48,75.1,23.9,0.81,1.04
20211001,2021-10,384,24.39,3.81,72.6,17.9,0.81,1.19
20211101,2021-11,384,16.45,2.57,72.6,23.9,0.81,1.3
20211201,2021-12,384,15.98,2.5,72.6,22.6,0.81,1.4
20220101,2022-01,384,12.7,1.98,72.6,23.3,0.81,1.47
20220201,2022-02,384,9.95,1.55,72.6,9.1,0.81,1.54
20220301,2022-03,384,2.86,0.45,68.0,17.3,0.81,1.55
20220401,2022-04,384,3.15,0.49,68.0,14.5,0.81,1.57
20220501,2022-05,384,2.63,0.41,68.0,14.7,0.81,1.59
20220601,2022-06,384,2.75,0.43,68.0,20.7,0.81,1.61
20220701,2022-07,384,3.01,0.47,68.0,9.1,0.81,1.62
20220801,2022-08,384,2.47,0.39,68.0,14.2,0.81,1.64
20220901,2022-09,384,2.46,0.38,68.0,13.3,0.81,1.66
20221001,2022-10,384,3.19,0.5,68.0,19.5,0.81,1.67
20221101,2022-11,384,2.99,0.47,68.0,19.8,0.81,1.69
20221201,2022-12,384,3.21,0.5,68.0,20.9,0.81,1.71
20230101,2023-01,384,2.83,0.44,68.0,10.2,0.81,1.73
20230201,2023-02,384,2.91,0.45,68.0,12.8,0.81,1.75
20230301,2023-03,384,2.45,0.38,68.0,20.1,0.81,1.76
20230401,2023-04,384,3.22,0.5,68.0,15.3,0.81,1.78
20230501,2023-05,384,3.0,0.47,68.0,20.9,0.81,1.8
20230601,2023-06,384,3.1,0.48,68.0,21.2,0.81,1.82
20230701,2023-07,384,3.19,0.5,68.0,17.2,0.81,1.84
20230801,2023-08,384,2.42,0.38,68.0,19.8,0.81,1.86
20230901,2023-09,384,2.84,0.44,68.0,13.0,0.81,1.87
20231001,2023-10,384,2.52,0.39,68.0,18.8,0.81,1.89
20231101,2023-11,384,2.79,0.44,68.0,12.3,0.81,1.91
20231201,2023-12,384,3.15,0.49,68.0,19.3,0.81,1.93
20240101,2024-01,384,2.96,0.46,68.0,11.8,0.81,1.94
20240201,2024-02,384,2.83,0.44,68.0,12.5,0.81,1.96
20240301,2024-03,384,2.97,0.46,68.0,13.1,0.81,1.98
20240401,2024-04,384,2.89,0.45,68.0,11.1,0.81,2.0
20240501,2024-05,384,3.07,0.48,68.0,15.7,0.81,2.02
20240601,2024-06,384,2.7,0.42,68.0,10.9,0.81,2.03
20240701,2024-07,384,2.79,0.44,68.0,8.2,0.81,2.05
20240801,2024-08,384,2.94,0.46,68.0,18.4,0.0,2.07
20240901,2024-09,384,3.04,0.47,68.0,13.7,0.0,2.09
20241001,2024-10,384,3.09,0.48,68.0,13.0,0.0,2.11
20241101,2024-11,384,2.77,0.43,68.0,16.5,0.0,2.12
20241201,2024-12,384,2.61,0.41,68.0,20.9,0.0,2.14
20250101,2025-01,384,3.08,0.48,68.0,22.4,0.0,2.16
20250201,2025-02,384,2.73,0.43,68.0,16.7,0.0,2.18
20250301,2025-03,384,2.95,0.46,68.0,22.8,0.0,2.19
20250401,2025-04,384,2.54,0.4,68.0,20.2,0.0,2.21
20250501,2025-05,384,2.91,0.45,68.0,16.2,0.0,2.23
20250601,2025-06,384,2.58,0.4,68.0,19.8,0.0,2.24
20250701,2025-07,384,2.63,0.41,68.0,9.4,0.0,2.26
20250801,2025-08,384,2.71,0.42,68.0,10.3,0.0,2.28
20250901,2025-09,384,2.62,0.41,68.0,19.2,0.0,2.29
20251001,2025-10,384,2.64,0.41,68.0,15.6,0.0,2.31
20251101,2025-11,384,2.92,0.46,68.0,22.6,0.0,2.33
20251201,2025-12,384,2.52,0.39,68.0,15.7,0.0,2.34
20230101,2023-01,385,393.54,44.72,87.1,9.5,1.15,1.71
20230201,2023-02,385,216.36,24.59,81.8,20.8,1.15,2.65
20230301,2023-03,385,76.92,8.74,78.6,23.0,1.15,2.98
20230401,2023-04,385,71.06,8.07,78.6,10.8,1.15,3.29
20230501,2023-05,385,60.66,6.89,78.6,15.7,1.15,3.55
20230601,2023-06,385,42.98,4.88,78.6,13.0,1.15,3.74
20230701,2023-07,385,38.93,4.42,78.6,8.1,1.15,3.91
20230801,2023-08,385,20.83,2.37,72.5,21.4,1.15,4.0
20230901,2023-09,385,19.88,2.26,72.5,14.0,1.15,4.08
20231001,2023-10,385,22.05,2.51,72.5,12.3,1.15,4.18
20231101,2023-11,385,22.91,2.6,72.5,22.4,1.15,4.28
20231201,2023-12,385,21.33,2.42,72.5,20.4,1.15,4.37
20240101,2024-01,385,23.43,2.66,72.5,16.9,1.15,4.47
20240201,2024-02,385,19.57,2.22,72.5,12.5,1.15,4.56
20240301,2024-03,385,23.19,2.64,72.5,11.8,1.15,4.66
20240401,2024-04,385,19.54,2.22,72.5,21.3,1.15,4.74
20240501,2024-05,385,21.68,2.46,72.5,9.9,1.15,4.84
20240601,2024-06,385,19.18,2.18,72.5,17.9,1.15,4.92
20240701,2024-07,385,20.71,2.35,72.5,8.0,1.15,5.01
20240801,2024-08,385,22.22,2.52,72.5,17.6,1.15,5.1
20240901,2024-09,385,21.18,2.41,72.5,14.7,1.15,5.2
20241001,2024-10,385,20.67,2.35,72.5,13.1,1.15,5.29
20241101,2024-11,385,18.5,2.1,72.5,10.8,1.15,5.37
20241201,2024-12,385,19.82,2.25,72.5,8.9,1.15,5.45
20250101,2025-01,385,22.12,2.51,72.5,11.4,1.15,5.55
20250201,2025-02,385,22.93,2.61,72.5,12.3,1.15,5.65
20250301,2025-03,385,18.39,2.09,72.5,16.5,1.15,5.73
20250401,2025-04,385,22.39,2.54,72.5,17.0,1.15,5.82
20250501,2025-05,385,17.63,2.0,72.5,18.7,1.15,5.9
20250601,2025-06,385,19.01,2.16,72.5,14.7,1.15,5.98
20250701,2025-07,385,21.1,2.4,72.5,14.6,1.15,6.08
20250801,2025-08,385,22.69,2.58,72.5,13.2,1.15,6.17
20250901,2025-09,385,20.89,2.37,72.5,17.2,1.15,6.26
20251001,2025-10,385,19.83,2.25,72.5,20.7,1.15,6.35
20251101,2025-11,385,18.01,2.05,72.5,21.9,1.15,6.43
20251201,2025-12,385,19.15,2.18,72.5,15.8,1.15,6.51
20210401,2021-04,386,24.56,4.39,86.1,19.8,0.14,0.9
20210501,2021-05,386,16.28,2.91,83.7,9.5,0.14,1.5
20210601,2021-06,386,5.8,1.04,76.8,22.6,0.14,1.71
20210701,2021-07,386,4.95,0.88,76.8,24.0,0.14,1.9
20210801,2021-08,386,3.37,0.6,76.8,9.9,0.14,2.02
20210901,2021-09,386,2.96,0.53,76.8,11.0,0.14,2.13
20211001,2021-10,386,3.27,0.58,76.8,12.3,0.14,2.25
20211101,2021-11,386,1.17,0.21,71.1,13.9,0.14,2.29
20211201,2021-12,386,1.09,0.19,71.1,18.7,0.14,2.33
20220101,2022-01,386,1.26,0.22,71.1,14.7,0.14,2.38
20220201,2022-02,386,1.1,0.2,71.1,15.6,0.14,2.42
20220301,2022-03,386,1.12,0.2,71.1,14.9,0.14,2.46
20220401,2022-04,386,1.32,0.24,71.1,9.6,0.14,2.51
20220501,2022-05,386,1.27,0.23,71.1,23.2,0.14,2.55
20220601,2022-06,386,1.05,0.19,71.1,15.4,0.14,2.59
20220701,2022-07,386,1.3,0.23,71.1,9.1,0.14,2.64
20220801,2022-08,386,1.36,0.24,71.1,21.9,0.14,2.69
20220901,2022-09,386,1.19,0.21,71.1,15.0,0.14,2.73
20221001,2022-10,386,1.22,0.22,71.1,11.8,0.14,2.78
20221101,2022-11,386,1.07,0.19,71.1,19.0,0.14,2.82
20221201,2022-12,386,1.25,0.22,71.1,17.2,0.14,2.86
20230101,2023-01,386,1.02,0.18,71.1,14.6,0.14,2.9
20230201,2023-02,386,1.11,0.2,71.1,18.0,0.14,2.94
20230301,2023-03,386,1.29,0.23,71.1,22.4,0.14,2.99
20230401,2023-04,386,1.19,0.21,71.1,22.9,0.14,3.03
20230501,2023-05,386,1.02,0.18,71.1,10.8,0.14,3.07
20230601,2023-06,386,1.33,0.24,71.1,22.5,0.14,3.12
20230701,2023-07,386,1.2,0.21,71.1,13.4,0.14,3.16
20230801,2023-08,386,1.02,0.18,71.1,19.0,0.14,3.2
20230901,2023-09,386,1.29,0.23,71.1,13.9,0.14,3.25
20231001,2023-10,386,1.12,0.2,71.1,20.3,0.14,3.29
20231101,2023-11,386,1.19,0.21,71.1,18.8,0.14,3.33
20231201,2023-12,386,1.33,0.24,71.1,11.6,0.14,3.38
20240101,2024-01,386,1.34,0.24,71.1,13.8,0.14,3.43
20240201,2024-02,386,1.36,0.24,71.1,20.8,0.14,3.48
20240301,2024-03,386,1.04,0.19,71.1,10.1,0.14,3.52
20240401,2024-04,386,1.27,0.23,71.1,17.2,0.0,3.57
20240501,2024-05,386,1.06,0.19,71.1,22.5,0.0,3.61
20240601,2024-06,386,1.27,0.23,71.1,10.8,0.0,3.65
20240701,2024-07,386,1.34,0.24,71.1,12.5,0.0,3.7
20240801,2024-08,386,1.01,0.18,71.1,19.7,0.0,3.74
20240901,2024-09,386,1.26,0.22,71.1,17.9,0.0,3.78
20241001,2024-10,386,1.06,0.19,71.1,17.8,0.0,3.82
20241101,2024-11,386,1.05,0.19,71.1,20.1,0.0,3.86
20241201,2024-12,386,1.08,0.19,71.1,20.6,0.0,3.9
20250101,2025-01,386,1.3,0.23,71.1,21.7,0.0,3.95
20250201,2025-02,386,1.24,0.22,71.1,20.4,0.0,3.99
20250301,2025-03,386,1.18,0.21,71.1,19.9,0.0,4.04
20250401,2025-04,386,1.15,0.21,71.1,8.7,0.0,4.08
20250501,2025-05,386,1.14,0.2,71.1,14.8,0.0,4.12
20250601,2025-06,386,1.28,0.23,71.1,23.8,0.0,4.17
20250701,2025-07,386,1.12,0.2,71.1,11.8,0.0,4.21
20250801,2025-08,386,1.35,0.24,71.1,22.1,0.0,4.26
20250901,2025-09,386,1.32,0.24,71.1,10.7,0.0,4.31
20251001,2025-10,386,1.28,0.23,71.1,21.5,0.0,4.36
20251101,2025-11,386,1.3,0.23,71.1,18.4,0.0,4.4
20251201,2025-12,386,1.23,0.22,71.1,12.7,0.0,4.45
20240101,2024-01,387,71.09,39.49,86.4,10.5,0.31,1.16
20240201,2024-02,387,42.68,23.71,79.1,21.0,0.31,1.86
20240301,2024-03,387,13.29,7.38,75.8,13.1,0.31,2.08
20240401,2024-04,387,13.09,7.27,75.8,9.3,0.31,2.29
20240501,2024-05,387,11.93,6.63,75.8,16.5,0.31,2.49
20240601,2024-06,387,9.47,5.26,75.8,15.5,0.31,2.64
20240701,2024-07,387,8.46,4.7,75.8,11.1,0.31,2.78
20240801,2024-08,387,2.8,1.56,70.3,19.7,0.31,2.83
20240901,2024-09,387,2.7,1.5,70.3,21.2,0.31,2.87
20241001,2024-10,387,3.22,1.79,70.3,11.8,0.31,2.92
20241101,2024-11,387,3.08,1.71,70.3,19.7,0.31,2.98
20241201,2024-12,387,2.88,1.6,70.3,9.3,0.31,3.02
20250101,2025-01,387,3.12,1.73,70.3,17.6,0.31,3.07
20250201,2025-02,387,2.8,1.56,70.3,19.1,0.31,3.12
20250301,2025-03,387,2.86,1.59,70.3,11.1,0.31,3.17
20250401,2025-04,387,2.67,1.48,70.3,9.1,0.31,3.21
20250501,2025-05,387,3.17,1.76,70.3,14.6,0.31,3.26
20250601,2025-06,387,2.59,1.44,70.3,16.4,0.31,3.3
20250701,2025-07,387,3.15,1.75,70.3,19.7,0.31,3.36
20250801,2025-08,387,3.02,1.68,70.3,17.2,0.31,3.4
20250901,2025-09,387,2.68,1.49,70.3,10.7,0.31,3.45
20251001,2025-10,387,3.11,1.73,70.3,15.7,0.31,3.5
20251101,2025-11,387,2.83,1.57,70.3,20.4,0.31,3.55
20251201,2025-12,387,3.14,1.74,70.3,20.5,0.31,3.6
20230801,2023-08,388,115.25,13.1,82.2,18.1,0.56,1.03
20230901,2023-09,388,72.04,8.19,78.3,15.4,0.56,1.67
20231001,2023-10,388,25.96,2.95,75.6,21.1,0.56,1.9
20231101,2023-11,388,22.38,2.54,75.6,18.4,0.56,2.1
20231201,2023-12,388,19.37,2.2,75.6,21.9,0.56,2.27
20240101,2024-01,388,15.0,1.7,75.6,10.5,0.56,2.41
20240201,2024-02,388,14.68,1.67,75.6,16.9,0.56,2.54
20240301,2024-03,388,5.51,0.63,70.2,17.0,0.56,2.59
20240401,2024-04,388,4.77,0.54,70.2,14.0,0.56,2.63
20240501,2024-05,388,4.63,0.53,70.2,9.2,0.56,2.67
20240601,2024-06,388,4.95,0.56,70.2,12.6,0.56,2.71
20240701,2024-07,388,4.73,0.54,70.2,16.1,0.56,2.76
20240801,2024-08,388,4.19,0.48,70.2,21.3,0.56,2.79
20240901,2024-09,388,4.91,0.56,70.2,20.9,0.56,2.84
20241001,2024-10,388,5.01,0.57,70.2,11.3,0.56,2.88
20241101,2024-11,388,5.43,0.62,70.2,16.1,0.56,2.93
20241201,2024-12,388,5.48,0.62,70.2,8.6,0.56,2.98
20250101,2025-01,388,5.06,0.57,70.2,10.4,0.56,3.02
20250201,2025-02,388,4.82,0.55,70.2,11.9,0.56,3.07
20250301,2025-03,388,4.72,0.54,70.2,10.6,0.56,3.11
20250401,2025-04,388,5.13,0.58,70.2,14.8,0.56,3.15
20250501,2025-05,388,5.29,0.6,70.2,23.1,0.56,3.2
20250601,2025-06,388,4.59,0.52,70.2,15.5,0.56,3.24
20250701,2025-07,388,4.74,0.54,70.2,12.1,0.56,3.28
20250801,2025-08,388,5.35,0.61,70.2,16.4,0.56,3.33
20250901,2025-09,388,5.47,0.62,70.2,9.2,0.56,3.38
20251001,2025-10,388,5.27,0.6,70.2,8.2,0.56,3.43
20251101,2025-11,388,4.19,0.48,70.2,17.8,0.56,3.47
20251201,2025-12,388,4.78,0.54,70.2,15.8,0.56,3.51
20231001,2023-10,389,129.99,72.22,84.5,8.9,0.42,1.54
20231101,2023-11,389,71.06,39.48,83.1,11.7,0.42,2.38
20231201,2023-12,389,27.12,15.07,77.0,15.9,0.42,2.7
20240101,2024-01,389,22.94,12.74,77.0,21.5,0.42,2.97
20240201,2024-02,389,17.0,9.44,77.0,17.7,0.42,3.17
20240301,2024-03,389,16.71,9.28,77.0,17.1,0.42,3.37
20240401,2024-04,389,11.9,6.61,77.0,8.7,0.42,3.51
20240501,2024-05,389,5.72,3.18,71.2,12.3,0.42,3.58
20240601,2024-06,389,5.69,3.16,71.2,8.4,0.42,3.65
20240701,2024-07,389,5.34,2.97,71.2,16.4,0.42,3.71
20240801,2024-08,389,4.47,2.48,71.2,22.5,0.42,3.77
20240901,2024-09,389,4.86,2.7,71.2,22.0,0.42,3.82
20241001,2024-10,389,5.67,3.15,71.2,17.1,0.42,3.89
20241101,2024-11,389,4.47,2.48,71.2,11.6,0.42,3.94
20241201,2024-12,389,5.87,3.26,71.2,23.9,0.42,4.01
20250101,2025-01,389,4.54,2.52,71.2,11.6,0.42,4.07
20250201,2025-02,389,5.77,3.21,71.2,9.6,0.42,4.13
20250301,2025-03,389,5.78,3.21,71.2,8.1,0.42,4.2
20250401,2025-04,389,5.49,3.05,71.2,11.5,0.42,4.27
20250501,2025-05,389,5.55,3.08,71.2,20.6,0.42,4.33
20250601,2025-06,389,5.68,3.16,71.2,20.1,0.42,4.4
20250701,2025-07,389,5.93,3.29,71.2,15.8,0.42,4.47
20250801,2025-08,389,5.93,3.29,71.2,17.4,0.42,4.54
20250901,2025-09,389,5.12,2.84,71.2,22.4,0.42,4.6
20251001,2025-10,389,5.91,3.28,71.2,21.5,0.42,4.67
20251101,2025-11,389,5.46,3.03,71.2,18.2,0.42,4.74
20251201,2025-12,389,4.66,2.59,71.2,11.9,0.42,4.79
20240501,2024-05,390,99.99,55.55,83.7,22.9,0.48,1.03
20240601,2024-06,390,52.54,29.19,81.4,14.2,0.48,1.58
20240701,2024-07,390,20.61,11.45,75.6,12.7,0.48,1.79
20240801,2024-08,390,20.36,11.31,75.6,21.0,0.48,2.0
20240901,2024-09,390,14.05,7.81,75.6,17.1,0.48,2.15
20241001,2024-10,390,13.21,7.34,75.6,10.4,0.48,2.28
20241101,2024-11,390,13.07,7.26,75.6,9.0,0.48,2.42
20241201,2024-12,390,3.84,2.13,70.2,21.8,0.48,2.46
20250101,2025-01,390,3.65,2.03,70.2,10.4,0.48,2.5
20250201,2025-02,390,4.73,2.63,70.2,8.2,0.48,2.55
20250301,2025-03,390,3.73,2.07,70.2,9.9,0.48,2.58
20250401,2025-04,390,3.68,2.04,70.2,17.9,0.48,2.62
20250501,2025-05,390,4.49,2.49,70.2,9.6,0.48,2.67
20250601,2025-06,390,4.59,2.55,70.2,23.0,0.48,2.72
20250701,2025-07,390,4.68,2.6,70.2,9.7,0.48,2.76
20250801,2025-08,390,4.03,2.24,70.2,16.7,0.48,2.81
20250901,2025-09,390,4.6,2.56,70.2,23.1,0.48,2.85
20251001,2025-10,390,4.39,2.44,70.2,18.8,0.48,2.9
20251101,2025-11,390,4.68,2.6,70.2,21.6,0.48,2.95
20251201,2025-12,390,4.8,2.67,70.2,9.0,0.48,3.0
20220701,2022-07,391,220.21,122.34,89.4,21.8,0.9,1.22
20220801,2022-08,391,125.96,69.98,83.6,19.7,0.9,1.92
20220901,2022-09,391,51.89,28.83,76.2,21.6,0.9,2.2
20221001,2022-10,391,35.06,19.48,76.2,23.7,0.9,2.4
20221101,2022-11,391,33.23,18.46,76.2,12.0,0.9,2.58
20221201,2022-12,391,30.05,16.69,76.2,9.9,0.9,2.75
20230101,2023-01,391,25.19,13.99,76.2,23.5,0.9,2.89
20230201,2023-02,391,8.5,4.72,70.7,15.3,0.9,2.94
20230301,2023-03,391,9.92,5.51,70.7,8.8,0.9,2.99
20230401,2023-04,391,10.08,5.6,70.7,10.2,0.9,3.05
20230501,2023-05,391,10.07,5.59,70.7,19.4,0.9,3.1
20230601,2023-06,391,8.87,4.93,70.7,15.1,0.9,3.15
20230701,2023-07,391,10.28,5.71,70.7,8.7,0.9,3.21
20230801,2023-08,391,7.89,4.38,70.7,16.1,0.9,3.25
20230901,2023-09,391,9.51,5.28,70.7,17.2,0.9,3.3
20231001,2023-10,391,8.93,4.96,70.7,14.3,0.9,3.35
20231101,2023-11,391,8.29,4.61,70.7,22.0,0.9,3.4
20231201,2023-12,391,9.1,5.06,70.7,8.9,0.9,3.45
20240101,2024-01,391,9.36,5.2,70.7,22.7,0.9,3.5
20240201,2024-02,391,10.15,5.64,70.7,22.5,0.9,3.56
20240301,2024-03,391,9.56,5.31,70.7,19.8,0.9,3.61
20240401,2024-04,391,10.26,5.7,70.7,9.8,0.9,3.67
20240501,2024-05,391,10.28,5.71,70.7,13.4,0.9,3.73
20240601,2024-06,391,7.9,4.39,70.7,20.5,0.9,3.77
20240701,2024-07,391,9.21,5.12,70.7,9.7,0.9,3.82
20240801,2024-08,391,8.04,4.47,70.7,14.9,0.9,3.86
20240901,2024-09,391,9.82,5.46,70.7,15.1,0.9,3.92
20241001,2024-10,391,10.15,5.64,70.7,17.5,0.9,3.98
20241101,2024-11,391,8.73,4.85,70.7,22.7,0.9,4.02
20241201,2024-12,391,9.58,5.32,70.7,13.4,0.9,4.08
20250101,2025-01,391,8.39,4.66,70.7,18.9,0.9,4.12
20250201,2025-02,391,8.17,4.54,70.7,14.0,0.9,4.17
20250301,2025-03,391,8.77,4.87,70.7,22.9,0.9,4.22
20250401,2025-04,391,10.33,5.74,70.7,20.0,0.9,4.27
20250501,2025-05,391,9.81,5.45,70.7,10.8,0.9,4.33
20250601,2025-06,391,8.36,4.64,70.7,15.8,0.9,4.37
20250701,2025-07,391,9.47,5.26,70.7,10.4,0.0,4.43
20250801,2025-08,391,10.26,5.7,70.7,11.0,0.0,4.48
20250901,2025-09,391,9.48,5.27,70.7,9.3,0.0,4.54
20251001,2025-10,391,8.11,4.51,70.7,20.0,0.0,4.58
20251101,2025-11,391,8.61,4.78,70.7,21.6,0.0,4.63
20251201,2025-12,391,9.0,5.0,70.7,15.7,0.0,4.68
20231101,2023-11,392,64.97,6.77,81.9,15.5,0.32,1.03
20231201,2023-12,392,29.51,3.07,80.3,15.0,0.32,1.49
20240101,2024-01,392,12.71,1.32,74.4,12.2,0.32,1.69
20240201,2024-02,392,8.98,0.94,74.4,10.4,0.32,1.83
20240301,2024-03,392,7.61,0.79,74.4,9.1,0.32,1.95
20240401,2024-04,392,7.43,0.77,74.4,13.5,0.32,2.07
20240501,2024-05,392,6.64,0.69,74.4,18.3,0.32,2.18
20240601,2024-06,392,1.76,0.18,69.3,19.6,0.32,2.2
20240701,2024-07,392,2.17,0.23,69.3,12.7,0.32,2.24
20240801,2024-08,392,1.69,0.18,69.3,12.8,0.32,2.27
20240901,2024-09,392,2.27,0.24,69.3,18.5,0.32,2.3
20241001,2024-10,392,1.83,0.19,69.3,15.7,0.32,2.33
20241101,2024-11,392,2.21,0.23,69.3,12.7,0.32,2.36
20241201,2024-12,392,1.94,0.2,69.3,24.0,0.32,2.4
20250101,2025-01,392,1.69,0.18,69.3,23.8,0.32,2.42
20250201,2025-02,392,2.17,0.23,69.3,19.6,0.32,2.46
20250301,2025-03,392,1.78,0.19,69.3,13.4,0.32,2.48
20250401,2025-04,392,1.71,0.18,69.3,13.0,0.32,2.51
20250501,2025-05,392,2.15,0.22,69.3,8.1,0.32,2.55
20250601,2025-06,392,2.07,0.22,69.3,13.4,0.32,2.58
20250701,2025-07,392,2.15,0.22,69.3,21.6,0.32,2.61
20250801,2025-08,392,1.82,0.19,69.3,20.9,0.32,2.64
20250901,2025-09,392,2.03,0.21,69.3,16.0,0.32,2.67
20251001,2025-10,392,2.26,0.24,69.3,12.6,0.32,2.71
20251101,2025-11,392,1.94,0.2,69.3,16.5,0.32,2.74
20251201,2025-12,392,1.71,0.18,69.3,10.7,0.32,2.77
20251001,2025-10,393,109.59,8.56,88.0,15.2,0.49,1.12
20251101,2025-11,393,57.54,4.5,77.8,17.5,0.49,1.71
20251201,2025-12,393,22.78,1.78,75.2,21.9,0.49,1.94
20251101,2025-11,394,86.58,6.37,85.2,8.5,0.98,0.44
20251201,2025-12,394,55.14,4.05,73.6,16.2,0.98,0.72
20240601,2024-06,395,71.77,6.9,83.6,16.3,0.39,0.91
20240701,2024-07,395,47.55,4.57,79.7,22.7,0.39,1.51
20240801,2024-08,395,16.07,1.55,74.6,13.7,0.39,1.72
20240901,2024-09,395,14.56,1.4,74.6,10.4,0.39,1.9
20241001,2024-10,395,9.35,0.9,74.6,16.1,0.39,2.02
20241101,2024-11,395,10.17,0.98,74.6,11.9,0.39,2.15
20241201,2024-12,395,8.13,0.78,74.6,16.6,0.39,2.25
20250101,2025-01,395,2.27,0.22,69.5,12.6,0.39,2.28
20250201,2025-02,395,2.4,0.23,69.5,13.6,0.39,2.31
20250301,2025-03,395,2.94,0.28,69.5,12.4,0.39,2.35
20250401,2025-04,395,2.32,0.22,69.5,16.6,0.39,2.38
20250501,2025-05,395,2.56,0.25,69.5,19.9,0.39,2.41
20250601,2025-06,395,2.93,0.28,69.5,10.9,0.39,2.45
20250701,2025-07,395,2.66,0.26,69.5,23.5,0.39,2.48
20250801,2025-08,395,2.88,0.28,69.5,12.4,0.39,2.52
20250901,2025-09,395,2.23,0.21,69.5,11.3,0.39,2.55
20251001,2025-10,395,2.28,0.22,69.5,12.3,0.39,2.57
20251101,2025-11,395,2.88,0.28,69.5,8.1,0.39,2.61
20251201,2025-12,395,2.51,0.24,69.5,9.5,0.39,2.64
20241101,2024-11,396,23.69,1.74,83.3,17.1,0.2,0.58
20241201,2024-12,396,16.04,1.18,89.1,11.8,0.2,0.98
20250101,2025-01,396,5.01,0.37,74.4,11.9,0.2,1.1
20250201,2025-02,396,4.24,0.31,74.4,11.6,0.2,1.21
20250301,2025-03,396,4.49,0.33,74.4,19.2,0.2,1.32
20250401,2025-04,396,3.72,0.27,74.4,15.9,0.2,1.41
20250501,2025-05,396,2.58,0.19,74.4,13.5,0.2,1.47
20250601,2025-06,396,1.06,0.08,69.3,19.1,0.2,1.5
20250701,2025-07,396,0.83,0.06,69.3,17.2,0.2,1.52
20250801,2025-08,396,1.02,0.07,69.3,21.7,0.2,1.55
20250901,2025-09,396,0.82,0.06,69.3,10.5,0.2,1.57
20251001,2025-10,396,0.97,0.07,69.3,21.4,0.2,1.59
20251101,2025-11,396,0.97,0.07,69.3,16.9,0.2,1.61
20251201,2025-12,396,0.91,0.07,69.3,20.4,0.2,1.64
20230601,2023-06,397,88.61,12.31,80.7,19.7,0.56,0.79
20230701,2023-07,397,53.94,7.49,77.2,8.1,0.56,1.28
20230801,2023-08,397,20.14,2.8,74.0,17.9,0.56,1.46
20230901,2023-09,397,17.41,2.42,74.0,8.2,0.56,1.61
20231001,2023-10,397,13.05,1.81,74.0,12.0,0.56,1.73
20231101,2023-11,397,11.66,1.62,74.0,20.7,0.56,1.83
20231201,2023-12,397,11.13,1.55,74.0,22.2,0.56,1.93
20240101,2024-01,397,3.23,0.45,69.0,16.4,0.56,1.96
20240201,2024-02,397,3.03,0.42,69.0,19.2,0.56,1.99
20240301,2024-03,397,3.0,0.42,69.0,9.7,0.56,2.02
20240401,2024-04,397,2.76,0.38,69.0,17.4,0.56,2.04
20240501,2024-05,397,2.74,0.38,69.0,13.0,0.56,2.07
20240601,2024-06,397,3.38,0.47,69.0,18.3,0.56,2.1
20240701,2024-07,397,3.46,0.48,69.0,19.1,0.56,2.13
20240801,2024-08,397,3.33,0.46,69.0,10.0,0.56,2.16
20240901,2024-09,397,3.42,0.47,69.0,17.2,0.56,2.19
20241001,2024-10,397,2.81,0.39,69.0,17.7,0.56,2.21
20241101,2024-11,397,3.21,0.45,69.0,23.6,0.56,2.24
20241201,2024-12,397,3.06,0.42,69.0,19.4,0.56,2.27
20250101,2025-01,397,3.23,0.45,69.0,19.7,0.56,2.3
20250201,2025-02,397,3.44,0.48,69.0,21.6,0.56,2.33
20250301,2025-03,397,3.2,0.44,69.0,23.9,0.56,2.36
20250401,2025-04,397,3.31,0.46,69.0,21.4,0.56,2.39
20250501,2025-05,397,2.72,0.38,69.0,20.4,0.56,2.41
20250601,2025-06,397,3.17,0.44,69.0,8.3,0.56,2.44
20250701,2025-07,397,3.3,0.46,69.0,14.6,0.56,2.47
20250801,2025-08,397,3.26,0.45,69.0,15.6,0.56,2.5
20250901,2025-09,397,3.06,0.42,69.0,14.1,0.56,2.53
20251001,2025-10,397,3.0,0.42,69.0,23.2,0.56,2.55
20251101,2025-11,397,3.53,0.49,69.0,23.5,0.56,2.58
20251201,2025-12,397,3.1,0.43,69.0,16.0,0.56,2.61
20211001,2021-10,398,218.77,39.07,87.6,16.3,1.6,0.68
20211101,2021-11,398,114.01,20.36,81.3,18.7,1.6,1.04
20211201,2021-12,398,40.67,7.26,74.6,18.1,1.6,1.17
20220101,2022-01,398,41.69,7.44,74.6,21.6,1.6,1.3
20220201,2022-02,398,32.41,5.79,74.6,18.8,1.6,1.4
20220301,2022-03,398,27.58,4.92,74.6,20.3,1.6,1.48
20220401,2022-04,398,24.58,4.39,74.6,16.3,1.6,1.56
20220501,2022-05,398,8.4,1.5,69.5,17.1,1.6,1.59
20220601,2022-06,398,7.3,1.3,69.5,11.3,1.6,1.61
20220701,2022-07,398,7.03,1.26,69.5,16.0,1.6,1.63
20220801,2022-08,398,6.74,1.2,69.5,14.9,1.6,1.65
20220901,2022-09,398,8.92,1.59,69.5,15.8,1.6,1.68
20221001,2022-10,398,8.16,1.46,69.5,20.2,1.6,1.71
20221101,2022-11,398,7.8,1.39,69.5,11.6,1.6,1.73
20221201,2022-12,398,7.18,1.28,69.5,13.7,1.6,1.75
20230101,2023-01,398,6.81,1.22,69.5,16.4,1.6,1.78
20230201,2023-02,398,7.37,1.32,69.5,19.1,1.6,1.8
20230301,2023-03,398,7.22,1.29,69.5,12.2,1.6,1.82
20230401,2023-04,398,7.33,1.31,69.5,23.2,1.6,1.84
20230501,2023-05,398,7.47,1.33,69.5,23.4,1.6,1.87
20230601,2023-06,398,7.44,1.33,69.5,19.4,1.6,1.89
20230701,2023-07,398,8.04,1.44,69.5,18.3,1.6,1.92
20230801,2023-08,398,8.32,1.49,69.5,20.6,1.6,1.94
20230901,2023-09,398,8.44,1.51,69.5,19.2,1.6,1.97
20231001,2023-10,398,7.67,1.37,69.5,13.8,1.6,1.99
20231101,2023-11,398,8.65,1.54,69.5,19.2,1.6,2.02
20231201,2023-12,398,8.75,1.56,69.5,13.7,1.6,2.05
20240101,2024-01,398,8.23,1.47,69.5,13.9,1.6,2.07
20240201,2024-02,398,8.64,1.54,69.5,15.4,1.6,2.1
20240301,2024-03,398,7.57,1.35,69.5,20.9,1.6,2.12
20240401,2024-04,398,8.74,1.56,69.5,21.6,1.6,2.15
20240501,2024-05,398,7.04,1.26,69.5,11.5,1.6,2.17
20240601,2024-06,398,8.74,1.56,69.5,19.2,1.6,2.2
20240701,2024-07,398,7.24,1.29,69.5,8.1,1.6,2.22
20240801,2024-08,398,7.34,1.31,69.5,21.8,1.6,2.24
20240901,2024-09,398,6.77,1.21,69.5,20.6,1.6,2.27
20241001,2024-10,398,7.03,1.26,69.5,9.6,0.0,2.29
20241101,2024-11,398,8.15,1.46,69.5,20.8,0.0,2.31
20241201,2024-12,398,7.07,1.26,69.5,22.2,0.0,2.34
20250101,2025-01,398,7.6,1.36,69.5,14.6,0.0,2.36
20250201,2025-02,398,8.89,1.59,69.5,22.9,0.0,2.39
20250301,2025-03,398,7.46,1.33,69.5,18.8,0.0,2.41
20250401,2025-04,398,6.9,1.23,69.5,15.3,0.0,2.43
20250501,2025-05,398,7.68,1.37,69.5,22.6,0.0,2.46
20250601,2025-06,398,7.02,1.25,69.5,14.4,0.0,2.48
20250701,2025-07,398,7.11,1.27,69.5,21.4,0.0,2.5
20250801,2025-08,398,8.42,1.5,69.5,14.4,0.0,2.53
20250901,2025-09,398,7.74,1.38,69.5,20.9,0.0,2.55
20251001,2025-10,398,8.61,1.54,69.5,14.3,0.0,2.58
20251101,2025-11,398,8.92,1.59,69.5,11.8,0.0,2.61
20251201,2025-12,398,7.61,1.36,69.5,8.9,0.0,2.63
20250601,2025-06,399,185.68,29.01,88.0,17.4,0.91,1.02
20250701,2025-07,399,114.07,17.82,82.2,12.6,0.91,1.64
20250801,2025-08,399,41.4,6.47,76.8,10.1,0.91,1.87
20250901,2025-09,399,32.14,5.02,76.8,14.0,0.91,2.05
20251001,2025-10,399,27.8,4.34,76.8,18.6,0.91,2.2
20251101,2025-11,399,21.49,3.36,76.8,12.5,0.91,2.32
20251201,2025-12,399,18.7,2.92,76.8,22.2,0.91,2.42
20240901,2024-09,400,43.97,5.5,74.7,21.2,0.56,0.4
20241001,2024-10,400,25.98,3.25,74.5,18.1,0.56,0.63
20241101,2024-11,400,10.15,1.27,70.8,16.4,0.56,0.72
20241201,2024-12,400,8.25,1.03,70.8,14.9,0.56,0.8
20250101,2025-01,400,8.05,1.01,70.8,14.7,0.56,0.87
20250201,2025-02,400,6.18,0.77,70.8,15.7,0.56,0.92
20250301,2025-03,400,4.8,0.6,70.8,14.9,0.56,0.97
20250401,2025-04,400,0.94,0.12,66.6,22.2,0.56,0.97
20250501,2025-05,400,1.06,0.13,66.6,8.9,0.56,0.98
20250601,2025-06,400,1.03,0.13,66.6,12.1,0.56,0.99
20250701,2025-07,400,1.02,0.13,66.6,8.0,0.56,1.0
20250801,2025-08,400,0.94,0.12,66.6,13.5,0.56,1.01
20250901,2025-09,400,0.98,0.12,66.6,19.0,0.56,1.02
20251001,2025-10,400,1.07,0.13,66.6,12.9,0.56,1.03
20251101,2025-11,400,0.92,0.12,66.6,15.7,0.56,1.04
20251201,2025-12,400,1.03,0.13,66.6,20.3,0.56,1.05
