date_key,full_date,total_stream_hours_m,peak_concurrent_streams_m,uhd_4k_share_pct,hdr_share_pct,rebuffer_ratio_pct,avg_bitrate_mbps,non_english_stream_share_pct
20210101,2021-01-01,598.07,73.64,17.84,12.84,0.291,11.46,32.0
20210102,2021-01-02,694.81,89.81,17.99,12.95,0.266,11.74,32.0
20210103,2021-01-03,687.63,87.91,18.52,13.33,0.313,11.69,32.0
20210104,2021-01-04,506.54,64.57,18.53,13.34,0.288,11.62,32.0
20210105,2021-01-05,520.74,63.76,17.82,12.83,0.286,11.3,32.0
20210106,2021-01-06,437.99,55.2,18.37,13.23,0.27,11.43,32.0
20210107,2021-01-07,422.35,55.28,17.91,12.9,0.269,11.61,32.0
20210108,2021-01-08,489.39,60.17,17.86,12.86,0.315,11.45,32.0
20210109,2021-01-09,567.05,72.25,17.78,12.8,0.277,11.83,32.0
20210110,2021-01-10,578.63,70.07,18.55,13.36,0.272,11.61,32.0
20210111,2021-01-11,419.22,53.63,17.79,12.81,0.254,11.9,32.0
20210112,2021-01-12,421.55,50.6,18.12,13.05,0.271,11.33,32.0
20210113,2021-01-13,407.64,52.72,17.47,12.58,0.298,11.68,32.0
20210114,2021-01-14,430.41,52.25,19.1,13.75,0.279,11.53,32.0
20210115,2021-01-15,461.88,60.07,17.32,12.47,0.284,11.17,32.0
20210116,2021-01-16,560.74,69.94,18.09,13.02,0.268,11.25,32.0
20210117,2021-01-17,556.11,66.3,17.43,12.55,0.281,11.01,32.0
20210118,2021-01-18,415.13,52.32,18.99,13.67,0.319,11.35,32.0
20210119,2021-01-19,406.74,52.75,18.38,13.23,0.292,11.58,32.0
20210120,2021-01-20,421.33,53.2,19.07,13.73,0.27,11.26,32.0
20210121,2021-01-21,433.4,56.06,17.79,12.81,0.297,11.44,32.0
20210122,2021-01-22,461.64,56.0,17.32,12.47,0.286,11.37,32.0
20210123,2021-01-23,567.09,69.14,17.69,12.74,0.284,11.71,32.0
20210124,2021-01-24,562.12,68.04,18.35,13.21,0.273,11.34,32.0
20210125,2021-01-25,418.24,51.26,16.72,12.04,0.239,11.53,32.0
20210126,2021-01-26,427.32,52.18,18.01,12.97,0.245,11.6,32.0
20210127,2021-01-27,410.39,51.68,18.66,13.44,0.301,11.14,32.0
20210128,2021-01-28,410.54,51.06,18.11,13.04,0.294,11.38,32.0
20210129,2021-01-29,475.86,59.64,18.12,13.05,0.295,11.85,32.0
20210130,2021-01-30,559.92,70.77,19.24,13.85,0.293,11.55,32.0
20210131,2021-01-31,565.06,67.7,17.81,12.82,0.279,11.55,32.0
20210201,2021-02-01,418.53,51.26,17.89,12.88,0.32,11.34,32.0
20210202,2021-02-02,428.84,55.6,18.53,13.34,0.265,11.83,32.0
20210203,2021-02-03,431.16,51.27,17.27,12.43,0.257,11.28,32.0
20210204,2021-02-04,438.93,52.47,18.74,13.49,0.279,11.89,32.0
20210205,2021-02-05,475.62,62.09,17.78,12.8,0.279,11.27,32.0
20210206,2021-02-06,563.38,67.63,18.54,13.35,0.312,11.33,32.0
20210207,2021-02-07,548.28,68.67,18.31,13.18,0.29,11.42,32.0
20210208,2021-02-08,431.46,51.86,18.14,13.06,0.291,11.81,32.0
20210209,2021-02-09,425.63,55.14,17.83,12.84,0.299,11.5,32.0
20210210,2021-02-10,413.25,53.76,18.59,13.38,0.315,11.19,32.0
20210211,2021-02-11,425.78,51.53,17.45,12.56,0.277,11.49,32.0
20210212,2021-02-12,478.18,61.9,18.27,13.15,0.269,11.73,32.0
20210213,2021-02-13,560.62,69.24,19.17,13.8,0.303,11.77,32.0
20210214,2021-02-14,564.1,69.68,17.98,12.95,0.301,11.57,32.0
20210215,2021-02-15,427.17,52.75,17.51,12.61,0.268,11.52,32.0
20210216,2021-02-16,416.44,50.38,18.12,13.05,0.272,11.47,32.0
20210217,2021-02-17,430.63,53.99,18.49,13.31,0.292,11.55,32.0
20210218,2021-02-18,413.56,49.92,18.59,13.38,0.301,11.48,32.0
20210219,2021-02-19,482.79,60.17,18.84,13.56,0.274,11.51,32.0
20210220,2021-02-20,550.17,68.39,17.83,12.84,0.28,11.55,32.0
20210221,2021-02-21,559.73,71.45,18.81,13.54,0.274,11.47,32.0
20210222,2021-02-22,414.38,50.21,18.22,13.12,0.283,11.4,32.0
20210223,2021-02-23,439.3,57.38,18.63,13.41,0.263,11.49,32.0
20210224,2021-02-24,433.14,53.24,17.8,12.82,0.303,11.6,32.0
20210225,2021-02-25,437.29,54.67,17.87,12.87,0.267,11.36,32.0
20210226,2021-02-26,473.2,57.11,18.52,13.33,0.294,11.28,32.0
20210227,2021-02-27,538.51,67.25,17.7,12.74,0.298,11.73,32.0
20210228,2021-02-28,536.29,69.15,18.0,12.96,0.267,11.59,32.0
20210301,2021-03-01,421.72,50.85,17.48,12.59,0.264,11.8,32.0
20210302,2021-03-02,423.83,50.55,17.14,12.34,0.307,11.87,32.0
20210303,2021-03-03,436.98,56.11,17.87,12.87,0.273,11.57,32.0
20210304,2021-03-04,428.39,55.91,17.43,12.55,0.287,11.6,32.0
20210305,2021-03-05,464.05,57.24,18.5,13.32,0.305,11.72,32.0
20210306,2021-03-06,553.39,67.4,17.54,12.63,0.268,11.43,32.0
20210307,2021-03-07,550.14,70.33,17.51,12.61,0.285,11.59,32.0
20210308,2021-03-08,427.74,52.09,18.01,12.97,0.287,11.39,32.0
20210309,2021-03-09,422.39,52.06,18.03,12.98,0.267,11.34,32.0
20210310,2021-03-10,408.36,52.07,18.07,13.01,0.278,11.72,32.0
20210311,2021-03-11,429.5,52.67,18.69,13.46,0.267,11.58,32.0
20210312,2021-03-12,476.74,59.04,20.0,14.4,0.296,11.64,32.0
20210313,2021-03-13,546.96,70.9,18.23,13.13,0.265,11.37,32.0
20210314,2021-03-14,540.53,70.39,17.67,12.72,0.26,11.37,32.0
20210315,2021-03-15,437.0,54.2,17.66,12.72,0.271,11.66,32.0
20210316,2021-03-16,429.31,54.88,17.63,12.69,0.294,11.52,32.0
20210317,2021-03-17,430.41,51.18,17.18,12.37,0.269,11.34,32.0
20210318,2021-03-18,428.98,51.28,17.26,12.43,0.256,11.91,32.0
20210319,2021-03-19,464.57,57.43,18.53,13.34,0.251,11.98,32.0
20210320,2021-03-20,545.25,68.11,17.25,12.42,0.272,11.49,32.0
20210321,2021-03-21,545.54,68.0,18.15,13.07,0.268,11.42,32.0
20210322,2021-03-22,439.37,54.08,18.63,13.41,0.272,11.79,32.0
20210323,2021-03-23,438.85,53.94,17.94,12.92,0.277,11.12,32.0
20210324,2021-03-24,432.45,55.84,18.41,13.26,0.28,11.42,32.0
20210325,2021-03-25,439.83,52.47,17.83,12.84,0.287,11.55,32.0
20210326,2021-03-26,485.12,57.67,18.05,13.0,0.295,11.62,32.0
20210327,2021-03-27,562.14,70.05,17.14,12.34,0.302,11.55,32.0
20210328,2021-03-28,547.25,66.38,18.09,13.02,0.243,11.59,32.0
20210329,2021-03-29,438.02,57.48,17.79,12.81,0.263,11.31,32.0
20210330,2021-03-30,440.76,56.84,17.87,12.87,0.301,11.39,32.0
20210331,2021-03-31,428.29,54.8,17.98,12.95,0.258,11.44,32.0
20210401,2021-04-01,431.97,55.29,17.97,12.94,0.297,11.59,32.0
20210402,2021-04-02,464.19,56.59,18.12,13.05,0.266,11.68,32.0
20210403,2021-04-03,578.75,69.9,17.17,12.36,0.287,11.49,32.0
20210404,2021-04-04,550.94,70.4,17.96,12.93,0.301,11.26,32.0
20210405,2021-04-05,414.26,51.78,17.37,12.51,0.283,11.12,32.0
20210406,2021-04-06,431.15,53.89,18.66,13.44,0.27,11.26,32.0
20210407,2021-04-07,425.9,52.41,17.6,12.67,0.309,11.38,32.0
20210408,2021-04-08,424.64,55.11,18.13,13.05,0.284,11.52,32.0
20210409,2021-04-09,478.57,58.6,18.47,13.3,0.316,10.99,32.0
20210410,2021-04-10,573.8,73.83,17.92,12.9,0.268,11.68,32.0
20210411,2021-04-11,540.23,68.32,18.01,12.97,0.312,11.75,32.0
20210412,2021-04-12,430.15,55.79,17.85,12.85,0.304,11.59,32.0
20210413,2021-04-13,417.93,50.67,17.26,12.43,0.253,11.49,32.0
20210414,2021-04-14,428.44,51.01,18.47,13.3,0.342,11.31,32.0
20210415,2021-04-15,421.13,54.77,18.01,12.97,0.275,11.57,32.0
20210416,2021-04-16,481.82,63.14,17.56,12.64,0.281,11.27,32.0
20210417,2021-04-17,582.4,70.22,18.29,13.17,0.285,11.92,32.0
20210418,2021-04-18,583.93,70.62,17.02,12.25,0.325,11.71,32.0
20210419,2021-04-19,433.35,53.86,18.45,13.28,0.292,11.43,32.0
20210420,2021-04-20,426.28,51.65,17.46,12.57,0.306,11.84,32.0
20210421,2021-04-21,410.32,51.14,17.75,12.78,0.24,11.37,32.0
20210422,2021-04-22,435.97,56.34,18.2,13.1,0.254,11.74,32.0
20210423,2021-04-23,470.27,59.98,17.77,12.79,0.259,11.39,32.0
20210424,2021-04-24,544.25,67.52,18.26,13.15,0.285,11.28,32.0
20210425,2021-04-25,564.9,73.54,17.78,12.8,0.269,11.67,32.0
20210426,2021-04-26,421.0,51.09,17.88,12.87,0.265,11.46,32.0
20210427,2021-04-27,435.84,56.07,17.85,12.85,0.269,11.93,32.0
20210428,2021-04-28,411.9,50.51,17.35,12.49,0.286,11.47,32.0
20210429,2021-04-29,429.51,52.38,17.45,12.56,0.26,11.39,32.0
20210430,2021-04-30,486.57,60.72,17.78,12.8,0.269,11.42,32.0
20210501,2021-05-01,570.84,69.37,18.37,13.23,0.296,11.36,32.0
20210502,2021-05-02,553.77,68.82,19.12,13.77,0.315,11.62,32.0
20210503,2021-05-03,438.18,52.16,18.59,13.38,0.277,11.28,32.0
20210504,2021-05-04,443.13,55.31,18.32,13.19,0.247,11.52,32.0
20210505,2021-05-05,418.99,51.25,17.9,12.89,0.27,11.14,32.0
20210506,2021-05-06,422.3,50.23,19.16,13.8,0.276,11.66,32.0
20210507,2021-05-07,459.66,59.89,18.03,12.98,0.318,11.28,32.0
20210508,2021-05-08,560.42,71.34,18.29,13.17,0.255,11.31,32.0
20210509,2021-05-09,564.79,73.03,17.71,12.75,0.252,11.47,32.0
20210510,2021-05-10,437.68,53.6,18.85,13.57,0.275,11.94,32.0
20210511,2021-05-11,424.83,51.05,17.96,12.93,0.257,11.63,32.0
20210512,2021-05-12,426.18,51.22,17.68,12.73,0.277,11.56,32.0
20210513,2021-05-13,412.08,53.38,18.02,12.97,0.255,11.49,32.0
20210514,2021-05-14,463.42,57.4,17.88,12.87,0.268,11.59,32.0
20210515,2021-05-15,575.75,68.99,17.45,12.56,0.315,11.71,32.0
20210516,2021-05-16,575.99,68.65,17.98,12.95,0.296,11.66,32.0
20210517,2021-05-17,413.5,50.84,17.88,12.87,0.272,11.41,32.0
20210518,2021-05-18,415.5,53.49,18.76,13.51,0.275,11.7,32.0
20210519,2021-05-19,440.54,52.59,16.95,12.2,0.316,11.82,32.0
20210520,2021-05-20,432.58,53.64,18.58,13.38,0.304,11.66,32.0
20210521,2021-05-21,474.84,58.77,17.64,12.7,0.279,11.68,32.0
20210522,2021-05-22,566.93,67.67,18.5,13.32,0.329,11.61,32.0
20210523,2021-05-23,559.54,68.34,18.69,13.46,0.253,11.77,32.0
20210524,2021-05-24,411.95,49.44,17.48,12.59,0.279,11.45,32.0
20210525,2021-05-25,435.64,54.39,17.38,12.51,0.3,11.5,32.0
20210526,2021-05-26,436.79,53.44,17.29,12.45,0.254,11.63,32.0
20210527,2021-05-27,421.3,52.21,18.14,13.06,0.286,11.57,32.0
20210528,2021-05-28,484.77,62.98,18.32,13.19,0.284,11.81,32.0
20210529,2021-05-29,570.17,70.9,17.17,12.36,0.256,11.86,32.0
20210530,2021-05-30,565.78,68.15,17.64,12.7,0.308,11.8,32.0
20210531,2021-05-31,439.18,56.58,17.3,12.46,0.234,11.44,32.0
20210601,2021-06-01,436.22,52.46,17.79,12.81,0.26,11.63,32.0
20210602,2021-06-02,429.85,51.05,18.46,13.29,0.258,11.67,32.0
20210603,2021-06-03,415.24,52.62,17.67,12.72,0.263,11.3,32.0
20210604,2021-06-04,463.77,56.37,17.27,12.43,0.241,11.54,32.0
20210605,2021-06-05,577.56,69.1,18.25,13.14,0.254,11.91,32.0
20210606,2021-06-06,564.05,72.18,18.82,13.55,0.273,11.48,32.0
20210607,2021-06-07,436.75,52.55,17.64,12.7,0.294,11.35,32.0
20210608,2021-06-08,440.94,53.18,17.71,12.75,0.236,11.34,32.0
20210609,2021-06-09,443.85,55.4,17.9,12.89,0.285,11.59,32.0
20210610,2021-06-10,417.12,51.66,18.99,13.67,0.287,11.58,32.0
20210611,2021-06-11,494.03,59.76,18.92,13.62,0.281,11.57,32.0
20210612,2021-06-12,579.1,69.25,17.48,12.59,0.28,11.34,32.0
20210613,2021-06-13,551.14,69.74,18.28,13.16,0.316,11.8,32.0
20210614,2021-06-14,431.71,51.62,18.79,13.53,0.286,11.58,32.0
20210615,2021-06-15,442.35,54.9,17.78,12.8,0.307,11.47,32.0
20210616,2021-06-16,418.87,50.25,18.13,13.05,0.296,11.28,32.0
20210617,2021-06-17,442.12,53.39,16.85,12.13,0.281,11.59,32.0
20210618,2021-06-18,493.33,64.17,18.02,12.97,0.286,11.28,32.0
20210619,2021-06-19,563.92,68.11,17.89,12.88,0.247,11.68,32.0
20210620,2021-06-20,557.09,66.27,18.48,13.31,0.264,11.19,32.0
20210621,2021-06-21,433.63,56.03,17.96,12.93,0.281,11.22,32.0
20210622,2021-06-22,434.8,56.1,18.62,13.41,0.236,11.42,32.0
20210623,2021-06-23,417.46,51.35,17.33,12.48,0.3,11.53,32.0
20210624,2021-06-24,445.69,57.95,17.67,12.72,0.274,11.69,32.0
20210625,2021-06-25,485.28,58.74,18.08,13.02,0.284,11.61,32.0
20210626,2021-06-26,561.13,68.14,17.39,12.52,0.276,11.67,32.0
20210627,2021-06-27,570.45,72.02,17.66,12.72,0.265,11.57,32.0
20210628,2021-06-28,415.44,50.66,18.9,13.61,0.265,11.6,32.0
20210629,2021-06-29,440.86,55.4,18.05,13.0,0.291,11.36,32.0
20210630,2021-06-30,432.39,55.18,18.24,13.13,0.309,11.58,32.0
20210701,2021-07-01,425.36,51.1,17.83,12.84,0.257,11.62,32.0
20210702,2021-07-02,465.96,59.09,18.5,13.32,0.32,11.49,32.0
20210703,2021-07-03,577.24,68.97,17.99,12.95,0.256,11.51,32.0
20210704,2021-07-04,557.48,66.25,18.21,13.11,0.279,11.45,32.0
20210705,2021-07-05,416.8,54.54,18.2,13.1,0.257,11.59,32.0
20210706,2021-07-06,427.69,52.0,18.4,13.25,0.271,11.56,32.0
20210707,2021-07-07,417.63,53.57,17.85,12.85,0.278,11.44,32.0
20210708,2021-07-08,427.26,56.08,17.84,12.84,0.259,11.82,32.0
20210709,2021-07-09,489.48,59.93,18.33,13.2,0.28,11.58,32.0
20210710,2021-07-10,546.2,67.72,18.29,13.17,0.268,11.53,32.0
20210711,2021-07-11,554.48,69.87,18.15,13.07,0.304,11.32,32.0
20210712,2021-07-12,447.05,55.06,18.03,12.98,0.278,11.7,32.0
20210713,2021-07-13,426.97,50.88,18.17,13.08,0.291,11.9,32.0
20210714,2021-07-14,438.32,56.48,18.02,12.97,0.297,11.34,32.0
20210715,2021-07-15,420.32,52.56,18.48,13.31,0.312,11.18,32.0
20210716,2021-07-16,484.27,62.42,17.72,12.76,0.256,11.42,32.0
20210717,2021-07-17,587.11,73.77,17.66,12.72,0.314,11.49,32.0
20210718,2021-07-18,557.15,66.29,17.4,12.53,0.291,11.41,32.0
20210719,2021-07-19,428.41,52.94,18.54,13.35,0.294,11.32,32.0
20210720,2021-07-20,442.82,54.66,18.46,13.29,0.262,11.67,32.0
20210721,2021-07-21,420.85,51.88,17.51,12.61,0.244,11.18,32.0
20210722,2021-07-22,416.06,50.5,18.31,13.18,0.251,11.39,32.0
20210723,2021-07-23,488.49,59.58,17.31,12.46,0.294,12.01,32.0
20210724,2021-07-24,588.44,70.08,17.74,12.77,0.258,11.51,32.0
20210725,2021-07-25,587.49,76.67,16.89,12.16,0.271,11.19,32.0
20210726,2021-07-26,436.17,55.19,17.84,12.84,0.275,11.39,32.0
20210727,2021-07-27,416.58,52.35,18.11,13.04,0.28,11.59,32.0
20210728,2021-07-28,437.15,55.83,18.87,13.59,0.285,11.09,32.0
20210729,2021-07-29,447.45,57.9,18.13,13.05,0.266,11.49,32.0
20210730,2021-07-30,483.26,61.98,18.62,13.41,0.269,11.47,32.0
20210731,2021-07-31,557.47,69.35,18.39,13.24,0.274,11.48,32.0
20210801,2021-08-01,589.88,71.13,17.78,12.8,0.273,11.44,32.0
20210802,2021-08-02,438.75,53.48,17.71,12.75,0.267,11.28,32.0
20210803,2021-08-03,416.99,51.21,18.11,13.04,0.237,11.77,32.0
20210804,2021-08-04,447.54,56.57,18.39,13.24,0.287,11.71,32.0
20210805,2021-08-05,449.15,58.17,18.59,13.38,0.307,11.58,32.0
20210806,2021-08-06,479.56,60.29,17.74,12.77,0.227,11.23,32.0
20210807,2021-08-07,551.62,68.43,17.65,12.71,0.284,11.38,32.0
20210808,2021-08-08,553.14,66.31,18.1,13.03,0.259,11.23,32.0
20210809,2021-08-09,435.68,56.47,17.68,12.73,0.307,11.3,32.0
20210810,2021-08-10,433.48,52.32,18.05,13.0,0.298,11.3,32.0
20210811,2021-08-11,441.2,56.29,17.11,12.32,0.267,11.77,32.0
20210812,2021-08-12,423.0,55.3,18.27,13.15,0.303,11.31,32.0
20210813,2021-08-13,469.25,58.62,18.59,13.38,0.283,11.73,32.0
20210814,2021-08-14,554.82,66.62,18.52,13.33,0.29,11.65,32.0
20210815,2021-08-15,570.13,72.66,18.02,12.97,0.255,11.67,32.0
20210816,2021-08-16,423.85,52.4,17.57,12.65,0.284,11.7,32.0
20210817,2021-08-17,440.82,56.54,18.19,13.1,0.278,11.75,32.0
20210818,2021-08-18,425.9,52.93,18.12,13.05,0.279,11.73,32.0
20210819,2021-08-19,425.05,50.78,18.67,13.44,0.282,11.6,32.0
20210820,2021-08-20,499.43,64.04,17.63,12.69,0.311,11.54,32.0
20210821,2021-08-21,563.95,67.01,17.92,12.9,0.306,11.47,32.0
20210822,2021-08-22,556.53,69.83,18.21,13.11,0.254,11.61,32.0
20210823,2021-08-23,419.28,51.64,18.9,13.61,0.286,11.91,32.0
20210824,2021-08-24,434.85,56.9,18.55,13.36,0.281,11.65,32.0
20210825,2021-08-25,438.48,54.13,17.52,12.61,0.267,11.48,32.0
20210826,2021-08-26,424.08,55.14,17.21,12.39,0.277,11.57,32.0
20210827,2021-08-27,486.43,60.1,18.59,13.38,0.279,11.76,32.0
20210828,2021-08-28,582.22,73.18,18.34,13.2,0.25,11.25,32.0
20210829,2021-08-29,582.95,71.71,19.37,13.95,0.283,11.47,32.0
20210830,2021-08-30,424.45,54.58,18.0,12.96,0.284,11.43,32.0
20210831,2021-08-31,448.1,57.48,16.48,11.87,0.269,11.1,32.0
20210901,2021-09-01,430.02,52.57,17.88,12.87,0.266,11.36,32.0
20210902,2021-09-02,425.38,54.84,19.13,13.77,0.281,11.37,32.0
20210903,2021-09-03,502.03,65.72,17.95,12.92,0.308,11.64,32.0
20210904,2021-09-04,589.61,75.26,17.89,12.88,0.279,11.3,32.0
20210905,2021-09-05,550.32,70.79,18.42,13.26,0.285,11.19,32.0
20210906,2021-09-06,418.34,53.64,18.31,13.18,0.302,11.52,32.0
20210907,2021-09-07,449.58,57.02,18.06,13.0,0.282,11.69,32.0
20210908,2021-09-08,420.12,54.07,18.51,13.33,0.249,11.52,32.0
20210909,2021-09-09,441.97,55.51,17.79,12.81,0.276,11.83,32.0
20210910,2021-09-10,485.4,62.47,17.8,12.82,0.27,11.49,32.0
20210911,2021-09-11,592.61,77.46,17.47,12.58,0.293,11.31,32.0
20210912,2021-09-12,554.03,68.28,17.29,12.45,0.257,11.45,32.0
20210913,2021-09-13,433.63,51.73,18.0,12.96,0.245,11.53,32.0
20210914,2021-09-14,436.65,54.47,17.9,12.89,0.281,11.37,32.0
20210915,2021-09-15,449.55,54.1,18.27,13.15,0.249,11.81,32.0
20210916,2021-09-16,417.22,54.56,18.6,13.39,0.256,11.54,32.0
20210917,2021-09-17,500.39,65.41,18.58,13.38,0.27,11.7,32.0
20210918,2021-09-18,568.73,70.31,18.59,13.38,0.28,11.49,32.0
20210919,2021-09-19,561.27,68.48,17.92,12.9,0.318,11.36,32.0
20210920,2021-09-20,447.78,55.99,18.86,13.58,0.302,11.35,32.0
20210921,2021-09-21,434.74,54.78,17.73,12.77,0.305,11.51,32.0
20210922,2021-09-22,438.52,53.02,17.45,12.56,0.283,11.77,32.0
20210923,2021-09-23,438.42,55.95,19.51,14.05,0.305,11.84,32.0
20210924,2021-09-24,494.74,59.0,18.62,13.41,0.261,11.3,32.0
20210925,2021-09-25,550.07,71.88,18.68,13.45,0.26,11.66,32.0
20210926,2021-09-26,594.69,74.0,18.44,13.28,0.264,11.65,32.0
20210927,2021-09-27,428.72,52.24,18.49,13.31,0.285,11.16,32.0
20210928,2021-09-28,449.86,55.92,17.65,12.71,0.306,11.38,32.0
20210929,2021-09-29,432.47,52.12,18.02,12.97,0.275,11.38,32.0
20210930,2021-09-30,431.31,54.3,17.36,12.5,0.278,11.34,32.0
20211001,2021-10-01,496.46,62.66,17.34,12.48,0.284,11.53,32.0
20211002,2021-10-02,570.77,69.3,18.59,13.38,0.28,11.57,32.0
20211003,2021-10-03,589.41,75.51,18.01,12.97,0.336,11.53,32.0
20211004,2021-10-04,432.02,51.69,17.36,12.5,0.248,11.7,32.0
20211005,2021-10-05,443.52,55.26,18.41,13.26,0.292,11.45,32.0
20211006,2021-10-06,442.53,54.0,18.05,13.0,0.288,11.58,32.0
20211007,2021-10-07,429.25,55.7,17.8,12.82,0.33,11.74,32.0
20211008,2021-10-08,474.75,60.2,17.27,12.43,0.257,11.62,32.0
20211009,2021-10-09,582.24,74.02,18.05,13.0,0.283,11.44,32.0
20211010,2021-10-10,589.9,74.86,18.05,13.0,0.265,11.48,32.0
20211011,2021-10-11,448.57,56.82,17.65,12.71,0.281,11.07,32.0
20211012,2021-10-12,437.1,54.33,18.26,13.15,0.284,11.25,32.0
20211013,2021-10-13,430.21,55.04,18.55,13.36,0.252,11.29,32.0
20211014,2021-10-14,451.99,54.74,17.19,12.38,0.286,11.73,32.0
20211015,2021-10-15,471.74,59.11,17.57,12.65,0.299,11.76,32.0
20211016,2021-10-16,551.26,72.07,18.56,13.36,0.289,11.37,32.0
20211017,2021-10-17,570.34,73.47,17.37,12.51,0.274,11.53,32.0
20211018,2021-10-18,439.0,54.63,17.93,12.91,0.264,11.68,32.0
20211019,2021-10-19,424.44,53.1,18.52,13.33,0.291,11.53,32.0
20211020,2021-10-20,440.49,53.79,17.3,12.46,0.285,10.85,32.0
20211021,2021-10-21,421.67,50.81,17.39,12.52,0.277,11.25,32.0
20211022,2021-10-22,474.66,59.13,18.4,13.25,0.256,11.36,32.0
20211023,2021-10-23,564.1,72.1,18.76,13.51,0.302,11.25,32.0
20211024,2021-10-24,583.65,71.03,18.2,13.1,0.282,11.54,32.0
20211025,2021-10-25,434.89,54.38,17.93,12.91,0.28,11.3,32.0
20211026,2021-10-26,423.09,52.77,17.55,12.64,0.278,11.43,32.0
20211027,2021-10-27,420.68,50.04,16.84,12.12,0.305,11.53,32.0
20211028,2021-10-28,427.96,55.22,18.07,13.01,0.257,11.13,32.0
20211029,2021-10-29,501.85,65.6,18.24,13.13,0.257,11.59,32.0
20211030,2021-10-30,581.34,73.35,17.62,12.69,0.287,11.84,32.0
20211031,2021-10-31,562.26,67.36,18.33,13.2,0.285,11.5,32.0
20211101,2021-11-01,447.7,54.82,17.22,12.4,0.303,11.5,32.0
20211102,2021-11-02,446.12,57.72,17.87,12.87,0.266,11.16,32.0
20211103,2021-11-03,450.04,55.14,18.01,12.97,0.286,11.44,32.0
20211104,2021-11-04,448.59,57.51,18.98,13.67,0.281,11.8,32.0
20211105,2021-11-05,482.3,59.95,18.24,13.13,0.279,11.29,32.0
20211106,2021-11-06,592.6,75.23,18.5,13.32,0.276,11.61,32.0
20211107,2021-11-07,560.68,67.39,17.01,12.25,0.297,11.28,32.0
20211108,2021-11-08,430.42,53.84,17.89,12.88,0.258,11.69,32.0
20211109,2021-11-09,435.85,52.24,17.93,12.91,0.243,11.71,32.0
20211110,2021-11-10,452.57,54.69,18.82,13.55,0.239,11.63,32.0
20211111,2021-11-11,436.82,56.5,18.07,13.01,0.266,11.5,32.0
20211112,2021-11-12,486.8,59.19,18.06,13.0,0.271,11.49,32.0
20211113,2021-11-13,580.56,72.08,17.74,12.77,0.271,11.35,32.0
20211114,2021-11-14,563.42,67.53,17.68,12.73,0.241,11.63,32.0
20211115,2021-11-15,434.32,56.78,17.2,12.38,0.268,11.66,32.0
20211116,2021-11-16,431.08,54.91,17.82,12.83,0.254,11.72,32.0
20211117,2021-11-17,428.79,54.22,17.12,12.33,0.283,11.5,32.0
20211118,2021-11-18,421.77,52.84,17.71,12.75,0.211,11.53,32.0
20211119,2021-11-19,470.57,55.95,17.85,12.85,0.306,11.13,32.0
20211120,2021-11-20,726.54,86.53,17.71,12.75,0.286,11.22,32.0
20211121,2021-11-21,695.96,85.1,18.31,13.18,0.287,11.45,32.0
20211122,2021-11-22,554.19,68.67,18.66,13.44,0.301,11.2,32.0
20211123,2021-11-23,555.05,70.34,18.46,13.29,0.27,11.53,32.0
20211124,2021-11-24,534.63,65.85,18.52,13.33,0.269,11.55,32.0
20211125,2021-11-25,537.45,67.41,18.67,13.44,0.269,11.35,32.0
20211126,2021-11-26,587.76,72.94,18.33,13.2,0.301,11.32,32.0
20211127,2021-11-27,725.57,95.23,18.17,13.08,0.271,11.18,32.0
20211128,2021-11-28,698.65,88.49,18.1,13.03,0.252,11.47,32.0
20211129,2021-11-29,539.98,68.92,18.2,13.1,0.279,11.76,32.0
20211130,2021-11-30,532.85,69.87,17.98,12.95,0.254,11.55,32.0
20211201,2021-12-01,530.59,68.87,18.68,13.45,0.273,11.64,32.0
20211202,2021-12-02,568.11,73.65,18.21,13.11,0.282,11.42,32.0
20211203,2021-12-03,590.44,71.57,17.09,12.3,0.261,11.5,32.0
20211204,2021-12-04,711.92,92.29,18.32,13.19,0.295,11.3,32.0
20211205,2021-12-05,715.15,85.0,18.12,13.05,0.267,11.56,32.0
20211206,2021-12-06,540.75,70.4,17.66,12.72,0.272,11.49,32.0
20211207,2021-12-07,539.68,69.06,17.81,12.82,0.329,11.35,32.0
20211208,2021-12-08,568.72,71.92,18.75,13.5,0.278,11.66,32.0
20211209,2021-12-09,550.27,70.41,18.43,13.27,0.265,11.52,32.0
20211210,2021-12-10,627.88,80.04,17.29,12.45,0.291,11.25,32.0
20211211,2021-12-11,711.8,84.76,18.25,13.14,0.264,11.55,32.0
20211212,2021-12-12,717.03,91.32,18.42,13.26,0.313,11.66,32.0
20211213,2021-12-13,558.13,69.72,17.9,12.89,0.297,11.48,32.0
20211214,2021-12-14,538.49,66.25,17.47,12.58,0.249,11.67,32.0
20211215,2021-12-15,536.95,68.97,17.53,12.62,0.275,11.5,32.0
20211216,2021-12-16,546.71,66.59,18.31,13.18,0.299,11.53,32.0
20211217,2021-12-17,604.46,78.92,16.92,12.18,0.252,11.31,32.0
20211218,2021-12-18,736.06,95.78,17.87,12.87,0.265,11.61,32.0
20211219,2021-12-19,743.58,94.43,18.9,13.61,0.268,11.29,32.0
20211220,2021-12-20,549.32,66.15,17.85,12.85,0.296,11.49,32.0
20211221,2021-12-21,564.19,67.66,18.4,13.25,0.27,11.55,32.0
20211222,2021-12-22,567.44,67.52,17.9,12.89,0.262,11.39,32.0
20211223,2021-12-23,566.7,70.75,18.38,13.23,0.283,11.27,32.0
20211224,2021-12-24,598.45,75.48,17.87,12.87,0.289,11.59,32.0
20211225,2021-12-25,710.78,93.21,18.82,13.55,0.255,11.5,32.0
20211226,2021-12-26,722.19,90.29,18.12,13.05,0.269,11.69,32.0
20211227,2021-12-27,530.14,67.04,18.65,13.43,0.323,11.66,32.0
20211228,2021-12-28,544.36,64.76,17.18,12.37,0.3,11.74,32.0
20211229,2021-12-29,527.77,65.63,18.68,13.45,0.261,11.41,32.0
20211230,2021-12-30,535.46,67.61,17.83,12.84,0.232,11.24,32.0
20211231,2021-12-31,623.17,76.99,17.21,12.39,0.314,11.41,32.0
20220101,2022-01-01,812.19,104.23,24.77,17.83,0.251,11.02,41.2
20220102,2022-01-02,798.33,104.57,24.53,17.66,0.243,10.69,41.2
20220103,2022-01-03,581.82,75.87,24.32,17.51,0.269,11.31,41.2
20220104,2022-01-04,592.41,74.55,23.99,17.27,0.256,11.34,41.2
20220105,2022-01-05,617.9,77.05,23.59,16.98,0.243,10.98,41.2
20220106,2022-01-06,473.35,60.59,23.4,16.85,0.223,10.89,41.2
20220107,2022-01-07,539.88,65.8,23.87,17.19,0.245,11.38,41.2
20220108,2022-01-08,625.05,75.81,24.2,17.42,0.228,11.39,41.2
20220109,2022-01-09,612.39,75.22,25.12,18.09,0.23,11.06,41.2
20220110,2022-01-10,489.71,59.94,26.42,19.02,0.244,11.04,41.2
20220111,2022-01-11,491.47,60.68,24.59,17.7,0.257,11.14,41.2
20220112,2022-01-12,493.66,63.39,24.7,17.78,0.284,11.23,41.2
20220113,2022-01-13,458.33,55.42,24.27,17.47,0.248,10.9,41.2
20220114,2022-01-14,519.35,65.04,24.4,17.57,0.27,10.88,41.2
20220115,2022-01-15,649.91,79.14,24.56,17.68,0.233,11.49,41.2
20220116,2022-01-16,621.66,79.21,24.94,17.96,0.247,11.15,41.2
20220117,2022-01-17,493.42,64.0,24.54,17.67,0.244,10.97,41.2
20220118,2022-01-18,459.72,57.66,25.09,18.06,0.184,11.55,41.2
20220119,2022-01-19,483.88,61.84,23.49,16.91,0.223,10.84,41.2
20220120,2022-01-20,466.44,58.38,24.94,17.96,0.228,10.85,41.2
20220121,2022-01-21,536.09,64.25,23.86,17.18,0.197,11.22,41.2
20220122,2022-01-22,624.29,75.1,24.2,17.42,0.263,11.11,41.2
20220123,2022-01-23,618.74,76.49,24.55,17.68,0.222,10.75,41.2
20220124,2022-01-24,469.02,56.75,24.74,17.81,0.248,11.19,41.2
20220125,2022-01-25,493.64,64.15,23.49,16.91,0.22,11.36,41.2
20220126,2022-01-26,494.49,59.69,24.76,17.83,0.264,11.14,41.2
20220127,2022-01-27,472.25,58.84,25.21,18.15,0.241,11.04,41.2
20220128,2022-01-28,534.4,67.47,24.27,17.47,0.263,11.29,41.2
20220129,2022-01-29,624.14,79.06,25.43,18.31,0.25,10.82,41.2
20220130,2022-01-30,614.37,77.06,23.92,17.22,0.22,11.47,41.2
20220131,2022-01-31,474.93,56.58,24.05,17.32,0.259,10.91,41.2
20220201,2022-02-01,475.27,58.66,26.09,18.78,0.271,11.21,41.2
20220202,2022-02-02,471.33,57.42,24.12,17.37,0.281,10.98,41.2
20220203,2022-02-03,459.83,56.96,24.64,17.74,0.268,10.8,41.2
20220204,2022-02-04,525.66,63.14,24.45,17.6,0.249,10.91,41.2
20220205,2022-02-05,632.45,77.57,24.11,17.36,0.216,11.12,41.2
20220206,2022-02-06,639.43,78.1,25.04,18.03,0.228,11.21,41.2
20220207,2022-02-07,461.4,55.95,24.95,17.96,0.214,11.41,41.2
20220208,2022-02-08,466.82,60.56,23.57,16.97,0.221,11.14,41.2
20220209,2022-02-09,471.29,61.24,24.43,17.59,0.233,10.93,41.2
20220210,2022-02-10,489.65,61.98,24.38,17.55,0.228,11.31,41.2
20220211,2022-02-11,518.42,67.89,23.9,17.21,0.243,10.87,41.2
20220212,2022-02-12,651.43,83.72,25.37,18.27,0.231,11.21,41.2
20220213,2022-02-13,655.33,78.66,24.29,17.49,0.238,11.07,41.2
20220214,2022-02-14,491.77,61.1,23.92,17.22,0.282,10.79,41.2
20220215,2022-02-15,490.78,64.25,25.17,18.12,0.271,10.96,41.2
20220216,2022-02-16,483.97,59.16,24.85,17.89,0.225,11.0,41.2
20220217,2022-02-17,460.66,58.54,24.94,17.96,0.207,11.42,41.2
20220218,2022-02-18,540.83,65.58,24.61,17.72,0.254,11.28,41.2
20220219,2022-02-19,614.64,78.79,25.0,18.0,0.264,11.05,41.2
20220220,2022-02-20,630.89,76.46,24.09,17.34,0.203,11.24,41.2
20220221,2022-02-21,484.71,58.78,25.32,18.23,0.238,11.05,41.2
20220222,2022-02-22,459.81,54.71,24.42,17.58,0.281,11.28,41.2
20220223,2022-02-23,470.26,61.08,24.23,17.45,0.26,11.09,41.2
20220224,2022-02-24,462.04,60.09,24.47,17.62,0.253,11.29,41.2
20220225,2022-02-25,514.86,66.77,24.45,17.6,0.248,11.26,41.2
20220226,2022-02-26,628.85,75.03,25.14,18.1,0.224,10.9,41.2
20220227,2022-02-27,606.86,72.45,24.46,17.61,0.256,11.02,41.2
20220228,2022-02-28,481.58,59.87,24.54,17.67,0.261,11.0,41.2
20220301,2022-03-01,472.27,60.44,25.15,18.11,0.257,11.55,41.2
20220302,2022-03-02,480.33,57.55,24.04,17.31,0.264,11.04,41.2
20220303,2022-03-03,464.55,60.02,24.4,17.57,0.228,10.71,41.2
20220304,2022-03-04,542.91,69.83,24.97,17.98,0.248,10.8,41.2
20220305,2022-03-05,622.46,80.83,24.78,17.84,0.215,11.45,41.2
20220306,2022-03-06,618.74,76.91,24.89,17.92,0.233,11.27,41.2
20220307,2022-03-07,475.09,61.02,25.04,18.03,0.236,11.41,41.2
20220308,2022-03-08,472.58,59.5,24.16,17.4,0.296,11.32,41.2
20220309,2022-03-09,494.18,59.04,24.59,17.7,0.24,11.22,41.2
20220310,2022-03-10,470.34,57.14,25.54,18.39,0.236,11.56,41.2
20220311,2022-03-11,541.12,68.45,24.65,17.75,0.24,11.1,41.2
20220312,2022-03-12,636.0,79.21,24.11,17.36,0.262,11.29,41.2
20220313,2022-03-13,618.68,77.02,25.08,18.06,0.23,11.02,41.2
20220314,2022-03-14,460.75,59.13,24.1,17.35,0.223,11.11,41.2
20220315,2022-03-15,467.13,57.45,24.78,17.84,0.23,11.2,41.2
20220316,2022-03-16,485.17,58.94,26.08,18.78,0.228,10.9,41.2
20220317,2022-03-17,496.57,61.28,24.86,17.9,0.237,11.2,41.2
20220318,2022-03-18,527.8,64.84,24.84,17.88,0.243,11.12,41.2
20220319,2022-03-19,641.16,78.84,25.09,18.06,0.301,10.86,41.2
20220320,2022-03-20,657.67,79.83,24.52,17.65,0.24,11.51,41.2
20220321,2022-03-21,470.86,58.02,24.8,17.86,0.22,10.91,41.2
20220322,2022-03-22,477.04,59.64,25.17,18.12,0.228,10.8,41.2
20220323,2022-03-23,493.61,63.28,23.65,17.03,0.25,11.03,41.2
20220324,2022-03-24,470.54,60.59,24.76,17.83,0.234,10.98,41.2
20220325,2022-03-25,518.81,65.78,24.06,17.32,0.237,11.24,41.2
20220326,2022-03-26,629.11,81.41,24.27,17.47,0.246,11.3,41.2
20220327,2022-03-27,646.39,80.97,25.15,18.11,0.22,11.01,41.2
20220328,2022-03-28,468.02,58.03,24.89,17.92,0.222,10.95,41.2
20220329,2022-03-29,493.34,59.05,23.95,17.24,0.22,11.11,41.2
20220330,2022-03-30,471.35,58.86,25.42,18.3,0.265,11.32,41.2
20220331,2022-03-31,486.66,59.33,24.64,17.74,0.237,11.34,41.2
20220401,2022-04-01,538.53,68.52,24.57,17.69,0.24,11.0,41.2
20220402,2022-04-02,629.85,79.71,24.53,17.66,0.268,11.66,41.2
20220403,2022-04-03,645.94,78.9,24.33,17.52,0.224,11.23,41.2
20220404,2022-04-04,496.25,60.34,24.86,17.9,0.2,11.12,41.2
20220405,2022-04-05,467.1,57.71,24.85,17.89,0.263,10.9,41.2
20220406,2022-04-06,493.38,64.68,24.7,17.78,0.234,11.16,41.2
20220407,2022-04-07,494.98,60.41,23.94,17.24,0.194,11.15,41.2
20220408,2022-04-08,517.41,61.65,25.04,18.03,0.239,11.35,41.2
20220409,2022-04-09,630.35,81.84,24.61,17.72,0.275,10.99,41.2
20220410,2022-04-10,628.64,75.98,24.2,17.42,0.228,11.14,41.2
20220411,2022-04-11,482.0,62.29,24.38,17.55,0.247,11.04,41.2
20220412,2022-04-12,471.46,58.64,22.94,16.52,0.229,10.8,41.2
20220413,2022-04-13,476.37,56.83,23.87,17.19,0.233,11.13,41.2
20220414,2022-04-14,485.61,61.99,24.73,17.81,0.251,10.96,41.2
20220415,2022-04-15,544.7,69.15,23.94,17.24,0.233,11.15,41.2
20220416,2022-04-16,645.16,77.28,24.82,17.87,0.226,11.32,41.2
20220417,2022-04-17,627.18,75.17,23.89,17.2,0.254,11.1,41.2
20220418,2022-04-18,470.15,58.98,24.67,17.76,0.27,11.35,41.2
20220419,2022-04-19,467.55,61.08,24.37,17.55,0.244,11.08,41.2
20220420,2022-04-20,473.39,56.62,24.17,17.4,0.244,11.02,41.2
20220421,2022-04-21,469.05,60.74,24.64,17.74,0.274,11.27,41.2
20220422,2022-04-22,540.72,65.88,23.46,16.89,0.231,11.2,41.2
20220423,2022-04-23,649.02,83.63,24.26,17.47,0.284,10.89,41.2
20220424,2022-04-24,650.77,80.01,24.58,17.7,0.25,11.21,41.2
20220425,2022-04-25,494.88,58.78,25.21,18.15,0.241,11.07,41.2
20220426,2022-04-26,485.85,62.04,24.36,17.54,0.229,11.18,41.2
20220427,2022-04-27,478.7,58.44,24.69,17.78,0.288,10.85,41.2
20220428,2022-04-28,466.66,59.39,25.54,18.39,0.228,10.97,41.2
20220429,2022-04-29,518.04,63.25,24.83,17.88,0.225,11.21,41.2
20220430,2022-04-30,632.61,80.64,23.94,17.24,0.225,10.85,41.2
20220501,2022-05-01,624.73,79.34,24.67,17.76,0.239,10.72,41.2
20220502,2022-05-02,487.47,61.22,24.45,17.6,0.247,11.05,41.2
20220503,2022-05-03,483.87,58.36,24.39,17.56,0.263,11.63,41.2
20220504,2022-05-04,465.57,59.14,24.07,17.33,0.247,10.95,41.2
20220505,2022-05-05,480.35,59.72,24.26,17.47,0.256,11.48,41.2
20220506,2022-05-06,539.2,64.33,24.6,17.71,0.251,11.35,41.2
20220507,2022-05-07,629.76,79.61,23.18,16.69,0.25,11.23,41.2
20220508,2022-05-08,621.08,76.06,24.12,17.37,0.226,11.19,41.2
20220509,2022-05-09,486.22,57.87,24.37,17.55,0.264,10.87,41.2
20220510,2022-05-10,482.31,59.53,23.58,16.98,0.251,11.38,41.2
20220511,2022-05-11,481.89,62.76,24.24,17.45,0.245,11.02,41.2
20220512,2022-05-12,463.65,59.31,24.38,17.55,0.237,11.11,41.2
20220513,2022-05-13,523.31,67.06,24.66,17.76,0.214,10.78,41.2
20220514,2022-05-14,632.9,78.16,24.06,17.32,0.244,11.08,41.2
20220515,2022-05-15,618.1,76.76,24.16,17.4,0.237,10.98,41.2
20220516,2022-05-16,481.04,61.61,24.11,17.36,0.251,11.34,41.2
20220517,2022-05-17,472.76,57.79,24.86,17.9,0.253,11.12,41.2
20220518,2022-05-18,477.56,61.6,24.57,17.69,0.212,11.22,41.2
20220519,2022-05-19,477.75,59.26,23.78,17.12,0.261,10.93,41.2
20220520,2022-05-20,552.6,68.64,23.67,17.04,0.279,11.15,41.2
20220521,2022-05-21,638.75,81.82,25.12,18.09,0.234,10.78,41.2
20220522,2022-05-22,633.61,81.16,24.53,17.66,0.227,11.22,41.2
20220523,2022-05-23,491.73,63.64,24.04,17.31,0.275,11.28,41.2
20220524,2022-05-24,498.14,61.71,24.54,17.67,0.226,11.07,41.2
20220525,2022-05-25,492.89,59.51,24.59,17.7,0.239,11.34,41.2
20220526,2022-05-26,500.76,63.77,24.63,17.73,0.225,10.94,41.2
20220527,2022-05-27,547.94,67.67,24.09,17.34,0.232,10.8,41.2
20220528,2022-05-28,617.68,73.49,24.34,17.52,0.236,11.26,41.2
20220529,2022-05-29,635.81,82.09,24.22,17.44,0.263,11.27,41.2
20220530,2022-05-30,463.88,60.46,24.6,17.71,0.22,11.19,41.2
20220531,2022-05-31,480.39,59.35,24.54,17.67,0.238,10.55,41.2
20220601,2022-06-01,473.91,59.25,24.39,17.56,0.243,11.07,41.2
20220602,2022-06-02,500.32,59.77,24.78,17.84,0.256,10.8,41.2
20220603,2022-06-03,522.39,64.26,24.44,17.6,0.251,10.94,41.2
20220604,2022-06-04,644.51,76.75,24.64,17.74,0.248,11.01,41.2
20220605,2022-06-05,626.67,74.95,23.71,17.07,0.253,10.85,41.2
20220606,2022-06-06,498.98,61.03,24.7,17.78,0.257,11.47,41.2
20220607,2022-06-07,475.46,59.72,24.71,17.79,0.267,11.16,41.2
20220608,2022-06-08,491.96,63.71,24.06,17.32,0.241,11.26,41.2
20220609,2022-06-09,498.42,62.22,24.52,17.65,0.227,11.15,41.2
20220610,2022-06-10,548.32,69.07,24.8,17.86,0.258,10.98,41.2
20220611,2022-06-11,660.35,85.7,24.38,17.55,0.238,10.73,41.2
20220612,2022-06-12,652.29,83.53,25.3,18.22,0.213,10.98,41.2
20220613,2022-06-13,476.61,60.2,24.05,17.32,0.233,10.96,41.2
20220614,2022-06-14,468.53,55.71,24.61,17.72,0.231,10.82,41.2
20220615,2022-06-15,472.12,56.36,24.29,17.49,0.277,10.94,41.2
20220616,2022-06-16,496.72,60.75,24.66,17.76,0.213,10.73,41.2
20220617,2022-06-17,533.28,69.8,24.87,17.91,0.258,10.92,41.2
20220618,2022-06-18,639.34,81.47,23.98,17.27,0.256,11.05,41.2
20220619,2022-06-19,613.78,74.51,23.96,17.25,0.26,10.69,41.2
20220620,2022-06-20,477.58,57.04,24.76,17.83,0.228,11.4,41.2
20220621,2022-06-21,476.51,58.96,24.74,17.81,0.252,11.27,41.2
20220622,2022-06-22,497.19,62.13,24.09,17.34,0.295,11.56,41.2
20220623,2022-06-23,490.2,58.53,24.71,17.79,0.233,10.95,41.2
20220624,2022-06-24,545.56,67.73,24.81,17.86,0.262,11.07,41.2
20220625,2022-06-25,654.11,78.71,24.27,17.47,0.227,10.91,41.2
20220626,2022-06-26,644.21,82.98,24.29,17.49,0.248,11.31,41.2
20220627,2022-06-27,476.25,59.52,24.49,17.63,0.249,10.87,41.2
20220628,2022-06-28,481.37,60.64,23.95,17.24,0.266,10.98,41.2
20220629,2022-06-29,497.77,60.95,24.27,17.47,0.26,11.21,41.2
20220630,2022-06-30,470.42,61.5,24.46,17.61,0.231,11.63,41.2
20220701,2022-07-01,553.03,71.91,23.78,17.12,0.25,10.84,41.2
20220702,2022-07-02,636.5,76.76,25.16,18.12,0.236,11.09,41.2
20220703,2022-07-03,643.06,82.08,24.08,17.34,0.25,10.84,41.2
20220704,2022-07-04,467.92,56.03,24.24,17.45,0.252,11.19,41.2
20220705,2022-07-05,494.81,60.97,24.57,17.69,0.262,11.48,41.2
20220706,2022-07-06,474.77,57.05,24.31,17.5,0.251,10.8,41.2
20220707,2022-07-07,473.2,58.78,24.52,17.65,0.234,11.29,41.2
20220708,2022-07-08,523.75,63.34,24.68,17.77,0.243,11.16,41.2
20220709,2022-07-09,642.73,78.74,24.25,17.46,0.25,11.14,41.2
20220710,2022-07-10,651.38,79.47,25.37,18.27,0.225,10.87,41.2
20220711,2022-07-11,469.2,60.52,23.97,17.26,0.296,11.3,41.2
20220712,2022-07-12,473.88,57.08,24.22,17.44,0.243,11.22,41.2
20220713,2022-07-13,474.79,57.5,25.14,18.1,0.258,10.98,41.2
20220714,2022-07-14,480.9,61.74,23.58,16.98,0.257,10.71,41.2
20220715,2022-07-15,556.05,68.34,24.29,17.49,0.28,11.66,41.2
20220716,2022-07-16,636.32,81.96,24.82,17.87,0.248,10.87,41.2
20220717,2022-07-17,661.2,79.41,23.6,16.99,0.279,10.88,41.2
20220718,2022-07-18,494.93,60.26,23.23,16.73,0.262,11.59,41.2
20220719,2022-07-19,504.4,60.69,24.51,17.65,0.225,11.04,41.2
20220720,2022-07-20,490.59,60.32,24.26,17.47,0.286,11.06,41.2
20220721,2022-07-21,489.93,61.38,24.08,17.34,0.234,11.16,41.2
20220722,2022-07-22,540.8,67.59,24.63,17.73,0.243,11.38,41.2
20220723,2022-07-23,653.61,78.96,25.05,18.04,0.261,11.23,41.2
20220724,2022-07-24,643.02,83.17,24.98,17.99,0.245,11.05,41.2
20220725,2022-07-25,475.9,61.88,24.19,17.42,0.253,10.56,41.2
20220726,2022-07-26,494.88,63.83,24.75,17.82,0.251,10.82,41.2
20220727,2022-07-27,486.89,61.58,23.39,16.84,0.25,10.98,41.2
20220728,2022-07-28,501.58,59.9,25.17,18.12,0.259,11.16,41.2
20220729,2022-07-29,553.29,70.47,24.42,17.58,0.29,10.91,41.2
20220730,2022-07-30,655.76,79.04,24.85,17.89,0.254,11.0,41.2
20220731,2022-07-31,617.67,80.12,24.55,17.68,0.226,11.06,41.2
20220801,2022-08-01,495.99,61.17,23.92,17.22,0.253,10.87,41.2
20220802,2022-08-02,500.56,63.39,23.55,16.96,0.237,10.86,41.2
20220803,2022-08-03,470.4,59.13,24.74,17.81,0.237,11.06,41.2
20220804,2022-08-04,484.2,57.59,24.17,17.4,0.232,11.18,41.2
20220805,2022-08-05,565.25,69.62,24.29,17.49,0.237,11.08,41.2
20220806,2022-08-06,639.96,80.59,23.29,16.77,0.219,11.38,41.2
20220807,2022-08-07,624.36,79.05,23.79,17.13,0.245,10.78,41.2
20220808,2022-08-08,486.33,62.12,25.05,18.04,0.232,11.2,41.2
20220809,2022-08-09,505.95,61.77,24.27,17.47,0.258,11.25,41.2
20220810,2022-08-10,480.42,62.02,25.32,18.23,0.268,11.04,41.2
20220811,2022-08-11,473.2,56.22,25.0,18.0,0.256,11.05,41.2
20220812,2022-08-12,541.93,66.61,25.1,18.07,0.268,11.29,41.2
20220813,2022-08-13,631.03,80.97,23.41,16.86,0.243,11.3,41.2
20220814,2022-08-14,663.57,83.17,24.24,17.45,0.258,11.28,41.2
20220815,2022-08-15,493.28,62.79,23.53,16.94,0.242,11.02,41.2
20220816,2022-08-16,495.16,60.31,24.11,17.36,0.257,11.27,41.2
20220817,2022-08-17,474.47,60.11,24.22,17.44,0.227,10.97,41.2
20220818,2022-08-18,505.05,63.63,24.75,17.82,0.242,10.89,41.2
20220819,2022-08-19,550.86,69.04,24.57,17.69,0.238,11.24,41.2
20220820,2022-08-20,632.81,75.82,23.83,17.16,0.242,11.44,41.2
20220821,2022-08-21,649.7,77.66,24.32,17.51,0.233,11.34,41.2
20220822,2022-08-22,488.78,58.79,24.19,17.42,0.251,10.97,41.2
20220823,2022-08-23,480.86,61.07,25.11,18.08,0.216,11.21,41.2
20220824,2022-08-24,504.87,60.78,24.49,17.63,0.272,11.11,41.2
20220825,2022-08-25,499.5,65.54,24.06,17.32,0.226,11.48,41.2
20220826,2022-08-26,544.63,65.26,24.37,17.55,0.268,11.03,41.2
20220827,2022-08-27,667.44,86.21,23.92,17.22,0.239,10.83,41.2
20220828,2022-08-28,617.87,74.33,24.42,17.58,0.267,10.96,41.2
20220829,2022-08-29,498.43,62.91,24.06,17.32,0.308,11.34,41.2
20220830,2022-08-30,503.7,65.59,24.33,17.52,0.235,11.02,41.2
20220831,2022-08-31,482.88,61.03,24.27,17.47,0.229,11.33,41.2
20220901,2022-09-01,483.4,62.92,24.63,17.73,0.266,10.79,41.2
20220902,2022-09-02,541.27,65.76,23.73,17.09,0.259,11.04,41.2
20220903,2022-09-03,634.14,75.92,24.1,17.35,0.276,11.36,41.2
20220904,2022-09-04,662.83,84.94,24.57,17.69,0.266,11.33,41.2
20220905,2022-09-05,507.61,65.53,24.94,17.96,0.237,11.24,41.2
20220906,2022-09-06,480.57,59.78,24.7,17.78,0.231,11.16,41.2
20220907,2022-09-07,484.65,62.35,24.33,17.52,0.228,11.12,41.2
20220908,2022-09-08,486.32,61.79,24.75,17.82,0.25,10.94,41.2
20220909,2022-09-09,537.2,68.54,24.53,17.66,0.276,11.07,41.2
20220910,2022-09-10,662.52,86.23,24.68,17.77,0.253,10.98,41.2
20220911,2022-09-11,625.6,76.96,24.0,17.28,0.215,11.15,41.2
20220912,2022-09-12,498.07,62.91,24.19,17.42,0.224,11.06,41.2
20220913,2022-09-13,502.22,65.52,24.99,17.99,0.247,11.12,41.2
20220914,2022-09-14,487.78,59.14,25.04,18.03,0.253,11.39,41.2
20220915,2022-09-15,507.68,63.46,25.01,18.01,0.242,11.3,41.2
20220916,2022-09-16,532.96,64.55,23.89,17.2,0.236,11.15,41.2
20220917,2022-09-17,666.11,86.74,25.03,18.02,0.222,10.7,41.2
20220918,2022-09-18,642.83,80.38,24.48,17.63,0.243,11.13,41.2
20220919,2022-09-19,498.41,63.87,23.88,17.19,0.246,10.92,41.2
20220920,2022-09-20,493.51,63.34,24.08,17.34,0.23,10.92,41.2
20220921,2022-09-21,504.46,62.54,25.03,18.02,0.252,11.07,41.2
20220922,2022-09-22,476.73,61.24,25.03,18.02,0.228,10.91,41.2
20220923,2022-09-23,562.58,70.32,24.03,17.3,0.234,10.93,41.2
20220924,2022-09-24,669.43,86.93,23.97,17.26,0.269,10.94,41.2
20220925,2022-09-25,657.13,83.85,24.83,17.88,0.259,11.23,41.2
20220926,2022-09-26,502.69,62.65,23.96,17.25,0.249,10.64,41.2
20220927,2022-09-27,486.67,58.54,24.97,17.98,0.252,11.22,41.2
20220928,2022-09-28,483.66,57.78,24.26,17.47,0.187,11.02,41.2
20220929,2022-09-29,500.68,61.32,24.84,17.88,0.263,11.14,41.2
20220930,2022-09-30,546.93,68.55,25.06,18.04,0.227,11.03,41.2
20221001,2022-10-01,623.26,80.72,24.15,17.39,0.284,11.12,41.2
20221002,2022-10-02,627.97,79.3,24.67,17.76,0.254,10.81,41.2
20221003,2022-10-03,473.25,61.27,24.27,17.47,0.246,11.28,41.2
20221004,2022-10-04,501.15,65.49,24.53,17.66,0.226,10.85,41.2
20221005,2022-10-05,493.47,59.64,25.4,18.29,0.233,11.5,41.2
20221006,2022-10-06,481.36,57.36,24.46,17.61,0.218,11.32,41.2
20221007,2022-10-07,535.96,69.22,24.3,17.5,0.234,10.96,41.2
20221008,2022-10-08,662.49,82.76,25.16,18.12,0.258,11.42,41.2
20221009,2022-10-09,639.08,78.92,24.49,17.63,0.252,11.31,41.2
20221010,2022-10-10,491.43,61.45,23.46,16.89,0.253,10.97,41.2
20221011,2022-10-11,484.67,57.7,24.71,17.79,0.25,11.22,41.2
20221012,2022-10-12,493.69,59.01,25.3,18.22,0.229,11.18,41.2
20221013,2022-10-13,505.5,65.03,25.13,18.09,0.252,11.0,41.2
20221014,2022-10-14,555.17,71.87,25.49,18.35,0.261,11.08,41.2
20221015,2022-10-15,664.36,81.74,24.35,17.53,0.239,11.05,41.2
20221016,2022-10-16,669.75,81.13,25.35,18.25,0.214,10.54,41.2
20221017,2022-10-17,479.56,61.12,23.64,17.02,0.239,11.25,41.2
20221018,2022-10-18,479.49,57.02,24.82,17.87,0.246,11.16,41.2
20221019,2022-10-19,497.85,62.59,24.88,17.91,0.221,11.14,41.2
20221020,2022-10-20,507.56,62.17,24.77,17.83,0.25,11.26,41.2
20221021,2022-10-21,542.9,68.83,25.6,18.43,0.266,10.76,41.2
20221022,2022-10-22,658.97,82.82,24.1,17.35,0.254,10.83,41.2
20221023,2022-10-23,645.59,78.52,24.53,17.66,0.226,11.24,41.2
20221024,2022-10-24,495.37,62.32,24.45,17.6,0.251,11.43,41.2
20221025,2022-10-25,486.77,63.12,24.43,17.59,0.261,11.33,41.2
20221026,2022-10-26,497.73,61.22,24.86,17.9,0.235,10.78,41.2
20221027,2022-10-27,502.94,63.79,23.84,17.16,0.256,11.19,41.2
20221028,2022-10-28,541.32,65.21,23.86,17.18,0.228,11.1,41.2
20221029,2022-10-29,651.21,85.12,23.22,16.72,0.223,11.0,41.2
20221030,2022-10-30,652.55,85.31,24.33,17.52,0.239,11.21,41.2
20221031,2022-10-31,498.63,63.7,23.83,17.16,0.241,11.08,41.2
20221101,2022-11-01,489.35,60.98,24.56,17.68,0.239,11.32,41.2
20221102,2022-11-02,477.96,57.12,24.69,17.78,0.231,11.1,41.2
20221103,2022-11-03,496.92,63.14,24.78,17.84,0.222,11.17,41.2
20221104,2022-11-04,567.81,73.53,24.7,17.78,0.268,11.28,41.2
20221105,2022-11-05,636.81,75.8,24.75,17.82,0.203,11.45,41.2
20221106,2022-11-06,637.97,77.33,24.56,17.68,0.217,10.9,41.2
20221107,2022-11-07,502.61,63.41,23.88,17.19,0.257,11.2,41.2
20221108,2022-11-08,472.27,57.62,24.03,17.3,0.291,11.13,41.2
20221109,2022-11-09,507.19,63.24,25.37,18.27,0.234,10.75,41.2
20221110,2022-11-10,477.35,60.53,24.61,17.72,0.252,10.76,41.2
20221111,2022-11-11,540.69,67.2,24.16,17.4,0.246,11.17,41.2
20221112,2022-11-12,652.22,78.32,24.7,17.78,0.221,11.29,41.2
20221113,2022-11-13,643.34,83.84,24.71,17.79,0.239,11.18,41.2
20221114,2022-11-14,497.49,60.83,24.14,17.38,0.242,10.94,41.2
20221115,2022-11-15,511.06,62.4,24.67,17.76,0.224,11.13,41.2
20221116,2022-11-16,494.92,61.52,25.41,18.3,0.259,10.79,41.2
20221117,2022-11-17,481.31,61.42,25.21,18.15,0.238,11.04,41.2
20221118,2022-11-18,570.05,74.02,24.62,17.73,0.252,11.3,41.2
20221119,2022-11-19,623.01,75.43,25.09,18.06,0.255,11.59,41.2
20221120,2022-11-20,795.57,100.66,25.19,18.14,0.271,11.12,41.2
20221121,2022-11-21,624.72,81.93,24.62,17.73,0.23,11.07,41.2
20221122,2022-11-22,612.67,78.3,24.76,17.83,0.265,11.28,41.2
20221123,2022-11-23,598.81,78.18,24.55,17.68,0.252,10.97,41.2
20221124,2022-11-24,617.53,74.77,24.7,17.78,0.241,11.11,41.2
20221125,2022-11-25,698.08,85.5,24.09,17.34,0.25,11.22,41.2
20221126,2022-11-26,778.78,94.0,24.04,17.31,0.249,11.32,41.2
20221127,2022-11-27,840.93,103.08,24.54,17.67,0.231,11.09,41.2
20221128,2022-11-28,603.11,78.18,24.23,17.45,0.231,11.16,41.2
20221129,2022-11-29,629.41,75.4,24.09,17.34,0.211,10.94,41.2
20221130,2022-11-30,606.81,78.18,25.2,18.14,0.252,11.23,41.2
20221201,2022-12-01,609.61,74.26,23.49,16.91,0.198,11.07,41.2
20221202,2022-12-02,680.11,84.51,24.15,17.39,0.248,11.14,41.2
20221203,2022-12-03,814.48,106.52,24.92,17.94,0.202,11.04,41.2
20221204,2022-12-04,824.15,101.85,25.19,18.14,0.259,11.44,41.2
20221205,2022-12-05,591.97,76.93,24.76,17.83,0.261,11.35,41.2
20221206,2022-12-06,605.63,73.03,25.05,18.04,0.234,11.03,41.2
20221207,2022-12-07,612.92,74.68,23.63,17.01,0.245,10.96,41.2
20221208,2022-12-08,612.67,78.84,24.17,17.4,0.242,11.48,41.2
20221209,2022-12-09,692.23,85.48,25.59,18.42,0.23,10.89,41.2
20221210,2022-12-10,793.88,97.95,24.49,17.63,0.262,10.92,41.2
20221211,2022-12-11,842.56,104.12,25.41,18.3,0.221,11.13,41.2
20221212,2022-12-12,609.76,76.82,24.12,17.37,0.269,10.83,41.2
20221213,2022-12-13,596.65,74.76,23.98,17.27,0.266,11.05,41.2
20221214,2022-12-14,624.87,77.39,25.38,18.27,0.194,11.06,41.2
20221215,2022-12-15,595.71,76.25,24.52,17.65,0.242,11.34,41.2
20221216,2022-12-16,666.35,83.71,25.15,18.11,0.249,11.05,41.2
20221217,2022-12-17,788.98,98.67,24.78,17.84,0.242,11.11,41.2
20221218,2022-12-18,782.42,99.4,24.43,17.59,0.236,10.73,41.2
20221219,2022-12-19,615.05,74.25,24.59,17.7,0.261,11.1,41.2
20221220,2022-12-20,608.77,72.75,24.58,17.7,0.219,11.39,41.2
20221221,2022-12-21,628.98,78.04,24.55,17.68,0.273,11.07,41.2
20221222,2022-12-22,632.62,76.3,24.82,17.87,0.199,11.21,41.2
20221223,2022-12-23,679.3,85.23,24.34,17.52,0.242,10.62,41.2
20221224,2022-12-24,781.1,96.33,24.2,17.42,0.264,11.26,41.2
20221225,2022-12-25,833.41,99.95,24.26,17.47,0.246,11.51,41.2
20221226,2022-12-26,598.1,76.21,24.81,17.86,0.266,11.31,41.2
20221227,2022-12-27,631.83,76.41,24.24,17.45,0.266,11.38,41.2
20221228,2022-12-28,594.2,75.74,24.03,17.3,0.273,11.07,41.2
20221229,2022-12-29,640.76,78.68,24.03,17.3,0.242,11.05,41.2
20221230,2022-12-30,706.62,90.16,24.74,17.81,0.219,11.03,41.2
20221231,2022-12-31,812.65,102.46,24.52,17.65,0.238,10.99,41.2
20230101,2023-01-01,886.96,110.91,30.64,22.06,0.198,10.59,45.4
20230102,2023-01-02,682.37,83.83,31.34,22.56,0.193,10.46,45.4
20230103,2023-01-03,671.19,84.91,30.87,22.23,0.182,10.82,45.4
20230104,2023-01-04,676.77,88.17,30.4,21.89,0.184,10.77,45.4
20230105,2023-01-05,686.53,83.49,30.31,21.82,0.192,10.76,45.4
20230106,2023-01-06,598.76,71.49,30.55,22.0,0.214,10.6,45.4
20230107,2023-01-07,706.14,89.62,31.07,22.37,0.21,10.7,45.4
20230108,2023-01-08,680.63,84.95,31.4,22.61,0.213,10.6,45.4
20230109,2023-01-09,544.35,68.44,31.57,22.73,0.188,10.48,45.4
20230110,2023-01-10,510.63,62.28,30.28,21.8,0.187,10.63,45.4
20230111,2023-01-11,537.79,67.54,30.64,22.06,0.203,10.46,45.4
20230112,2023-01-12,550.24,65.35,30.49,21.95,0.177,11.03,45.4
20230113,2023-01-13,589.39,76.8,31.14,22.42,0.167,10.7,45.4
20230114,2023-01-14,680.52,82.83,31.48,22.67,0.205,10.28,45.4
20230115,2023-01-15,688.93,84.93,30.93,22.27,0.207,10.65,45.4
20230116,2023-01-16,546.84,65.59,31.04,22.35,0.228,10.52,45.4
20230117,2023-01-17,550.02,70.16,31.4,22.61,0.226,10.68,45.4
20230118,2023-01-18,533.47,64.28,31.76,22.87,0.196,10.61,45.4
20230119,2023-01-19,533.91,63.5,30.08,21.66,0.196,10.41,45.4
20230120,2023-01-20,606.73,76.06,31.23,22.49,0.19,10.76,45.4
20230121,2023-01-21,676.48,88.65,31.02,22.33,0.165,10.9,45.4
20230122,2023-01-22,705.57,91.03,30.8,22.18,0.241,10.53,45.4
20230123,2023-01-23,546.53,71.11,31.21,22.47,0.209,10.82,45.4
20230124,2023-01-24,516.78,67.14,31.48,22.67,0.194,10.57,45.4
20230125,2023-01-25,534.18,64.67,31.69,22.82,0.197,10.81,45.4
20230126,2023-01-26,547.87,68.77,31.52,22.69,0.263,10.63,45.4
20230127,2023-01-27,584.03,74.35,31.82,22.91,0.202,10.65,45.4
20230128,2023-01-28,711.2,92.0,30.88,22.23,0.208,10.69,45.4
20230129,2023-01-29,714.37,91.92,31.45,22.64,0.184,10.65,45.4
20230130,2023-01-30,542.83,68.25,31.4,22.61,0.233,10.53,45.4
20230131,2023-01-31,521.91,66.81,31.02,22.33,0.188,10.62,45.4
20230201,2023-02-01,522.87,67.01,32.26,23.23,0.262,10.96,45.4
20230202,2023-02-02,547.41,67.42,30.4,21.89,0.224,11.04,45.4
20230203,2023-02-03,578.19,70.53,31.24,22.49,0.191,10.57,45.4
20230204,2023-02-04,697.11,89.74,31.92,22.98,0.226,10.75,45.4
20230205,2023-02-05,702.68,90.44,30.24,21.77,0.224,10.74,45.4
20230206,2023-02-06,516.48,65.47,30.6,22.03,0.206,10.49,45.4
20230207,2023-02-07,537.51,64.02,30.42,21.9,0.216,10.29,45.4
20230208,2023-02-08,551.83,70.88,31.45,22.64,0.225,10.57,45.4
20230209,2023-02-09,542.08,67.15,31.95,23.0,0.223,11.01,45.4
20230210,2023-02-10,594.17,77.13,31.28,22.52,0.224,10.72,45.4
20230211,2023-02-11,705.19,91.3,31.37,22.59,0.213,10.71,45.4
20230212,2023-02-12,713.23,91.83,30.93,22.27,0.2,11.1,45.4
20230213,2023-02-13,542.89,68.41,30.92,22.26,0.246,10.85,45.4
20230214,2023-02-14,520.88,62.79,30.73,22.13,0.205,10.92,45.4
20230215,2023-02-15,548.3,69.29,30.51,21.97,0.249,10.6,45.4
20230216,2023-02-16,527.98,69.29,30.16,21.72,0.192,10.43,45.4
20230217,2023-02-17,581.78,70.03,31.5,22.68,0.215,10.98,45.4
20230218,2023-02-18,720.09,93.53,31.54,22.71,0.219,10.86,45.4
20230219,2023-02-19,712.74,92.12,30.34,21.84,0.23,10.55,45.4
20230220,2023-02-20,516.53,63.5,31.59,22.74,0.259,10.86,45.4
20230221,2023-02-21,540.66,65.19,30.37,21.87,0.21,10.8,45.4
20230222,2023-02-22,516.31,62.57,31.19,22.46,0.219,10.16,45.4
20230223,2023-02-23,536.47,65.62,31.54,22.71,0.27,10.66,45.4
20230224,2023-02-24,580.59,72.48,30.57,22.01,0.211,11.08,45.4
20230225,2023-02-25,693.41,87.19,31.25,22.5,0.209,10.72,45.4
20230226,2023-02-26,704.83,87.11,29.94,21.56,0.246,11.0,45.4
20230227,2023-02-27,524.18,67.45,31.36,22.58,0.207,10.59,45.4
20230228,2023-02-28,553.07,72.52,29.81,21.46,0.218,10.73,45.4
20230301,2023-03-01,543.63,70.04,30.37,21.87,0.225,10.23,45.4
20230302,2023-03-02,538.76,68.03,31.22,22.48,0.23,10.57,45.4
20230303,2023-03-03,587.14,73.97,30.84,22.2,0.18,11.13,45.4
20230304,2023-03-04,682.35,84.23,31.04,22.35,0.205,10.68,45.4
20230305,2023-03-05,697.73,86.27,30.96,22.29,0.202,10.79,45.4
20230306,2023-03-06,536.39,64.13,30.79,22.17,0.261,11.06,45.4
20230307,2023-03-07,542.52,65.33,30.69,22.1,0.211,10.93,45.4
20230308,2023-03-08,518.18,67.9,31.8,22.9,0.207,10.64,45.4
20230309,2023-03-09,535.24,68.19,30.77,22.15,0.231,10.55,45.4
20230310,2023-03-10,578.19,74.47,30.86,22.22,0.173,10.88,45.4
20230311,2023-03-11,716.59,86.0,31.45,22.64,0.206,10.89,45.4
20230312,2023-03-12,683.38,85.35,31.46,22.65,0.214,10.78,45.4
20230313,2023-03-13,545.8,67.6,30.51,21.97,0.202,10.47,45.4
20230314,2023-03-14,525.07,67.63,30.44,21.92,0.209,10.35,45.4
20230315,2023-03-15,537.87,66.71,30.99,22.31,0.2,10.82,45.4
20230316,2023-03-16,538.59,64.31,30.58,22.02,0.196,11.04,45.4
20230317,2023-03-17,602.1,75.54,30.84,22.2,0.231,10.7,45.4
20230318,2023-03-18,711.98,88.59,31.44,22.64,0.219,10.6,45.4
20230319,2023-03-19,720.4,94.24,31.37,22.59,0.188,10.87,45.4
20230320,2023-03-20,547.1,67.6,30.99,22.31,0.229,10.77,45.4
20230321,2023-03-21,530.16,66.86,31.21,22.47,0.234,10.74,45.4
20230322,2023-03-22,547.6,71.47,31.39,22.6,0.186,10.49,45.4
20230323,2023-03-23,531.03,63.57,30.77,22.15,0.191,10.54,45.4
20230324,2023-03-24,595.69,73.02,30.86,22.22,0.178,10.31,45.4
20230325,2023-03-25,683.8,84.11,31.39,22.6,0.205,10.69,45.4
20230326,2023-03-26,687.9,83.72,30.78,22.16,0.213,10.83,45.4
20230327,2023-03-27,523.95,66.0,31.29,22.53,0.198,11.16,45.4
20230328,2023-03-28,530.18,67.56,31.05,22.36,0.206,10.86,45.4
20230329,2023-03-29,555.67,71.25,31.19,22.46,0.182,10.8,45.4
20230330,2023-03-30,543.06,65.29,31.67,22.8,0.212,10.57,45.4
20230331,2023-03-31,621.76,77.54,30.56,22.0,0.199,10.75,45.4
20230401,2023-04-01,692.61,85.28,31.05,22.36,0.227,10.94,45.4
20230402,2023-04-02,722.71,90.79,30.46,21.93,0.2,10.49,45.4
20230403,2023-04-03,543.22,68.24,31.71,22.83,0.231,10.78,45.4
20230404,2023-04-04,533.14,64.04,30.83,22.2,0.223,10.84,45.4
20230405,2023-04-05,555.93,68.0,30.78,22.16,0.229,10.71,45.4
20230406,2023-04-06,522.29,66.49,30.36,21.86,0.205,10.59,45.4
20230407,2023-04-07,579.1,73.78,30.8,22.18,0.223,10.6,45.4
20230408,2023-04-08,692.14,89.43,30.39,21.88,0.217,10.45,45.4
20230409,2023-04-09,692.96,82.51,32.01,23.05,0.222,10.8,45.4
20230410,2023-04-10,524.98,65.41,30.92,22.26,0.196,10.67,45.4
20230411,2023-04-11,543.25,68.37,30.58,22.02,0.174,10.74,45.4
20230412,2023-04-12,545.62,67.37,30.86,22.22,0.226,10.65,45.4
20230413,2023-04-13,514.8,63.78,31.33,22.56,0.223,10.81,45.4
20230414,2023-04-14,585.1,71.57,30.08,21.66,0.205,10.69,45.4
20230415,2023-04-15,722.78,91.91,31.77,22.87,0.217,10.67,45.4
20230416,2023-04-16,719.02,86.11,31.53,22.7,0.221,10.69,45.4
20230417,2023-04-17,530.76,64.78,30.4,21.89,0.246,10.8,45.4
20230418,2023-04-18,553.85,72.63,30.92,22.26,0.23,11.01,45.4
20230419,2023-04-19,534.11,65.33,30.55,22.0,0.183,10.61,45.4
20230420,2023-04-20,543.37,71.08,31.39,22.6,0.201,10.25,45.4
20230421,2023-04-21,605.76,71.98,30.92,22.26,0.193,10.52,45.4
20230422,2023-04-22,726.34,91.38,31.17,22.44,0.223,10.66,45.4
20230423,2023-04-23,680.17,86.67,31.56,22.72,0.195,10.53,45.4
20230424,2023-04-24,516.42,67.0,31.46,22.65,0.229,10.92,45.4
20230425,2023-04-25,551.79,71.98,30.43,21.91,0.21,10.73,45.4
20230426,2023-04-26,518.69,67.85,30.56,22.0,0.243,10.6,45.4
20230427,2023-04-27,544.34,70.99,30.63,22.05,0.206,10.87,45.4
20230428,2023-04-28,592.59,71.17,31.86,22.94,0.219,10.68,45.4
20230429,2023-04-29,714.96,91.57,30.72,22.12,0.206,10.86,45.4
20230430,2023-04-30,716.05,85.5,31.13,22.41,0.211,10.25,45.4
20230501,2023-05-01,530.81,65.58,30.4,21.89,0.23,10.57,45.4
20230502,2023-05-02,516.81,65.77,30.79,22.17,0.206,10.66,45.4
20230503,2023-05-03,527.17,62.87,29.89,21.52,0.225,10.84,45.4
20230504,2023-05-04,544.3,67.33,30.85,22.21,0.224,10.47,45.4
20230505,2023-05-05,624.33,80.22,32.0,23.04,0.21,10.78,45.4
20230506,2023-05-06,735.49,88.34,30.0,21.6,0.192,10.73,45.4
20230507,2023-05-07,724.78,93.89,30.7,22.1,0.203,10.66,45.4
20230508,2023-05-08,548.37,66.16,31.06,22.36,0.27,10.65,45.4
20230509,2023-05-09,532.24,66.51,31.36,22.58,0.203,11.25,45.4
20230510,2023-05-10,518.26,66.99,30.46,21.93,0.228,10.55,45.4
20230511,2023-05-11,550.67,69.49,31.1,22.39,0.216,10.84,45.4
20230512,2023-05-12,585.86,73.0,31.0,22.32,0.202,10.5,45.4
20230513,2023-05-13,733.3,92.56,32.23,23.21,0.189,10.93,45.4
20230514,2023-05-14,736.57,87.54,31.16,22.44,0.207,10.83,45.4
20230515,2023-05-15,532.04,68.35,31.02,22.33,0.194,10.69,45.4
20230516,2023-05-16,527.37,66.57,31.1,22.39,0.181,10.5,45.4
20230517,2023-05-17,528.68,67.72,30.49,21.95,0.207,10.45,45.4
20230518,2023-05-18,525.66,68.76,30.43,21.91,0.202,10.69,45.4
20230519,2023-05-19,605.83,76.3,31.89,22.96,0.236,10.79,45.4
20230520,2023-05-20,715.96,90.34,31.09,22.38,0.223,10.83,45.4
20230521,2023-05-21,685.32,87.18,31.88,22.95,0.183,11.07,45.4
20230522,2023-05-22,557.54,70.58,31.16,22.44,0.206,10.98,45.4
20230523,2023-05-23,523.21,65.77,30.97,22.3,0.201,10.85,45.4
20230524,2023-05-24,523.87,65.92,30.81,22.18,0.201,10.66,45.4
20230525,2023-05-25,533.7,66.55,31.33,22.56,0.185,10.65,45.4
20230526,2023-05-26,600.54,74.72,30.87,22.23,0.201,10.6,45.4
20230527,2023-05-27,696.55,83.69,30.29,21.81,0.201,10.94,45.4
20230528,2023-05-28,722.31,92.18,31.09,22.38,0.152,10.77,45.4
20230529,2023-05-29,548.78,69.72,30.06,21.64,0.25,10.71,45.4
20230530,2023-05-30,522.77,65.81,30.47,21.94,0.19,10.87,45.4
20230531,2023-05-31,527.86,64.05,30.96,22.29,0.181,10.2,45.4
20230601,2023-06-01,545.07,71.21,31.87,22.95,0.224,10.84,45.4
20230602,2023-06-02,592.41,77.45,30.23,21.77,0.187,10.91,45.4
20230603,2023-06-03,729.56,91.03,31.09,22.38,0.235,11.09,45.4
20230604,2023-06-04,701.88,90.24,31.75,22.86,0.195,10.77,45.4
20230605,2023-06-05,522.93,62.8,31.09,22.38,0.195,10.41,45.4
20230606,2023-06-06,525.94,66.39,30.86,22.22,0.225,10.71,45.4
20230607,2023-06-07,526.16,63.4,30.79,22.17,0.212,11.05,45.4
20230608,2023-06-08,550.11,65.64,32.13,23.13,0.206,11.02,45.4
20230609,2023-06-09,592.64,72.5,31.29,22.53,0.189,10.45,45.4
20230610,2023-06-10,701.94,86.95,30.26,21.79,0.182,10.47,45.4
20230611,2023-06-11,729.69,91.44,31.11,22.4,0.217,10.8,45.4
20230612,2023-06-12,546.02,71.3,31.15,22.43,0.223,11.01,45.4
20230613,2023-06-13,553.47,70.77,30.79,22.17,0.244,10.69,45.4
20230614,2023-06-14,539.9,70.51,30.46,21.93,0.208,10.98,45.4
20230615,2023-06-15,526.31,64.31,30.99,22.31,0.225,10.64,45.4
20230616,2023-06-16,601.5,73.93,31.36,22.58,0.183,10.76,45.4
20230617,2023-06-17,702.37,85.53,30.71,22.11,0.237,10.54,45.4
20230618,2023-06-18,737.95,90.56,30.59,22.02,0.238,10.87,45.4
20230619,2023-06-19,534.87,66.47,30.82,22.19,0.209,11.03,45.4
20230620,2023-06-20,560.5,71.05,30.19,21.74,0.253,10.68,45.4
20230621,2023-06-21,535.27,66.9,30.92,22.26,0.214,10.73,45.4
20230622,2023-06-22,538.19,66.5,31.1,22.39,0.195,10.71,45.4
20230623,2023-06-23,605.46,74.76,30.7,22.1,0.194,10.59,45.4
20230624,2023-06-24,688.34,87.67,30.85,22.21,0.205,10.52,45.4
20230625,2023-06-25,704.78,89.93,31.35,22.57,0.215,10.57,45.4
20230626,2023-06-26,540.06,66.93,30.57,22.01,0.202,10.6,45.4
20230627,2023-06-27,526.16,65.06,30.81,22.18,0.249,11.02,45.4
20230628,2023-06-28,521.39,67.11,30.66,22.08,0.255,10.69,45.4
20230629,2023-06-29,542.75,66.87,30.11,21.68,0.234,10.49,45.4
20230630,2023-06-30,619.55,78.54,30.13,21.69,0.22,10.87,45.4
20230701,2023-07-01,741.93,93.8,30.72,22.12,0.202,10.42,45.4
20230702,2023-07-02,689.58,82.33,30.94,22.28,0.195,10.77,45.4
20230703,2023-07-03,546.52,66.66,30.98,22.31,0.206,10.63,45.4
20230704,2023-07-04,521.52,63.95,31.38,22.59,0.234,10.89,45.4
20230705,2023-07-05,531.4,66.64,30.82,22.19,0.216,10.5,45.4
20230706,2023-07-06,528.75,66.4,31.06,22.36,0.164,10.51,45.4
20230707,2023-07-07,595.76,73.3,30.55,22.0,0.205,10.85,45.4
20230708,2023-07-08,735.6,91.73,31.38,22.59,0.219,10.79,45.4
20230709,2023-07-09,731.48,90.33,30.9,22.25,0.196,10.93,45.4
20230710,2023-07-10,553.83,67.44,31.23,22.49,0.254,10.87,45.4
20230711,2023-07-11,545.28,68.73,31.14,22.42,0.153,10.84,45.4
20230712,2023-07-12,555.4,72.12,30.62,22.05,0.216,11.06,45.4
20230713,2023-07-13,555.37,71.15,30.8,22.18,0.21,10.65,45.4
20230714,2023-07-14,628.77,80.95,31.25,22.5,0.217,10.61,45.4
20230715,2023-07-15,727.32,94.1,30.92,22.26,0.179,10.83,45.4
20230716,2023-07-16,723.12,90.47,30.7,22.1,0.186,10.81,45.4
20230717,2023-07-17,528.03,64.83,30.59,22.02,0.197,10.63,45.4
20230718,2023-07-18,543.24,68.44,30.82,22.19,0.215,10.69,45.4
20230719,2023-07-19,532.0,64.17,31.25,22.5,0.235,10.73,45.4
20230720,2023-07-20,525.63,68.19,30.54,21.99,0.225,10.98,45.4
20230721,2023-07-21,595.55,74.48,31.09,22.38,0.226,10.54,45.4
20230722,2023-07-22,729.49,88.2,31.65,22.79,0.197,10.46,45.4
20230723,2023-07-23,717.18,91.6,31.98,23.03,0.207,10.94,45.4
20230724,2023-07-24,532.5,67.21,30.39,21.88,0.22,10.92,45.4
20230725,2023-07-25,560.24,71.97,30.25,21.78,0.203,10.72,45.4
20230726,2023-07-26,533.52,68.84,30.5,21.96,0.227,10.71,45.4
20230727,2023-07-27,550.52,66.03,31.08,22.38,0.212,10.74,45.4
20230728,2023-07-28,584.87,75.53,29.75,21.42,0.224,10.73,45.4
20230729,2023-07-29,693.69,83.49,30.47,21.94,0.186,10.36,45.4
20230730,2023-07-30,740.51,93.3,31.63,22.77,0.239,10.52,45.4
20230731,2023-07-31,542.51,67.17,31.19,22.46,0.238,10.57,45.4
20230801,2023-08-01,525.22,67.04,30.51,21.97,0.205,10.97,45.4
20230802,2023-08-02,552.95,68.44,30.36,21.86,0.187,10.31,45.4
20230803,2023-08-03,528.1,66.6,31.08,22.38,0.184,10.48,45.4
20230804,2023-08-04,591.06,70.43,30.65,22.07,0.194,10.79,45.4
20230805,2023-08-05,729.5,93.91,31.15,22.43,0.192,10.64,45.4
20230806,2023-08-06,729.74,93.38,30.74,22.13,0.222,10.81,45.4
20230807,2023-08-07,525.59,63.29,31.47,22.66,0.213,10.64,45.4
20230808,2023-08-08,559.04,70.45,30.19,21.74,0.211,10.79,45.4
20230809,2023-08-09,541.47,70.17,30.66,22.08,0.218,10.66,45.4
20230810,2023-08-10,554.13,66.15,30.99,22.31,0.192,10.68,45.4
20230811,2023-08-11,614.77,73.14,31.01,22.33,0.219,10.97,45.4
20230812,2023-08-12,728.24,93.38,31.34,22.56,0.23,10.82,45.4
20230813,2023-08-13,730.0,91.76,30.74,22.13,0.229,10.73,45.4
20230814,2023-08-14,553.85,70.97,30.26,21.79,0.195,10.74,45.4
20230815,2023-08-15,525.63,68.15,30.51,21.97,0.211,10.94,45.4
20230816,2023-08-16,547.58,67.66,30.62,22.05,0.261,10.45,45.4
20230817,2023-08-17,535.26,65.62,30.36,21.86,0.22,10.76,45.4
20230818,2023-08-18,613.06,73.95,31.23,22.49,0.221,10.31,45.4
20230819,2023-08-19,730.97,92.52,30.77,22.15,0.187,10.87,45.4
20230820,2023-08-20,731.75,91.51,31.15,22.43,0.22,10.59,45.4
20230821,2023-08-21,545.44,67.43,31.41,22.62,0.209,10.75,45.4
20230822,2023-08-22,544.37,65.67,31.34,22.56,0.204,10.68,45.4
20230823,2023-08-23,549.76,68.89,30.18,21.73,0.209,10.61,45.4
20230824,2023-08-24,524.09,64.75,30.98,22.31,0.226,10.84,45.4
20230825,2023-08-25,623.53,76.42,31.58,22.74,0.251,10.54,45.4
20230826,2023-08-26,725.46,95.21,31.47,22.66,0.2,10.62,45.4
20230827,2023-08-27,738.32,94.38,29.62,21.33,0.199,10.89,45.4
20230828,2023-08-28,560.7,73.09,30.62,22.05,0.202,10.85,45.4
20230829,2023-08-29,555.4,68.29,30.61,22.04,0.212,10.78,45.4
20230830,2023-08-30,559.9,68.64,31.55,22.72,0.211,10.67,45.4
20230831,2023-08-31,550.01,65.34,31.51,22.69,0.208,10.98,45.4
20230901,2023-09-01,599.37,73.38,30.63,22.05,0.212,10.46,45.4
20230902,2023-09-02,731.67,89.27,31.57,22.73,0.201,10.63,45.4
20230903,2023-09-03,742.65,96.7,31.21,22.47,0.215,10.56,45.4
20230904,2023-09-04,530.77,67.54,31.17,22.44,0.187,10.59,45.4
20230905,2023-09-05,549.06,66.64,30.54,21.99,0.214,10.78,45.4
20230906,2023-09-06,546.98,70.37,29.84,21.48,0.265,10.64,45.4
20230907,2023-09-07,521.78,64.82,31.15,22.43,0.187,10.88,45.4
20230908,2023-09-08,627.69,78.97,31.8,22.9,0.226,10.79,45.4
20230909,2023-09-09,725.73,89.61,30.69,22.1,0.236,10.36,45.4
20230910,2023-09-10,695.54,90.49,30.43,21.91,0.194,10.32,45.4
20230911,2023-09-11,564.61,70.67,30.94,22.28,0.189,10.49,45.4
20230912,2023-09-12,527.54,65.23,30.73,22.13,0.245,10.52,45.4
20230913,2023-09-13,524.43,62.28,30.36,21.86,0.219,10.56,45.4
20230914,2023-09-14,529.94,69.34,31.46,22.65,0.241,10.88,45.4
20230915,2023-09-15,589.48,74.05,30.4,21.89,0.174,10.71,45.4
20230916,2023-09-16,721.68,94.69,31.07,22.37,0.209,11.05,45.4
20230917,2023-09-17,718.93,93.24,30.37,21.87,0.214,10.76,45.4
20230918,2023-09-18,565.12,67.88,31.03,22.34,0.214,10.71,45.4
20230919,2023-09-19,522.58,64.88,30.29,21.81,0.185,10.28,45.4
20230920,2023-09-20,547.51,66.79,31.13,22.41,0.167,10.66,45.4
20230921,2023-09-21,545.72,71.38,30.63,22.05,0.217,10.63,45.4
20230922,2023-09-22,614.8,79.75,31.42,22.62,0.222,10.7,45.4
20230923,2023-09-23,710.45,87.13,31.61,22.76,0.204,10.76,45.4
20230924,2023-09-24,736.32,91.31,31.14,22.42,0.215,10.63,45.4
20230925,2023-09-25,558.23,72.68,30.92,22.26,0.203,10.87,45.4
20230926,2023-09-26,544.46,67.87,31.35,22.57,0.231,10.71,45.4
20230927,2023-09-27,564.14,72.86,30.96,22.29,0.186,10.67,45.4
20230928,2023-09-28,547.6,70.19,30.58,22.02,0.212,10.86,45.4
20230929,2023-09-29,609.02,79.32,30.66,22.08,0.215,10.73,45.4
20230930,2023-09-30,718.92,93.47,31.12,22.41,0.192,10.6,45.4
20231001,2023-10-01,738.66,96.43,30.91,22.26,0.238,10.84,45.4
20231002,2023-10-02,524.31,66.19,30.4,21.89,0.215,10.55,45.4
20231003,2023-10-03,558.1,67.71,30.33,21.84,0.225,10.38,45.4
20231004,2023-10-04,537.41,70.2,31.69,22.82,0.205,10.73,45.4
20231005,2023-10-05,531.26,64.87,31.07,22.37,0.191,10.75,45.4
20231006,2023-10-06,605.38,75.63,30.6,22.03,0.215,10.9,45.4
20231007,2023-10-07,738.81,90.85,30.33,21.84,0.2,10.34,45.4
20231008,2023-10-08,705.65,84.0,29.92,21.54,0.227,10.58,45.4
20231009,2023-10-09,550.17,71.22,31.08,22.38,0.21,10.73,45.4
20231010,2023-10-10,525.95,64.17,30.96,22.29,0.173,10.65,45.4
20231011,2023-10-11,538.73,67.85,30.26,21.79,0.196,10.46,45.4
20231012,2023-10-12,535.56,66.68,30.51,21.97,0.2,10.66,45.4
20231013,2023-10-13,607.09,74.33,31.0,22.32,0.231,10.96,45.4
20231014,2023-10-14,725.66,90.63,31.08,22.38,0.214,10.46,45.4
20231015,2023-10-15,696.69,84.98,30.16,21.72,0.16,10.33,45.4
20231016,2023-10-16,545.17,69.16,31.11,22.4,0.211,10.96,45.4
20231017,2023-10-17,560.97,68.6,30.75,22.14,0.248,10.69,45.4
20231018,2023-10-18,528.43,64.04,31.62,22.77,0.206,10.59,45.4
20231019,2023-10-19,565.13,69.24,30.86,22.22,0.198,10.73,45.4
20231020,2023-10-20,623.0,78.59,30.73,22.13,0.186,10.55,45.4
20231021,2023-10-21,740.52,89.09,30.52,21.97,0.193,10.84,45.4
20231022,2023-10-22,693.04,82.91,31.49,22.67,0.227,10.43,45.4
20231023,2023-10-23,533.74,66.28,30.62,22.05,0.208,10.8,45.4
20231024,2023-10-24,548.05,71.02,30.44,21.92,0.207,11.11,45.4
20231025,2023-10-25,526.18,65.65,31.13,22.41,0.242,10.51,45.4
20231026,2023-10-26,560.09,67.63,31.21,22.47,0.164,10.73,45.4
20231027,2023-10-27,627.09,76.09,30.84,22.2,0.215,10.6,45.4
20231028,2023-10-28,746.71,91.87,31.38,22.59,0.227,10.42,45.4
20231029,2023-10-29,704.77,87.65,31.42,22.62,0.233,10.81,45.4
20231030,2023-10-30,566.61,68.36,31.01,22.33,0.213,10.7,45.4
20231031,2023-10-31,536.34,66.62,31.01,22.33,0.204,10.46,45.4
20231101,2023-11-01,542.07,67.39,30.92,22.26,0.197,10.22,45.4
20231102,2023-11-02,551.36,67.12,32.07,23.09,0.208,10.85,45.4
20231103,2023-11-03,633.68,81.78,30.85,22.21,0.222,10.28,45.4
20231104,2023-11-04,732.56,89.44,30.92,22.26,0.194,10.73,45.4
20231105,2023-11-05,741.82,92.64,31.32,22.55,0.235,10.8,45.4
20231106,2023-11-06,546.28,68.89,30.99,22.31,0.198,10.29,45.4
20231107,2023-11-07,525.61,67.24,31.53,22.7,0.159,10.6,45.4
20231108,2023-11-08,561.28,68.6,31.23,22.49,0.22,10.95,45.4
20231109,2023-11-09,536.23,63.68,30.89,22.24,0.204,10.86,45.4
20231110,2023-11-10,594.84,77.16,31.38,22.59,0.196,11.05,45.4
20231111,2023-11-11,742.56,97.11,31.23,22.49,0.214,10.84,45.4
20231112,2023-11-12,735.58,93.72,30.25,21.78,0.188,10.65,45.4
20231113,2023-11-13,538.21,67.29,31.43,22.63,0.187,10.78,45.4
20231114,2023-11-14,549.54,66.73,31.6,22.75,0.233,10.56,45.4
20231115,2023-11-15,536.67,67.88,30.07,21.65,0.222,11.04,45.4
20231116,2023-11-16,555.56,70.43,32.54,23.43,0.218,10.43,45.4
20231117,2023-11-17,614.86,74.61,31.5,22.68,0.193,10.44,45.4
20231118,2023-11-18,706.53,86.78,29.92,21.54,0.205,10.54,45.4
20231119,2023-11-19,726.47,91.33,30.72,22.12,0.183,10.77,45.4
20231120,2023-11-20,687.61,89.09,31.07,22.37,0.185,10.55,45.4
20231121,2023-11-21,687.71,88.64,31.2,22.46,0.227,10.58,45.4
20231122,2023-11-22,672.38,86.68,30.83,22.2,0.22,10.94,45.4
20231123,2023-11-23,688.13,86.32,30.88,22.23,0.197,10.45,45.4
20231124,2023-11-24,737.26,88.02,31.04,22.35,0.22,10.78,45.4
20231125,2023-11-25,868.59,112.13,31.12,22.41,0.186,10.94,45.4
20231126,2023-11-26,934.48,118.62,30.57,22.01,0.237,10.6,45.4
20231127,2023-11-27,695.94,89.08,30.43,21.91,0.192,10.65,45.4
20231128,2023-11-28,661.67,85.45,30.93,22.27,0.214,10.56,45.4
20231129,2023-11-29,661.31,85.17,30.33,21.84,0.217,10.64,45.4
20231130,2023-11-30,681.41,82.46,30.58,22.02,0.204,10.77,45.4
20231201,2023-12-01,779.01,98.47,30.73,22.13,0.229,10.74,45.4
20231202,2023-12-02,896.3,107.11,31.31,22.54,0.223,10.51,45.4
20231203,2023-12-03,883.88,113.04,30.26,21.79,0.211,11.02,45.4
20231204,2023-12-04,670.71,86.29,30.64,22.06,0.213,10.81,45.4
20231205,2023-12-05,680.71,82.39,30.67,22.08,0.179,10.9,45.4
20231206,2023-12-06,684.38,84.61,30.82,22.19,0.189,10.6,45.4
20231207,2023-12-07,662.48,81.55,30.17,21.72,0.197,10.59,45.4
20231208,2023-12-08,774.35,92.02,31.09,22.38,0.215,10.5,45.4
20231209,2023-12-09,880.4,114.03,31.22,22.48,0.202,10.54,45.4
20231210,2023-12-10,914.15,113.32,30.81,22.18,0.201,10.94,45.4
20231211,2023-12-11,676.28,81.07,31.14,22.42,0.205,10.72,45.4
20231212,2023-12-12,700.64,86.24,31.78,22.88,0.216,10.75,45.4
20231213,2023-12-13,697.8,89.1,30.85,22.21,0.242,10.83,45.4
20231214,2023-12-14,691.15,83.71,31.08,22.38,0.212,10.83,45.4
20231215,2023-12-15,743.42,92.62,31.36,22.58,0.185,10.81,45.4
20231216,2023-12-16,934.01,116.73,30.05,21.64,0.253,10.62,45.4
20231217,2023-12-17,923.3,115.59,30.77,22.15,0.187,10.86,45.4
20231218,2023-12-18,680.46,88.47,31.71,22.83,0.204,10.58,45.4
20231219,2023-12-19,696.75,88.76,30.81,22.18,0.234,10.62,45.4
20231220,2023-12-20,697.34,85.7,30.3,21.82,0.229,10.84,45.4
20231221,2023-12-21,701.12,86.47,30.91,22.26,0.207,10.62,45.4
20231222,2023-12-22,762.17,93.74,31.17,22.44,0.191,10.51,45.4
20231223,2023-12-23,873.87,106.37,31.87,22.95,0.215,10.91,45.4
20231224,2023-12-24,934.75,119.17,31.07,22.37,0.193,10.77,45.4
20231225,2023-12-25,676.41,87.19,31.89,22.96,0.199,10.85,45.4
20231226,2023-12-26,699.76,89.84,31.45,22.64,0.22,10.69,45.4
20231227,2023-12-27,673.17,83.4,31.05,22.36,0.187,10.49,45.4
20231228,2023-12-28,706.5,85.22,30.88,22.23,0.19,11.09,45.4
20231229,2023-12-29,762.1,93.15,31.28,22.52,0.195,11.03,45.4
20231230,2023-12-30,871.33,108.78,31.04,22.35,0.233,10.65,45.4
20231231,2023-12-31,926.55,119.32,30.86,22.22,0.229,10.77,45.4
20240101,2024-01-01,739.01,95.76,37.23,26.81,0.155,10.35,49.6
20240102,2024-01-02,761.46,91.53,37.35,26.89,0.163,10.01,49.6
20240103,2024-01-03,721.56,91.64,37.73,27.17,0.134,10.28,49.6
20240104,2024-01-04,728.93,89.85,37.84,27.24,0.125,10.09,49.6
20240105,2024-01-05,823.22,103.69,38.19,27.5,0.165,10.87,49.6
20240106,2024-01-06,781.41,101.25,37.96,27.33,0.206,10.27,49.6
20240107,2024-01-07,784.45,101.53,38.74,27.89,0.188,10.16,49.6
20240108,2024-01-08,580.02,69.44,37.51,27.01,0.158,10.57,49.6
20240109,2024-01-09,603.5,77.38,38.24,27.53,0.16,10.52,49.6
20240110,2024-01-10,564.86,70.09,37.13,26.73,0.176,10.64,49.6
20240111,2024-01-11,595.61,72.27,37.17,26.76,0.189,10.47,49.6
20240112,2024-01-12,642.26,82.37,36.06,25.96,0.154,10.2,49.6
20240113,2024-01-13,774.35,94.06,37.42,26.94,0.173,10.3,49.6
20240114,2024-01-14,766.96,100.35,36.5,26.28,0.133,10.66,49.6
20240115,2024-01-15,606.93,76.5,37.37,26.91,0.192,10.29,49.6
20240116,2024-01-16,608.22,75.77,37.08,26.7,0.185,10.27,49.6
20240117,2024-01-17,575.86,69.93,38.7,27.86,0.156,10.24,49.6
20240118,2024-01-18,603.85,73.14,36.67,26.4,0.163,10.18,49.6
20240119,2024-01-19,676.52,87.18,38.14,27.46,0.149,10.04,49.6
20240120,2024-01-20,788.97,98.67,37.56,27.04,0.207,10.39,49.6
20240121,2024-01-21,785.28,95.56,38.11,27.44,0.152,10.03,49.6
20240122,2024-01-22,608.22,74.92,38.1,27.43,0.163,10.58,49.6
20240123,2024-01-23,606.18,75.72,36.84,26.52,0.155,10.51,49.6
20240124,2024-01-24,564.86,68.91,37.43,26.95,0.209,10.16,49.6
20240125,2024-01-25,563.67,73.93,36.92,26.58,0.206,10.14,49.6
20240126,2024-01-26,650.23,77.42,36.94,26.6,0.13,9.98,49.6
20240127,2024-01-27,803.76,99.64,37.56,27.04,0.156,10.18,49.6
20240128,2024-01-28,761.87,94.06,37.83,27.24,0.144,10.14,49.6
20240129,2024-01-29,574.88,75.25,37.47,26.98,0.135,10.27,49.6
20240130,2024-01-30,580.54,75.77,37.71,27.15,0.168,10.57,49.6
20240131,2024-01-31,569.33,70.64,37.57,27.05,0.136,10.02,49.6
20240201,2024-02-01,582.86,74.49,37.49,26.99,0.143,9.93,49.6
20240202,2024-02-02,659.37,80.99,36.79,26.49,0.172,10.2,49.6
20240203,2024-02-03,770.52,93.82,37.41,26.94,0.21,10.28,49.6
20240204,2024-02-04,748.7,89.77,37.38,26.91,0.18,10.48,49.6
20240205,2024-02-05,569.89,72.92,37.21,26.79,0.186,10.25,49.6
20240206,2024-02-06,570.08,72.5,37.77,27.19,0.131,10.27,49.6
20240207,2024-02-07,582.69,74.55,37.68,27.13,0.148,10.33,49.6
20240208,2024-02-08,575.22,73.05,37.42,26.94,0.128,10.39,49.6
20240209,2024-02-09,672.52,86.47,37.85,27.25,0.154,10.06,49.6
20240210,2024-02-10,773.07,95.14,37.82,27.23,0.169,10.24,49.6
20240211,2024-02-11,761.79,98.6,37.34,26.88,0.166,10.27,49.6
20240212,2024-02-12,567.98,72.14,37.78,27.2,0.157,10.1,49.6
20240213,2024-02-13,582.54,75.53,37.45,26.96,0.202,10.08,49.6
20240214,2024-02-14,608.36,79.41,37.76,27.19,0.153,10.27,49.6
20240215,2024-02-15,570.53,69.56,38.52,27.73,0.178,10.3,49.6
20240216,2024-02-16,656.9,79.44,38.29,27.57,0.192,10.11,49.6
20240217,2024-02-17,787.42,96.49,37.41,26.94,0.186,10.43,49.6
20240218,2024-02-18,763.33,95.81,37.48,26.99,0.186,10.36,49.6
20240219,2024-02-19,603.48,72.7,36.87,26.55,0.148,10.2,49.6
20240220,2024-02-20,586.97,73.06,37.1,26.71,0.179,10.39,49.6
20240221,2024-02-21,599.52,72.77,37.06,26.68,0.146,9.98,49.6
20240222,2024-02-22,580.52,75.0,38.06,27.4,0.166,10.44,49.6
20240223,2024-02-23,645.9,83.24,37.8,27.22,0.204,10.52,49.6
20240224,2024-02-24,771.43,97.7,37.54,27.03,0.132,10.34,49.6
20240225,2024-02-25,772.33,96.12,37.42,26.94,0.186,10.27,49.6
20240226,2024-02-26,610.84,75.13,37.74,27.17,0.175,10.14,49.6
20240227,2024-02-27,580.91,69.71,37.38,26.91,0.172,10.25,49.6
20240228,2024-02-28,597.01,76.97,37.12,26.73,0.159,10.51,49.6
20240229,2024-02-29,605.4,72.39,36.98,26.63,0.165,10.35,49.6
20240301,2024-03-01,655.0,81.07,37.71,27.15,0.191,10.43,49.6
20240302,2024-03-02,753.98,96.84,37.49,26.99,0.215,9.89,49.6
20240303,2024-03-03,802.16,104.95,37.44,26.96,0.15,10.21,49.6
20240304,2024-03-04,573.47,73.17,37.82,27.23,0.186,10.15,49.6
20240305,2024-03-05,583.93,70.1,37.22,26.8,0.18,10.29,49.6
20240306,2024-03-06,596.43,72.73,37.3,26.86,0.195,10.5,49.6
20240307,2024-03-07,609.31,76.94,38.13,27.45,0.156,10.1,49.6
20240308,2024-03-08,648.46,80.42,37.29,26.85,0.171,10.27,49.6
20240309,2024-03-09,775.17,92.11,37.0,26.64,0.164,10.41,49.6
20240310,2024-03-10,806.74,96.82,37.13,26.73,0.152,10.54,49.6
20240311,2024-03-11,589.0,70.21,37.49,26.99,0.192,10.18,49.6
20240312,2024-03-12,577.23,74.68,38.17,27.48,0.138,10.17,49.6
20240313,2024-03-13,604.41,73.8,37.32,26.87,0.191,9.97,49.6
20240314,2024-03-14,568.0,70.74,36.97,26.62,0.185,10.31,49.6
20240315,2024-03-15,647.47,84.6,38.01,27.37,0.151,10.34,49.6
20240316,2024-03-16,775.04,94.73,37.21,26.79,0.16,10.31,49.6
20240317,2024-03-17,788.54,95.46,36.89,26.56,0.179,10.64,49.6
20240318,2024-03-18,572.61,73.35,37.87,27.27,0.151,10.21,49.6
20240319,2024-03-19,570.2,69.88,37.1,26.71,0.165,10.47,49.6
20240320,2024-03-20,601.03,73.29,37.24,26.81,0.174,10.51,49.6
20240321,2024-03-21,607.92,74.69,37.19,26.78,0.171,10.52,49.6
20240322,2024-03-22,662.19,83.29,37.17,26.76,0.201,10.35,49.6
20240323,2024-03-23,787.67,97.77,38.15,27.47,0.17,10.05,49.6
20240324,2024-03-24,763.22,92.44,36.95,26.6,0.172,10.01,49.6
20240325,2024-03-25,582.04,69.84,37.36,26.9,0.11,10.49,49.6
20240326,2024-03-26,589.66,76.9,37.58,27.06,0.17,10.53,49.6
20240327,2024-03-27,612.82,78.6,37.86,27.26,0.16,10.54,49.6
20240328,2024-03-28,593.72,76.47,38.03,27.38,0.172,9.97,49.6
20240329,2024-03-29,686.36,81.86,37.24,26.81,0.165,10.31,49.6
20240330,2024-03-30,753.8,90.42,38.05,27.4,0.137,10.53,49.6
20240331,2024-03-31,747.23,95.76,36.94,26.6,0.176,10.23,49.6
20240401,2024-04-01,579.67,69.5,37.57,27.05,0.156,10.2,49.6
20240402,2024-04-02,603.18,74.8,37.16,26.76,0.191,10.11,49.6
20240403,2024-04-03,579.95,71.6,37.82,27.23,0.155,10.35,49.6
20240404,2024-04-04,571.85,70.48,37.31,26.86,0.18,10.36,49.6
20240405,2024-04-05,637.26,81.81,36.92,26.58,0.185,10.25,49.6
20240406,2024-04-06,751.91,94.14,38.24,27.53,0.19,10.76,49.6
20240407,2024-04-07,772.17,96.48,37.22,26.8,0.175,10.13,49.6
20240408,2024-04-08,596.43,74.21,37.22,26.8,0.195,10.21,49.6
20240409,2024-04-09,583.68,69.44,37.35,26.89,0.183,10.71,49.6
20240410,2024-04-10,580.04,73.75,37.73,27.17,0.233,10.17,49.6
20240411,2024-04-11,567.44,68.81,37.77,27.19,0.196,10.32,49.6
20240412,2024-04-12,664.07,85.04,37.04,26.67,0.182,10.16,49.6
20240413,2024-04-13,786.76,97.23,36.83,26.52,0.133,10.35,49.6
20240414,2024-04-14,806.38,100.27,36.92,26.58,0.192,10.3,49.6
20240415,2024-04-15,585.76,73.44,38.17,27.48,0.197,10.42,49.6
20240416,2024-04-16,610.13,74.33,37.17,26.76,0.166,10.31,49.6
20240417,2024-04-17,599.84,77.26,37.92,27.3,0.178,10.05,49.6
20240418,2024-04-18,592.33,73.48,37.02,26.65,0.165,10.19,49.6
20240419,2024-04-19,660.75,86.22,37.06,26.68,0.133,10.18,49.6
20240420,2024-04-20,808.08,101.16,36.83,26.52,0.187,10.31,49.6
20240421,2024-04-21,803.84,101.8,36.99,26.63,0.173,10.17,49.6
20240422,2024-04-22,586.53,74.92,37.74,27.17,0.194,10.44,49.6
20240423,2024-04-23,576.09,72.76,37.99,27.35,0.205,10.16,49.6
20240424,2024-04-24,568.99,68.74,37.69,27.14,0.158,10.32,49.6
20240425,2024-04-25,585.98,71.92,37.15,26.75,0.168,10.73,49.6
20240426,2024-04-26,675.83,82.79,37.43,26.95,0.142,10.53,49.6
20240427,2024-04-27,800.84,103.93,37.02,26.65,0.163,10.5,49.6
20240428,2024-04-28,778.12,99.08,38.68,27.85,0.188,10.36,49.6
20240429,2024-04-29,572.92,69.42,37.69,27.14,0.155,10.16,49.6
20240430,2024-04-30,591.07,73.8,37.63,27.09,0.177,10.36,49.6
20240501,2024-05-01,593.18,74.94,37.17,26.76,0.177,10.41,49.6
20240502,2024-05-02,581.86,74.2,37.64,27.1,0.164,10.26,49.6
20240503,2024-05-03,667.53,79.55,37.48,26.99,0.2,10.27,49.6
20240504,2024-05-04,779.86,94.78,38.27,27.55,0.163,9.94,49.6
20240505,2024-05-05,781.4,94.41,37.58,27.06,0.172,10.12,49.6
20240506,2024-05-06,579.77,74.8,37.07,26.69,0.183,10.62,49.6
20240507,2024-05-07,574.27,70.69,37.2,26.78,0.16,10.13,49.6
20240508,2024-05-08,591.86,75.79,38.12,27.45,0.173,10.2,49.6
20240509,2024-05-09,580.33,71.03,37.11,26.72,0.158,10.06,49.6
20240510,2024-05-10,687.48,83.49,37.78,27.2,0.145,10.33,49.6
20240511,2024-05-11,793.3,103.37,37.43,26.95,0.166,10.22,49.6
20240512,2024-05-12,768.64,98.7,36.88,26.55,0.152,10.11,49.6
20240513,2024-05-13,609.41,78.17,37.25,26.82,0.169,10.4,49.6
20240514,2024-05-14,599.11,75.17,36.67,26.4,0.21,10.33,49.6
20240515,2024-05-15,580.52,75.19,37.83,27.24,0.163,10.3,49.6
20240516,2024-05-16,609.62,76.99,37.64,27.1,0.174,10.54,49.6
20240517,2024-05-17,675.1,82.05,36.89,26.56,0.168,10.42,49.6
20240518,2024-05-18,788.91,102.94,37.69,27.14,0.187,10.37,49.6
20240519,2024-05-19,756.04,93.4,37.15,26.75,0.133,10.34,49.6
20240520,2024-05-20,582.24,73.5,37.95,27.32,0.166,10.42,49.6
20240521,2024-05-21,584.99,71.38,38.29,27.57,0.174,10.19,49.6
20240522,2024-05-22,609.01,76.44,37.67,27.12,0.161,10.17,49.6
20240523,2024-05-23,588.28,76.79,36.53,26.3,0.172,9.99,49.6
20240524,2024-05-24,654.2,84.77,38.12,27.45,0.157,10.34,49.6
20240525,2024-05-25,766.9,91.92,37.86,27.26,0.182,10.01,49.6
20240526,2024-05-26,773.07,99.53,37.51,27.01,0.156,10.19,49.6
20240527,2024-05-27,607.0,72.24,37.12,26.73,0.153,10.22,49.6
20240528,2024-05-28,589.57,72.43,37.52,27.01,0.223,10.38,49.6
20240529,2024-05-29,597.99,77.41,36.59,26.34,0.182,10.46,49.6
20240530,2024-05-30,573.14,71.7,37.97,27.34,0.182,10.27,49.6
20240531,2024-05-31,667.91,82.77,37.3,26.86,0.142,10.33,49.6
20240601,2024-06-01,752.74,93.04,37.77,27.19,0.154,10.35,49.6
20240602,2024-06-02,793.61,97.34,37.88,27.27,0.173,10.25,49.6
20240603,2024-06-03,593.24,76.61,38.23,27.53,0.171,10.22,49.6
20240604,2024-06-04,581.96,69.58,37.11,26.72,0.2,10.54,49.6
20240605,2024-06-05,588.79,75.48,38.15,27.47,0.166,10.84,49.6
20240606,2024-06-06,616.64,76.0,37.58,27.06,0.191,10.12,49.6
20240607,2024-06-07,689.98,82.16,37.54,27.03,0.163,10.49,49.6
20240608,2024-06-08,772.83,94.72,38.35,27.61,0.183,10.18,49.6
20240609,2024-06-09,790.27,103.12,37.04,26.67,0.176,10.56,49.6
20240610,2024-06-10,575.92,69.64,37.57,27.05,0.189,10.25,49.6
20240611,2024-06-11,607.05,75.48,37.43,26.95,0.187,10.45,49.6
20240612,2024-06-12,614.7,77.67,37.34,26.88,0.163,10.19,49.6
20240613,2024-06-13,587.34,72.51,37.8,27.22,0.142,10.5,49.6
20240614,2024-06-14,641.53,81.64,37.16,26.76,0.172,10.26,49.6
20240615,2024-06-15,803.86,100.46,36.36,26.18,0.154,10.43,49.6
20240616,2024-06-16,770.54,96.54,38.09,27.42,0.144,10.15,49.6
20240617,2024-06-17,588.87,72.34,37.96,27.33,0.146,10.57,49.6
20240618,2024-06-18,571.67,73.42,37.99,27.35,0.188,10.74,49.6
20240619,2024-06-19,598.64,75.69,38.19,27.5,0.175,10.31,49.6
20240620,2024-06-20,613.29,80.23,37.9,27.29,0.174,10.11,49.6
20240621,2024-06-21,668.91,86.99,37.83,27.24,0.144,10.3,49.6
20240622,2024-06-22,804.77,97.27,37.13,26.73,0.136,10.32,49.6
20240623,2024-06-23,792.53,99.5,37.69,27.14,0.17,10.35,49.6
20240624,2024-06-24,586.06,71.68,38.16,27.48,0.195,10.12,49.6
20240625,2024-06-25,572.74,72.65,37.19,26.78,0.172,10.62,49.6
20240626,2024-06-26,574.82,70.84,37.94,27.32,0.174,10.46,49.6
20240627,2024-06-27,578.57,75.69,37.96,27.33,0.191,10.36,49.6
20240628,2024-06-28,658.77,79.0,37.31,26.86,0.181,10.28,49.6
20240629,2024-06-29,797.45,97.55,38.26,27.55,0.204,10.25,49.6
20240630,2024-06-30,768.19,93.06,36.64,26.38,0.177,9.93,49.6
20240701,2024-07-01,583.9,71.03,37.46,26.97,0.155,10.67,49.6
20240702,2024-07-02,618.09,76.0,37.89,27.28,0.188,10.14,49.6
20240703,2024-07-03,613.24,76.28,38.09,27.42,0.166,10.12,49.6
20240704,2024-07-04,593.44,76.82,38.29,27.57,0.169,10.42,49.6
20240705,2024-07-05,667.67,81.8,37.99,27.35,0.161,10.4,49.6
20240706,2024-07-06,765.28,92.36,37.04,26.67,0.177,10.2,49.6
20240707,2024-07-07,762.26,94.6,37.7,27.14,0.16,10.13,49.6
20240708,2024-07-08,597.74,71.19,36.91,26.58,0.222,10.47,49.6
20240709,2024-07-09,606.49,77.46,37.24,26.81,0.168,10.28,49.6
20240710,2024-07-10,573.27,74.23,37.8,27.22,0.162,10.15,49.6
20240711,2024-07-11,614.53,75.08,37.19,26.78,0.177,10.45,49.6
20240712,2024-07-12,667.18,86.82,37.17,26.76,0.175,10.64,49.6
20240713,2024-07-13,762.29,95.36,38.47,27.7,0.154,10.47,49.6
20240714,2024-07-14,783.55,94.99,37.28,26.84,0.189,10.4,49.6
20240715,2024-07-15,601.29,77.69,38.05,27.4,0.193,10.46,49.6
20240716,2024-07-16,595.51,77.15,37.7,27.14,0.191,10.52,49.6
20240717,2024-07-17,577.18,69.06,36.97,26.62,0.191,9.93,49.6
20240718,2024-07-18,596.1,72.17,37.76,27.19,0.165,10.59,49.6
20240719,2024-07-19,666.67,79.23,38.03,27.38,0.175,10.34,49.6
20240720,2024-07-20,763.95,93.78,37.61,27.08,0.16,10.45,49.6
20240721,2024-07-21,781.84,101.45,36.74,26.45,0.143,10.17,49.6
20240722,2024-07-22,596.4,76.68,36.26,26.11,0.163,10.52,49.6
20240723,2024-07-23,604.04,78.45,37.84,27.24,0.158,10.51,49.6
20240724,2024-07-24,572.48,73.47,36.63,26.37,0.172,10.34,49.6
20240725,2024-07-25,608.71,74.38,37.62,27.09,0.165,10.43,49.6
20240726,2024-07-26,652.94,82.0,36.1,25.99,0.169,10.3,49.6
20240727,2024-07-27,765.68,95.27,38.33,27.6,0.178,10.24,49.6
20240728,2024-07-28,765.71,93.92,37.74,27.17,0.198,10.16,49.6
20240729,2024-07-29,597.46,75.44,37.3,26.86,0.174,10.41,49.6
20240730,2024-07-30,584.01,76.54,37.49,26.99,0.142,10.4,49.6
20240731,2024-07-31,585.66,76.16,38.27,27.55,0.184,9.87,49.6
20240801,2024-08-01,587.06,74.06,37.91,27.3,0.174,10.64,49.6
20240802,2024-08-02,656.54,83.33,37.35,26.89,0.18,10.3,49.6
20240803,2024-08-03,806.56,96.98,36.92,26.58,0.182,10.18,49.6
20240804,2024-08-04,772.88,96.35,37.25,26.82,0.184,10.49,49.6
20240805,2024-08-05,585.72,73.31,37.66,27.12,0.14,10.33,49.6
20240806,2024-08-06,588.2,74.98,37.73,27.17,0.181,10.14,49.6
20240807,2024-08-07,580.13,69.03,37.06,26.68,0.161,10.25,49.6
20240808,2024-08-08,618.44,74.53,37.77,27.19,0.175,10.15,49.6
20240809,2024-08-09,670.79,82.4,37.96,27.33,0.213,9.92,49.6
20240810,2024-08-10,793.86,104.17,37.41,26.94,0.161,10.29,49.6
20240811,2024-08-11,812.24,105.97,37.75,27.18,0.166,10.35,49.6
20240812,2024-08-12,590.76,73.15,37.6,27.07,0.184,10.26,49.6
20240813,2024-08-13,591.14,77.27,37.78,27.2,0.153,10.21,49.6
20240814,2024-08-14,589.84,77.32,36.96,26.61,0.206,10.39,49.6
20240815,2024-08-15,604.12,71.84,37.06,26.68,0.182,10.44,49.6
20240816,2024-08-16,643.66,79.13,37.93,27.31,0.176,10.15,49.6
20240817,2024-08-17,817.63,99.74,37.33,26.88,0.133,10.08,49.6
20240818,2024-08-18,811.36,101.0,37.59,27.06,0.15,10.37,49.6
20240819,2024-08-19,591.46,77.47,37.96,27.33,0.178,10.17,49.6
20240820,2024-08-20,586.25,73.51,38.42,27.66,0.19,10.7,49.6
20240821,2024-08-21,593.93,74.95,37.18,26.77,0.159,10.22,49.6
20240822,2024-08-22,588.15,70.42,37.96,27.33,0.177,10.59,49.6
20240823,2024-08-23,656.39,85.48,37.26,26.83,0.176,10.12,49.6
20240824,2024-08-24,771.48,99.9,37.43,26.95,0.173,10.24,49.6
20240825,2024-08-25,772.04,97.68,37.04,26.67,0.159,10.06,49.6
20240826,2024-08-26,597.61,76.68,37.4,26.93,0.187,10.42,49.6
20240827,2024-08-27,600.12,77.82,37.18,26.77,0.182,10.26,49.6
20240828,2024-08-28,602.14,78.73,37.52,27.01,0.192,10.31,49.6
20240829,2024-08-29,575.44,73.28,37.05,26.68,0.185,10.5,49.6
20240830,2024-08-30,695.06,87.05,37.24,26.81,0.19,10.39,49.6
20240831,2024-08-31,787.82,96.53,37.47,26.98,0.152,10.05,49.6
20240901,2024-09-01,779.79,95.57,37.97,27.34,0.181,10.31,49.6
20240902,2024-09-02,595.51,75.52,38.31,27.58,0.171,10.18,49.6
20240903,2024-09-03,615.06,74.92,37.65,27.11,0.161,10.08,49.6
20240904,2024-09-04,586.04,72.17,37.6,27.07,0.185,10.13,49.6
20240905,2024-09-05,580.37,69.76,37.51,27.01,0.205,10.15,49.6
20240906,2024-09-06,675.76,82.32,38.7,27.86,0.174,9.88,49.6
20240907,2024-09-07,773.97,99.97,37.57,27.05,0.151,10.55,49.6
20240908,2024-09-08,809.69,97.76,37.68,27.13,0.184,10.46,49.6
20240909,2024-09-09,591.74,75.06,37.43,26.95,0.136,10.49,49.6
20240910,2024-09-10,622.22,74.76,38.62,27.81,0.169,10.22,49.6
20240911,2024-09-11,619.82,78.19,37.18,26.77,0.172,10.42,49.6
20240912,2024-09-12,597.89,76.98,36.61,26.36,0.174,10.41,49.6
20240913,2024-09-13,650.58,78.38,38.0,27.36,0.162,10.17,49.6
20240914,2024-09-14,759.71,99.06,37.79,27.21,0.192,10.07,49.6
20240915,2024-09-15,800.12,102.77,37.64,27.1,0.19,10.62,49.6
20240916,2024-09-16,594.55,75.99,37.0,26.64,0.171,10.21,49.6
20240917,2024-09-17,593.35,72.52,37.42,26.94,0.171,10.45,49.6
20240918,2024-09-18,586.95,70.63,37.26,26.83,0.189,10.22,49.6
20240919,2024-09-19,609.13,74.55,37.84,27.24,0.181,10.58,49.6
20240920,2024-09-20,683.61,82.6,37.58,27.06,0.179,10.53,49.6
20240921,2024-09-21,814.84,105.03,36.95,26.6,0.169,10.04,49.6
20240922,2024-09-22,775.75,95.25,36.43,26.23,0.152,10.57,49.6
20240923,2024-09-23,602.12,73.12,38.09,27.42,0.185,10.14,49.6
20240924,2024-09-24,618.25,77.76,37.5,27.0,0.14,10.44,49.6
20240925,2024-09-25,612.09,78.75,37.24,26.81,0.166,10.71,49.6
20240926,2024-09-26,601.39,77.52,38.62,27.81,0.163,10.32,49.6
20240927,2024-09-27,684.3,82.33,38.91,28.02,0.191,10.33,49.6
20240928,2024-09-28,779.29,97.51,37.34,26.88,0.183,10.64,49.6
20240929,2024-09-29,815.46,101.93,37.45,26.96,0.132,10.17,49.6
20240930,2024-09-30,593.48,73.66,36.99,26.63,0.171,10.65,49.6
20241001,2024-10-01,601.62,77.72,37.96,27.33,0.16,10.55,49.6
20241002,2024-10-02,611.24,76.5,37.54,27.03,0.184,10.25,49.6
20241003,2024-10-03,603.35,74.03,37.58,27.06,0.178,10.14,49.6
20241004,2024-10-04,666.14,87.38,37.18,26.77,0.17,10.65,49.6
20241005,2024-10-05,786.58,103.1,37.11,26.72,0.169,10.6,49.6
20241006,2024-10-06,765.18,92.68,37.05,26.68,0.182,10.41,49.6
20241007,2024-10-07,607.49,77.68,38.04,27.39,0.193,10.23,49.6
20241008,2024-10-08,613.78,80.16,36.85,26.53,0.173,10.78,49.6
20241009,2024-10-09,576.12,74.86,37.18,26.77,0.195,10.49,49.6
20241010,2024-10-10,577.91,69.37,38.19,27.5,0.162,10.45,49.6
20241011,2024-10-11,680.29,89.01,37.88,27.27,0.183,10.13,49.6
20241012,2024-10-12,777.38,101.39,36.88,26.55,0.149,10.7,49.6
20241013,2024-10-13,769.28,93.17,37.57,27.05,0.17,10.54,49.6
20241014,2024-10-14,617.14,79.1,37.66,27.12,0.183,10.09,49.6
20241015,2024-10-15,623.67,75.48,38.72,27.88,0.174,10.33,49.6
20241016,2024-10-16,612.44,80.21,37.73,27.17,0.146,10.34,49.6
20241017,2024-10-17,594.88,77.37,36.74,26.45,0.211,10.09,49.6
20241018,2024-10-18,688.7,88.43,38.07,27.41,0.21,10.58,49.6
20241019,2024-10-19,776.91,97.74,37.71,27.15,0.162,10.49,49.6
20241020,2024-10-20,763.26,99.3,37.64,27.1,0.159,10.3,49.6
20241021,2024-10-21,621.2,76.53,36.79,26.49,0.173,10.36,49.6
20241022,2024-10-22,622.74,75.18,37.47,26.98,0.157,10.33,49.6
20241023,2024-10-23,596.67,75.75,37.24,26.81,0.177,10.33,49.6
20241024,2024-10-24,593.99,75.64,36.71,26.43,0.172,10.09,49.6
20241025,2024-10-25,677.51,85.61,37.14,26.74,0.192,10.29,49.6
20241026,2024-10-26,797.46,104.11,38.13,27.45,0.154,10.38,49.6
20241027,2024-10-27,771.85,91.86,37.05,26.68,0.186,10.41,49.6
20241028,2024-10-28,616.5,79.29,38.25,27.54,0.182,10.23,49.6
20241029,2024-10-29,578.91,74.21,38.15,27.47,0.155,10.06,49.6
20241030,2024-10-30,577.84,73.59,37.87,27.27,0.186,10.34,49.6
20241031,2024-10-31,613.62,78.42,37.05,26.68,0.178,10.21,49.6
20241101,2024-11-01,677.49,87.18,37.02,26.65,0.198,10.3,49.6
20241102,2024-11-02,804.18,99.1,38.13,27.45,0.172,10.43,49.6
20241103,2024-11-03,819.66,104.04,37.49,26.99,0.182,10.11,49.6
20241104,2024-11-04,585.2,74.02,35.77,25.75,0.205,10.59,49.6
20241105,2024-11-05,579.76,70.65,36.72,26.44,0.182,10.41,49.6
20241106,2024-11-06,590.18,73.47,37.21,26.79,0.164,10.36,49.6
20241107,2024-11-07,599.3,73.9,37.26,26.83,0.182,10.38,49.6
20241108,2024-11-08,654.81,78.43,37.86,27.26,0.17,10.48,49.6
20241109,2024-11-09,821.21,103.04,37.87,27.27,0.182,10.47,49.6
20241110,2024-11-10,769.53,94.56,38.08,27.42,0.123,10.07,49.6
20241111,2024-11-11,579.39,73.06,36.99,26.63,0.148,10.27,49.6
20241112,2024-11-12,600.59,78.69,37.17,26.76,0.207,10.29,49.6
20241113,2024-11-13,584.9,71.32,36.8,26.5,0.16,10.46,49.6
20241114,2024-11-14,583.52,73.65,38.27,27.55,0.179,9.87,49.6
20241115,2024-11-15,685.51,83.68,37.64,27.1,0.185,10.16,49.6
20241116,2024-11-16,805.53,101.47,37.19,26.78,0.159,10.32,49.6
20241117,2024-11-17,803.46,101.12,38.13,27.45,0.155,10.35,49.6
20241118,2024-11-18,612.88,73.98,37.42,26.94,0.199,10.12,49.6
20241119,2024-11-19,595.84,75.47,37.56,27.04,0.159,10.26,49.6
20241120,2024-11-20,768.02,98.11,37.93,27.31,0.177,10.32,49.6
20241121,2024-11-21,762.61,98.8,37.93,27.31,0.177,10.35,49.6
20241122,2024-11-22,866.41,105.62,37.85,27.25,0.17,10.57,49.6
20241123,2024-11-23,968.0,123.51,37.38,26.91,0.152,10.34,49.6
20241124,2024-11-24,1004.73,120.65,37.68,27.13,0.188,9.99,49.6
20241125,2024-11-25,758.13,99.46,37.14,26.74,0.142,10.11,49.6
20241126,2024-11-26,754.34,94.85,37.81,27.22,0.159,10.16,49.6
20241127,2024-11-27,770.45,94.84,37.16,26.76,0.181,9.96,49.6
20241128,2024-11-28,760.43,97.64,37.52,27.01,0.166,10.26,49.6
20241129,2024-11-29,866.3,104.9,37.51,27.01,0.189,10.33,49.6
20241130,2024-11-30,994.37,130.48,37.21,26.79,0.18,10.34,49.6
20241201,2024-12-01,1012.29,123.09,37.47,26.98,0.176,10.43,49.6
20241202,2024-12-02,770.41,100.28,37.81,27.22,0.156,10.26,49.6
20241203,2024-12-03,739.93,92.95,37.55,27.04,0.2,10.04,49.6
20241204,2024-12-04,758.86,98.66,37.3,26.86,0.163,9.97,49.6
20241205,2024-12-05,742.08,89.62,37.73,27.17,0.16,10.37,49.6
20241206,2024-12-06,811.58,102.56,37.18,26.77,0.168,10.24,49.6
20241207,2024-12-07,1026.57,124.87,37.52,27.01,0.164,10.35,49.6
20241208,2024-12-08,989.19,118.43,37.91,27.3,0.183,10.07,49.6
20241209,2024-12-09,777.93,101.02,38.05,27.4,0.194,10.21,49.6
20241210,2024-12-10,759.73,99.37,38.12,27.45,0.192,10.35,49.6
20241211,2024-12-11,778.68,99.02,38.41,27.66,0.187,10.21,49.6
20241212,2024-12-12,756.84,97.07,37.75,27.18,0.148,10.28,49.6
20241213,2024-12-13,816.77,103.56,36.69,26.42,0.168,10.38,49.6
20241214,2024-12-14,976.66,119.35,37.65,27.11,0.18,10.23,49.6
20241215,2024-12-15,1011.2,120.5,37.96,27.33,0.187,10.09,49.6
20241216,2024-12-16,738.44,95.11,37.19,26.78,0.193,10.26,49.6
20241217,2024-12-17,767.96,92.31,37.63,27.09,0.226,10.38,49.6
20241218,2024-12-18,760.33,91.65,38.12,27.45,0.179,9.96,49.6
20241219,2024-12-19,782.55,96.03,38.48,27.71,0.161,10.32,49.6
20241220,2024-12-20,852.09,106.23,37.5,27.0,0.149,10.82,49.6
20241221,2024-12-21,1013.59,124.03,38.06,27.4,0.133,10.19,49.6
20241222,2024-12-22,974.61,125.03,37.66,27.12,0.175,10.27,49.6
20241223,2024-12-23,780.27,100.24,38.08,27.42,0.181,10.39,49.6
20241224,2024-12-24,778.66,99.38,37.66,27.12,0.186,9.99,49.6
20241225,2024-12-25,771.53,95.2,37.7,27.14,0.181,10.6,49.6
20241226,2024-12-26,769.29,96.55,37.26,26.83,0.188,10.39,49.6
20241227,2024-12-27,820.93,100.06,38.02,27.37,0.167,10.01,49.6
20241228,2024-12-28,971.26,127.26,38.2,27.5,0.193,10.56,49.6
20241229,2024-12-29,989.55,120.74,38.07,27.41,0.172,10.23,49.6
20241230,2024-12-30,761.61,99.81,38.3,27.58,0.2,10.05,49.6
20241231,2024-12-31,776.7,101.37,36.83,26.52,0.181,10.16,49.6
20250101,2025-01-01,814.32,99.79,44.8,32.26,0.117,10.54,52.0
20250102,2025-01-02,773.25,94.81,44.29,31.89,0.132,9.35,52.0
20250103,2025-01-03,911.1,111.65,44.24,31.85,0.14,9.98,52.0
20250104,2025-01-04,1072.16,129.66,43.72,31.48,0.144,9.85,52.0
20250105,2025-01-05,1039.99,130.65,43.92,31.62,0.116,9.83,52.0
20250106,2025-01-06,636.69,77.72,43.57,31.37,0.119,9.74,52.0
20250107,2025-01-07,637.24,81.26,44.27,31.87,0.146,10.2,52.0
20250108,2025-01-08,622.82,74.21,44.3,31.9,0.133,10.03,52.0
20250109,2025-01-09,643.13,76.43,43.37,31.23,0.176,9.82,52.0
20250110,2025-01-10,744.23,91.74,43.46,31.29,0.114,9.82,52.0
20250111,2025-01-11,828.51,107.48,43.54,31.35,0.163,9.93,52.0
20250112,2025-01-12,858.47,110.29,44.51,32.05,0.151,9.73,52.0
20250113,2025-01-13,658.26,79.41,43.27,31.15,0.129,9.67,52.0
20250114,2025-01-14,652.55,78.58,43.98,31.67,0.152,9.7,52.0
20250115,2025-01-15,658.63,80.0,44.26,31.87,0.13,9.89,52.0
20250116,2025-01-16,635.82,79.98,43.87,31.59,0.151,9.62,52.0
20250117,2025-01-17,695.18,82.97,43.45,31.28,0.159,9.82,52.0
20250118,2025-01-18,862.86,110.55,44.28,31.88,0.148,10.19,52.0
20250119,2025-01-19,854.87,104.16,43.91,31.62,0.178,10.2,52.0
20250120,2025-01-20,653.33,85.24,44.3,31.9,0.141,10.09,52.0
20250121,2025-01-21,666.25,81.18,44.74,32.21,0.161,9.65,52.0
20250122,2025-01-22,627.23,79.19,44.32,31.91,0.133,9.81,52.0
20250123,2025-01-23,628.3,76.45,43.35,31.21,0.122,9.96,52.0
20250124,2025-01-24,728.52,89.26,44.23,31.85,0.15,9.71,52.0
20250125,2025-01-25,815.06,98.21,43.12,31.05,0.14,9.79,52.0
20250126,2025-01-26,818.76,97.63,43.93,31.63,0.119,9.55,52.0
20250127,2025-01-27,625.91,75.35,44.2,31.82,0.117,9.76,52.0
20250128,2025-01-28,623.79,76.49,44.7,32.18,0.132,9.6,52.0
20250129,2025-01-29,638.21,78.36,44.58,32.1,0.125,9.51,52.0
20250130,2025-01-30,631.48,78.43,43.77,31.51,0.153,9.82,52.0
20250131,2025-01-31,716.87,89.15,43.88,31.59,0.145,9.84,52.0
20250201,2025-02-01,818.35,102.31,43.86,31.58,0.158,10.05,52.0
20250202,2025-02-02,841.95,101.29,44.87,32.31,0.13,9.83,52.0
20250203,2025-02-03,634.62,76.33,44.37,31.95,0.13,9.85,52.0
20250204,2025-02-04,633.54,80.87,44.13,31.77,0.111,9.96,52.0
20250205,2025-02-05,653.24,80.89,43.3,31.18,0.11,10.17,52.0
20250206,2025-02-06,656.38,82.54,43.47,31.3,0.13,9.99,52.0
20250207,2025-02-07,691.57,87.5,43.58,31.38,0.157,9.73,52.0
20250208,2025-02-08,854.68,102.48,44.31,31.9,0.155,9.82,52.0
20250209,2025-02-09,829.74,100.93,43.38,31.23,0.146,10.07,52.0
20250210,2025-02-10,645.54,80.54,44.36,31.94,0.133,9.98,52.0
20250211,2025-02-11,652.96,83.5,44.69,32.18,0.11,9.71,52.0
20250212,2025-02-12,665.88,81.81,44.2,31.82,0.149,9.83,52.0
20250213,2025-02-13,656.03,78.72,43.91,31.62,0.142,9.87,52.0
20250214,2025-02-14,700.06,91.04,43.64,31.42,0.122,10.04,52.0
20250215,2025-02-15,879.36,108.49,44.16,31.8,0.131,9.86,52.0
20250216,2025-02-16,824.01,105.2,44.07,31.73,0.12,9.78,52.0
20250217,2025-02-17,651.44,79.21,43.78,31.52,0.161,9.92,52.0
20250218,2025-02-18,643.09,83.14,44.25,31.86,0.129,10.19,52.0
20250219,2025-02-19,660.77,80.59,43.96,31.65,0.144,9.77,52.0
20250220,2025-02-20,642.99,79.73,44.07,31.73,0.146,9.64,52.0
20250221,2025-02-21,705.22,86.96,43.83,31.56,0.144,9.9,52.0
20250222,2025-02-22,845.79,100.6,44.2,31.82,0.175,10.21,52.0
20250223,2025-02-23,817.75,101.45,43.99,31.67,0.181,9.84,52.0
20250224,2025-02-24,639.76,79.87,43.47,31.3,0.105,9.77,52.0
20250225,2025-02-25,659.4,83.73,42.93,30.91,0.119,10.19,52.0
20250226,2025-02-26,657.72,80.71,44.19,31.82,0.112,10.05,52.0
20250227,2025-02-27,648.36,83.06,44.67,32.16,0.113,10.09,52.0
20250228,2025-02-28,722.23,86.67,43.55,31.36,0.156,9.88,52.0
20250301,2025-03-01,861.57,110.63,44.17,31.8,0.098,9.84,52.0
20250302,2025-03-02,852.84,106.4,43.14,31.06,0.145,9.91,52.0
20250303,2025-03-03,650.55,84.97,44.97,32.38,0.132,10.04,52.0
20250304,2025-03-04,638.8,81.02,44.5,32.04,0.145,10.15,52.0
20250305,2025-03-05,637.85,79.13,44.69,32.18,0.143,10.24,52.0
20250306,2025-03-06,657.16,81.77,43.5,31.32,0.164,10.05,52.0
20250307,2025-03-07,721.45,91.05,43.04,30.99,0.148,9.83,52.0
20250308,2025-03-08,882.36,105.25,44.12,31.77,0.104,10.0,52.0
20250309,2025-03-09,883.71,104.96,44.33,31.92,0.19,9.88,52.0
20250310,2025-03-10,652.25,85.58,44.69,32.18,0.134,9.17,52.0
20250311,2025-03-11,631.97,76.97,44.43,31.99,0.187,10.03,52.0
20250312,2025-03-12,623.42,76.57,43.5,31.32,0.154,9.74,52.0
20250313,2025-03-13,657.26,83.83,43.64,31.42,0.123,9.84,52.0
20250314,2025-03-14,723.41,94.35,43.85,31.57,0.14,9.58,52.0
20250315,2025-03-15,875.43,108.38,44.51,32.05,0.123,9.8,52.0
20250316,2025-03-16,856.88,109.43,43.74,31.49,0.148,9.8,52.0
20250317,2025-03-17,665.8,86.5,44.0,31.68,0.114,10.12,52.0
20250318,2025-03-18,639.16,81.94,44.36,31.94,0.124,9.84,52.0
20250319,2025-03-19,650.42,79.06,43.31,31.18,0.126,10.11,52.0
20250320,2025-03-20,666.54,86.42,44.25,31.86,0.13,9.93,52.0
20250321,2025-03-21,696.64,91.39,43.7,31.46,0.128,9.96,52.0
20250322,2025-03-22,875.95,105.31,44.25,31.86,0.118,9.68,52.0
20250323,2025-03-23,848.68,107.11,44.37,31.95,0.158,9.98,52.0
20250324,2025-03-24,640.64,83.53,43.95,31.64,0.152,9.84,52.0
20250325,2025-03-25,665.15,82.27,44.17,31.8,0.129,9.76,52.0
20250326,2025-03-26,634.25,75.89,44.44,32.0,0.15,10.01,52.0
20250327,2025-03-27,635.59,81.55,43.49,31.31,0.16,10.05,52.0
20250328,2025-03-28,729.49,86.69,44.09,31.74,0.161,9.85,52.0
20250329,2025-03-29,874.2,103.96,44.05,31.72,0.146,9.88,52.0
20250330,2025-03-30,828.28,104.25,43.99,31.67,0.17,10.11,52.0
20250331,2025-03-31,619.56,78.82,43.47,31.3,0.166,10.19,52.0
20250401,2025-04-01,650.38,81.85,44.12,31.77,0.157,10.07,52.0
20250402,2025-04-02,625.86,81.17,43.33,31.2,0.122,10.08,52.0
20250403,2025-04-03,647.58,79.51,44.84,32.28,0.111,10.15,52.0
20250404,2025-04-04,711.55,90.38,44.29,31.89,0.104,9.83,52.0
20250405,2025-04-05,860.54,110.25,43.71,31.47,0.139,9.74,52.0
20250406,2025-04-06,835.69,101.47,43.49,31.31,0.147,10.03,52.0
20250407,2025-04-07,623.2,79.43,43.86,31.58,0.153,9.86,52.0
20250408,2025-04-08,660.39,80.61,44.5,32.04,0.12,10.29,52.0
20250409,2025-04-09,657.29,82.97,44.11,31.76,0.149,10.25,52.0
20250410,2025-04-10,671.28,87.26,43.63,31.41,0.13,10.07,52.0
20250411,2025-04-11,708.85,86.74,43.59,31.38,0.153,9.56,52.0
20250412,2025-04-12,856.75,104.73,44.17,31.8,0.164,9.46,52.0
20250413,2025-04-13,875.88,107.44,44.66,32.16,0.117,9.79,52.0
20250414,2025-04-14,640.36,77.8,43.34,31.2,0.113,9.73,52.0
20250415,2025-04-15,644.45,77.52,44.02,31.69,0.124,9.98,52.0
20250416,2025-04-16,661.16,84.52,43.44,31.28,0.156,9.76,52.0
20250417,2025-04-17,659.59,81.63,43.24,31.13,0.14,9.81,52.0
20250418,2025-04-18,703.76,87.0,43.78,31.52,0.132,9.86,52.0
20250419,2025-04-19,836.47,99.48,43.55,31.36,0.165,10.13,52.0
20250420,2025-04-20,825.0,98.36,44.12,31.77,0.14,9.77,52.0
20250421,2025-04-21,654.53,79.06,44.5,32.04,0.176,10.02,52.0
20250422,2025-04-22,628.13,78.85,44.04,31.71,0.15,10.13,52.0
20250423,2025-04-23,632.39,75.5,42.7,30.74,0.159,9.87,52.0
20250424,2025-04-24,637.1,78.42,44.27,31.87,0.138,9.78,52.0
20250425,2025-04-25,698.2,84.04,43.79,31.53,0.151,9.92,52.0
20250426,2025-04-26,876.65,111.26,44.05,31.72,0.169,9.79,52.0
20250427,2025-04-27,863.29,112.86,44.85,32.29,0.118,9.88,52.0
20250428,2025-04-28,638.84,79.06,43.67,31.44,0.125,10.11,52.0
20250429,2025-04-29,668.95,81.29,43.74,31.49,0.138,9.64,52.0
20250430,2025-04-30,661.3,85.96,43.95,31.64,0.141,9.8,52.0
20250501,2025-05-01,672.57,80.5,44.08,31.74,0.154,9.97,52.0
20250502,2025-05-02,708.81,89.2,43.12,31.05,0.14,9.7,52.0
20250503,2025-05-03,837.89,104.88,43.51,31.33,0.149,9.86,52.0
20250504,2025-05-04,829.79,105.28,43.25,31.14,0.112,9.88,52.0
20250505,2025-05-05,670.28,84.56,45.0,32.4,0.161,10.0,52.0
20250506,2025-05-06,669.36,79.49,43.75,31.5,0.14,10.18,52.0
20250507,2025-05-07,646.9,80.11,44.11,31.76,0.12,9.81,52.0
20250508,2025-05-08,638.54,76.08,43.23,31.13,0.11,9.89,52.0
20250509,2025-05-09,702.14,89.55,43.97,31.66,0.145,9.94,52.0
20250510,2025-05-10,823.45,100.22,43.68,31.45,0.152,9.48,52.0
20250511,2025-05-11,848.21,109.03,44.15,31.79,0.132,10.34,52.0
20250512,2025-05-12,626.64,74.47,44.18,31.81,0.183,9.72,52.0
20250513,2025-05-13,633.04,81.97,43.76,31.51,0.144,9.77,52.0
20250514,2025-05-14,622.93,75.55,43.32,31.19,0.124,9.91,52.0
20250515,2025-05-15,656.2,79.21,44.78,32.24,0.157,10.02,52.0
20250516,2025-05-16,703.68,89.07,45.0,32.4,0.146,9.97,52.0
20250517,2025-05-17,876.95,111.22,43.41,31.26,0.13,10.24,52.0
20250518,2025-05-18,867.62,104.84,43.4,31.25,0.151,9.87,52.0
20250519,2025-05-19,641.04,80.5,43.63,31.41,0.13,9.81,52.0
20250520,2025-05-20,636.99,78.49,43.59,31.38,0.131,9.65,52.0
20250521,2025-05-21,658.51,83.87,43.82,31.55,0.108,9.99,52.0
20250522,2025-05-22,655.75,78.79,44.23,31.85,0.132,9.73,52.0
20250523,2025-05-23,734.28,87.81,43.99,31.67,0.154,9.72,52.0
20250524,2025-05-24,839.33,102.53,44.27,31.87,0.116,9.67,52.0
20250525,2025-05-25,821.1,99.31,43.87,31.59,0.113,9.63,52.0
20250526,2025-05-26,632.69,81.53,44.52,32.05,0.115,9.84,52.0
20250527,2025-05-27,629.21,82.16,44.36,31.94,0.13,9.69,52.0
20250528,2025-05-28,630.13,75.06,44.38,31.95,0.131,9.97,52.0
20250529,2025-05-29,665.04,80.03,43.63,31.41,0.131,9.99,52.0
20250530,2025-05-30,717.23,91.37,45.0,32.4,0.189,9.56,52.0
20250531,2025-05-31,838.17,104.48,43.11,31.04,0.145,9.83,52.0
20250601,2025-06-01,836.5,104.07,44.8,32.26,0.157,9.94,52.0
20250602,2025-06-02,644.32,79.8,43.9,31.61,0.145,9.85,52.0
20250603,2025-06-03,646.75,82.51,44.45,32.0,0.14,9.99,52.0
20250604,2025-06-04,627.14,80.86,43.82,31.55,0.125,9.95,52.0
20250605,2025-06-05,637.55,75.9,43.78,31.52,0.15,10.27,52.0
20250606,2025-06-06,734.0,94.14,44.13,31.77,0.109,10.05,52.0
20250607,2025-06-07,828.08,106.88,43.99,31.67,0.185,9.95,52.0
20250608,2025-06-08,853.73,107.38,44.1,31.75,0.151,9.66,52.0
20250609,2025-06-09,674.83,82.59,44.65,32.15,0.128,9.71,52.0
20250610,2025-06-10,672.13,86.65,44.36,31.94,0.146,9.61,52.0
20250611,2025-06-11,672.77,83.84,43.45,31.28,0.145,9.58,52.0
20250612,2025-06-12,645.28,80.41,43.35,31.21,0.107,10.38,52.0
20250613,2025-06-13,700.83,89.89,43.45,31.28,0.144,9.69,52.0
20250614,2025-06-14,888.57,115.57,44.1,31.75,0.154,9.91,52.0
20250615,2025-06-15,833.06,100.29,44.18,31.81,0.107,9.99,52.0
20250616,2025-06-16,635.86,78.44,44.77,32.23,0.15,10.01,52.0
20250617,2025-06-17,634.36,77.81,43.81,31.54,0.121,10.05,52.0
20250618,2025-06-18,671.81,80.88,43.52,31.33,0.165,9.72,52.0
20250619,2025-06-19,632.62,79.39,43.81,31.54,0.115,9.74,52.0
20250620,2025-06-20,701.46,85.84,43.72,31.48,0.109,10.04,52.0
20250621,2025-06-21,860.92,104.78,44.66,32.16,0.128,10.11,52.0
20250622,2025-06-22,859.36,104.18,43.9,31.61,0.157,10.03,52.0
20250623,2025-06-23,670.37,81.08,43.64,31.42,0.136,9.77,52.0
20250624,2025-06-24,636.07,77.02,44.55,32.08,0.08,9.82,52.0
20250625,2025-06-25,631.8,77.65,44.08,31.74,0.156,10.02,52.0
20250626,2025-06-26,646.22,79.52,44.96,32.37,0.138,9.8,52.0
20250627,2025-06-27,742.85,94.14,44.65,32.15,0.141,10.12,52.0
20250628,2025-06-28,848.76,100.93,44.03,31.7,0.122,10.0,52.0
20250629,2025-06-29,850.83,105.49,45.0,32.4,0.165,9.73,52.0
20250630,2025-06-30,662.69,81.48,43.97,31.66,0.12,9.87,52.0
20250701,2025-07-01,670.48,85.5,44.58,32.1,0.097,9.9,52.0
20250702,2025-07-02,624.61,77.59,44.16,31.8,0.098,9.92,52.0
20250703,2025-07-03,626.59,74.79,44.09,31.74,0.143,9.7,52.0
20250704,2025-07-04,741.48,89.05,44.32,31.91,0.103,10.21,52.0
20250705,2025-07-05,853.69,111.75,43.7,31.46,0.162,9.79,52.0
20250706,2025-07-06,836.43,103.85,43.91,31.62,0.132,9.99,52.0
20250707,2025-07-07,675.9,81.28,43.72,31.48,0.147,9.81,52.0
20250708,2025-07-08,643.82,78.72,43.08,31.02,0.15,9.77,52.0
20250709,2025-07-09,657.62,80.23,43.53,31.34,0.142,9.66,52.0
20250710,2025-07-10,631.33,79.28,44.36,31.94,0.153,10.11,52.0
20250711,2025-07-11,701.41,83.8,44.37,31.95,0.147,10.04,52.0
20250712,2025-07-12,838.69,103.38,44.01,31.69,0.118,9.73,52.0
20250713,2025-07-13,862.69,106.04,44.31,31.9,0.145,9.77,52.0
20250714,2025-07-14,649.12,81.43,43.43,31.27,0.17,9.73,52.0
20250715,2025-07-15,644.25,83.94,44.21,31.83,0.153,9.87,52.0
20250716,2025-07-16,639.23,77.83,43.74,31.49,0.144,9.71,52.0
20250717,2025-07-17,672.47,81.18,44.79,32.25,0.155,9.79,52.0
20250718,2025-07-18,757.29,93.23,43.09,31.02,0.153,10.44,52.0
20250719,2025-07-19,825.89,104.7,44.39,31.96,0.131,10.38,52.0
20250720,2025-07-20,879.23,106.09,43.87,31.59,0.136,9.81,52.0
20250721,2025-07-21,646.39,79.98,43.6,31.39,0.15,9.8,52.0
20250722,2025-07-22,628.53,77.61,44.62,32.13,0.132,9.84,52.0
20250723,2025-07-23,653.45,80.64,44.47,32.02,0.139,10.18,52.0
20250724,2025-07-24,637.45,76.18,43.51,31.33,0.16,9.66,52.0
20250725,2025-07-25,732.37,93.25,44.31,31.9,0.11,9.88,52.0
20250726,2025-07-26,865.87,105.53,44.75,32.22,0.157,10.14,52.0
20250727,2025-07-27,879.18,107.78,44.54,32.07,0.129,9.9,52.0
20250728,2025-07-28,639.02,75.94,43.26,31.15,0.16,9.75,52.0
20250729,2025-07-29,661.42,82.66,44.54,32.07,0.165,10.14,52.0
20250730,2025-07-30,670.91,85.01,44.47,32.02,0.138,9.49,52.0
20250731,2025-07-31,639.3,77.86,43.53,31.34,0.127,9.78,52.0
20250801,2025-08-01,743.65,90.24,43.18,31.09,0.102,9.99,52.0
20250802,2025-08-02,881.81,110.04,44.39,31.96,0.114,10.0,52.0
20250803,2025-08-03,826.56,105.93,44.12,31.77,0.157,9.79,52.0
20250804,2025-08-04,658.84,80.41,43.66,31.44,0.138,9.8,52.0
20250805,2025-08-05,645.35,78.9,44.9,32.33,0.171,10.09,52.0
20250806,2025-08-06,673.9,87.58,44.36,31.94,0.182,10.14,52.0
20250807,2025-08-07,635.38,81.9,44.26,31.87,0.134,9.84,52.0
20250808,2025-08-08,722.05,92.03,44.38,31.95,0.154,9.76,52.0
20250809,2025-08-09,837.8,102.1,43.96,31.65,0.126,10.14,52.0
20250810,2025-08-10,834.56,106.94,44.26,31.87,0.151,9.88,52.0
20250811,2025-08-11,636.61,76.88,43.39,31.24,0.164,9.78,52.0
20250812,2025-08-12,636.26,79.76,43.32,31.19,0.132,9.78,52.0
20250813,2025-08-13,664.08,83.47,44.0,31.68,0.099,10.22,52.0
20250814,2025-08-14,662.46,83.92,44.03,31.7,0.133,9.91,52.0
20250815,2025-08-15,736.23,90.69,43.83,31.56,0.136,9.72,52.0
20250816,2025-08-16,835.24,104.67,44.12,31.77,0.17,10.13,52.0
20250817,2025-08-17,890.57,112.88,43.97,31.66,0.129,9.64,52.0
20250818,2025-08-18,662.93,85.73,44.23,31.85,0.132,10.2,52.0
20250819,2025-08-19,633.97,79.44,44.33,31.92,0.114,9.93,52.0
20250820,2025-08-20,655.62,80.17,43.62,31.41,0.153,10.01,52.0
20250821,2025-08-21,675.35,83.19,43.97,31.66,0.15,9.82,52.0
20250822,2025-08-22,758.91,93.32,44.96,32.37,0.14,9.82,52.0
20250823,2025-08-23,862.69,106.41,44.56,32.08,0.147,9.96,52.0
20250824,2025-08-24,830.43,100.03,44.69,32.18,0.165,9.84,52.0
20250825,2025-08-25,653.01,85.14,44.22,31.84,0.149,10.1,52.0
20250826,2025-08-26,667.06,79.8,43.9,31.61,0.161,9.91,52.0
20250827,2025-08-27,661.92,85.83,43.97,31.66,0.146,9.96,52.0
20250828,2025-08-28,670.94,84.39,44.2,31.82,0.154,9.97,52.0
20250829,2025-08-29,757.34,90.12,44.86,32.3,0.178,9.65,52.0
20250830,2025-08-30,882.83,107.36,43.76,31.51,0.14,9.97,52.0
20250831,2025-08-31,887.35,112.33,43.78,31.52,0.106,9.8,52.0
20250901,2025-09-01,641.47,81.0,44.8,32.26,0.142,10.0,52.0
20250902,2025-09-02,634.15,82.4,44.09,31.74,0.136,9.75,52.0
20250903,2025-09-03,670.55,86.06,44.18,31.81,0.11,10.04,52.0
20250904,2025-09-04,627.78,77.6,44.48,32.03,0.124,10.21,52.0
20250905,2025-09-05,731.23,94.08,43.71,31.47,0.134,10.05,52.0
20250906,2025-09-06,841.76,106.48,43.29,31.17,0.125,9.66,52.0
20250907,2025-09-07,850.59,102.93,44.53,32.06,0.137,9.61,52.0
20250908,2025-09-08,636.33,81.23,43.72,31.48,0.158,10.18,52.0
20250909,2025-09-09,658.6,80.53,43.94,31.64,0.129,10.0,52.0
20250910,2025-09-10,635.61,77.78,44.12,31.77,0.161,9.64,52.0
20250911,2025-09-11,641.05,81.69,42.95,30.92,0.149,10.04,52.0
20250912,2025-09-12,717.77,89.97,44.76,32.23,0.148,9.85,52.0
20250913,2025-09-13,881.68,108.51,44.02,31.69,0.151,9.89,52.0
20250914,2025-09-14,876.95,114.88,43.89,31.6,0.152,9.88,52.0
20250915,2025-09-15,630.12,76.89,43.74,31.49,0.11,10.12,52.0
20250916,2025-09-16,634.21,79.67,44.66,32.16,0.137,10.06,52.0
20250917,2025-09-17,678.99,85.46,44.21,31.83,0.144,9.67,52.0
20250918,2025-09-18,666.41,82.67,43.41,31.26,0.098,9.86,52.0
20250919,2025-09-19,715.15,93.62,43.85,31.57,0.127,10.16,52.0
20250920,2025-09-20,843.76,104.84,43.08,31.02,0.149,10.15,52.0
20250921,2025-09-21,890.72,115.02,43.07,31.01,0.151,9.98,52.0
20250922,2025-09-22,678.33,83.47,44.41,31.98,0.166,10.11,52.0
20250923,2025-09-23,670.22,84.8,44.23,31.85,0.109,10.18,52.0
20250924,2025-09-24,639.23,77.85,43.29,31.17,0.153,9.79,52.0
20250925,2025-09-25,657.99,85.25,44.29,31.89,0.127,9.86,52.0
20250926,2025-09-26,719.7,87.34,43.35,31.21,0.149,9.85,52.0
20250927,2025-09-27,858.07,107.65,44.19,31.82,0.126,9.6,52.0
20250928,2025-09-28,881.29,112.17,43.78,31.52,0.126,9.98,52.0
20250929,2025-09-29,669.14,84.34,44.57,32.09,0.162,9.99,52.0
20250930,2025-09-30,633.88,82.03,45.0,32.4,0.123,10.12,52.0
20251001,2025-10-01,632.36,76.35,44.09,31.74,0.132,9.74,52.0
20251002,2025-10-02,671.47,84.47,43.02,30.97,0.135,10.25,52.0
20251003,2025-10-03,727.15,93.18,43.26,31.15,0.151,9.79,52.0
20251004,2025-10-04,859.99,108.98,43.16,31.08,0.159,9.65,52.0
20251005,2025-10-05,847.61,109.85,44.15,31.79,0.12,9.92,52.0
20251006,2025-10-06,636.4,80.43,43.94,31.64,0.128,9.83,52.0
20251007,2025-10-07,646.12,79.71,44.04,31.71,0.146,10.01,52.0
20251008,2025-10-08,678.08,83.58,44.63,32.13,0.165,9.9,52.0
20251009,2025-10-09,667.0,81.68,43.98,31.67,0.15,10.15,52.0
20251010,2025-10-10,746.06,90.69,44.46,32.01,0.162,9.81,52.0
20251011,2025-10-11,890.05,107.26,44.76,32.23,0.119,10.2,52.0
20251012,2025-10-12,838.38,109.25,43.31,31.18,0.133,9.9,52.0
20251013,2025-10-13,659.36,85.09,44.25,31.86,0.14,9.91,52.0
20251014,2025-10-14,638.6,83.77,44.17,31.8,0.132,9.72,52.0
20251015,2025-10-15,667.23,85.32,43.78,31.52,0.112,10.26,52.0
20251016,2025-10-16,660.45,81.7,43.75,31.5,0.124,9.95,52.0
20251017,2025-10-17,730.86,95.71,43.83,31.56,0.125,9.95,52.0
20251018,2025-10-18,867.68,107.54,44.56,32.08,0.114,10.0,52.0
20251019,2025-10-19,882.88,113.84,43.36,31.22,0.136,10.17,52.0
20251020,2025-10-20,662.42,82.67,44.71,32.19,0.137,10.14,52.0
20251021,2025-10-21,643.3,82.63,44.19,31.82,0.134,10.2,52.0
20251022,2025-10-22,635.04,77.93,43.35,31.21,0.164,9.85,52.0
20251023,2025-10-23,637.21,82.46,43.45,31.28,0.128,9.86,52.0
20251024,2025-10-24,757.61,93.44,44.48,32.03,0.136,9.88,52.0
20251025,2025-10-25,898.02,112.9,44.23,31.85,0.134,9.96,52.0
20251026,2025-10-26,897.67,115.89,44.18,31.81,0.121,10.04,52.0
20251027,2025-10-27,634.88,82.38,44.33,31.92,0.174,10.18,52.0
20251028,2025-10-28,655.42,80.92,43.39,31.24,0.164,9.66,52.0
20251029,2025-10-29,673.22,82.11,44.58,32.1,0.167,9.76,52.0
20251030,2025-10-30,672.49,87.93,44.23,31.85,0.148,9.69,52.0
20251031,2025-10-31,737.76,93.67,44.43,31.99,0.138,10.05,52.0
20251101,2025-11-01,887.0,111.92,44.24,31.85,0.129,9.73,52.0
20251102,2025-11-02,897.54,106.93,44.15,31.79,0.125,9.69,52.0
20251103,2025-11-03,631.39,79.81,43.99,31.67,0.156,9.94,52.0
20251104,2025-11-04,654.66,79.78,43.84,31.56,0.143,9.94,52.0
20251105,2025-11-05,678.64,88.17,43.55,31.36,0.147,10.14,52.0
20251106,2025-11-06,633.78,76.39,43.66,31.44,0.124,9.82,52.0
20251107,2025-11-07,730.93,93.46,44.19,31.82,0.148,9.69,52.0
20251108,2025-11-08,835.17,100.99,45.0,32.4,0.151,10.15,52.0
20251109,2025-11-09,866.53,111.56,44.38,31.95,0.147,10.02,52.0
20251110,2025-11-10,635.21,79.06,44.17,31.8,0.135,9.4,52.0
20251111,2025-11-11,669.04,84.79,43.91,31.62,0.127,9.99,52.0
20251112,2025-11-12,643.48,82.7,43.34,31.2,0.127,10.22,52.0
20251113,2025-11-13,659.48,81.08,44.11,31.76,0.152,9.67,52.0
20251114,2025-11-14,742.59,90.98,43.98,31.67,0.116,9.67,52.0
20251115,2025-11-15,840.81,99.98,43.7,31.46,0.145,9.87,52.0
20251116,2025-11-16,894.43,107.51,44.98,32.39,0.104,9.73,52.0
20251117,2025-11-17,680.31,84.34,44.79,32.25,0.115,9.89,52.0
20251118,2025-11-18,640.44,82.51,44.12,31.77,0.123,9.8,52.0
20251119,2025-11-19,632.1,75.96,43.98,31.67,0.137,10.21,52.0
20251120,2025-11-20,808.73,100.56,44.28,31.88,0.15,10.14,52.0
20251121,2025-11-21,897.06,114.04,44.51,32.05,0.143,9.85,52.0
20251122,2025-11-22,1066.73,136.9,43.11,31.04,0.128,9.64,52.0
20251123,2025-11-23,1112.71,140.94,43.91,31.62,0.161,9.6,52.0
20251124,2025-11-24,829.58,104.59,44.11,31.76,0.138,9.46,52.0
20251125,2025-11-25,799.09,100.11,43.61,31.4,0.134,10.03,52.0
20251126,2025-11-26,806.85,100.4,44.25,31.86,0.179,9.58,52.0
20251127,2025-11-27,819.23,102.37,43.63,31.41,0.127,9.95,52.0
20251128,2025-11-28,906.59,108.19,43.83,31.56,0.162,9.98,52.0
20251129,2025-11-29,1051.37,137.48,42.78,30.8,0.149,9.93,52.0
20251130,2025-11-30,1079.76,136.61,43.69,31.46,0.133,10.25,52.0
20251201,2025-12-01,852.2,101.27,43.02,30.97,0.115,9.93,52.0
20251202,2025-12-02,798.68,99.1,44.44,32.0,0.122,9.91,52.0
20251203,2025-12-03,833.61,99.96,44.3,31.9,0.138,9.84,52.0
20251204,2025-12-04,799.36,104.22,44.62,32.13,0.121,10.01,52.0
20251205,2025-12-05,906.83,108.1,43.14,31.06,0.121,9.76,52.0
20251206,2025-12-06,1072.2,128.14,43.64,31.42,0.132,10.06,52.0
20251207,2025-12-07,1044.41,132.11,44.56,32.08,0.142,9.83,52.0
20251208,2025-12-08,812.21,100.74,44.02,31.69,0.134,9.96,52.0
20251209,2025-12-09,817.16,98.24,43.56,31.36,0.133,10.11,52.0
20251210,2025-12-10,812.31,106.29,44.1,31.75,0.14,9.83,52.0
20251211,2025-12-11,810.29,105.7,43.57,31.37,0.149,9.82,52.0
20251212,2025-12-12,920.9,110.31,43.96,31.65,0.105,9.88,52.0
20251213,2025-12-13,1064.75,136.13,44.05,31.72,0.122,10.06,52.0
20251214,2025-12-14,1109.73,136.69,43.2,31.1,0.148,9.72,52.0
20251215,2025-12-15,820.2,107.33,44.29,31.89,0.12,9.79,52.0
20251216,2025-12-16,818.9,97.59,43.73,31.49,0.125,9.94,52.0
20251217,2025-12-17,806.45,101.84,44.18,31.81,0.139,9.9,52.0
20251218,2025-12-18,800.61,100.12,43.23,31.13,0.146,10.01,52.0
20251219,2025-12-19,936.3,115.01,43.49,31.31,0.128,10.02,52.0
20251220,2025-12-20,1116.76,134.46,44.19,31.82,0.129,9.68,52.0
20251221,2025-12-21,1064.89,127.82,43.56,31.36,0.126,9.74,52.0
20251222,2025-12-22,799.57,95.4,43.73,31.49,0.118,10.16,52.0
20251223,2025-12-23,790.58,95.98,43.65,31.43,0.135,10.13,52.0
20251224,2025-12-24,802.32,103.49,44.08,31.74,0.124,9.68,52.0
20251225,2025-12-25,809.82,104.42,43.85,31.57,0.16,9.88,52.0
20251226,2025-12-26,940.37,112.91,44.07,31.73,0.13,9.82,52.0
20251227,2025-12-27,1110.63,144.88,44.24,31.85,0.18,9.94,52.0
20251228,2025-12-28,1080.75,137.95,44.72,32.2,0.14,10.1,52.0
20251229,2025-12-29,831.58,104.79,44.03,31.7,0.133,10.01,52.0
20251230,2025-12-30,801.48,100.74,44.2,31.82,0.131,10.37,52.0
20251231,2025-12-31,824.96,102.25,44.08,31.74,0.137,9.86,52.0
